architecture,initial_state,time,system_excited_population,system_purity,drive_power
direct,ground,0.0,0.0,1.0,0.0
direct,ground,0.07142857142857142,0.0041655646461428,0.9917035745653571,0.0
direct,ground,0.14285714285714285,0.008307393916992423,0.9835232377533993,0.0
direct,ground,0.21428571428571427,0.01242562282211312,0.9754575465608086,0.0
direct,ground,0.2857142857142857,0.016520385457907114,0.9675050753555414,0.0
direct,ground,0.3571428571428571,0.020591816017867453,0.9596644137380927,0.0
direct,ground,0.42857142857142855,0.024640048220335733,0.9519341675119297,0.0
direct,ground,0.5,0.028665212627624625,0.9443129635747245,0.0
direct,ground,0.5714285714285714,0.032667441025736176,0.9367994413548678,0.0
direct,ground,0.6428571428571428,0.036646865601495056,0.929392254313838,0.0
direct,ground,0.7142857142857142,0.04060361656772193,0.9220900742213135,0.0
direct,ground,0.7857142857142857,0.04453782203732879,0.9148915911090001,0.0
direct,ground,0.8571428571428571,0.04844961049223666,0.9077955085292259,0.0
direct,ground,0.9285714285714285,0.05233910967299367,0.900800545456736,0.0
direct,ground,1.0,0.056206446578775084,0.8939054361164755,0.0
direct,ground,1.0714285714285714,0.060051747467383246,0.8871089298130064,0.0
direct,ground,1.1428571428571428,0.0638751378759966,0.8804097907253621,0.0
direct,ground,1.2142857142857142,0.06767674274027442,0.8738067975353179,0.0
direct,ground,1.2857142857142856,0.07145668620683662,0.8672987435936514,0.0
direct,ground,1.357142857142857,0.07521509167686917,0.8608844366781814,0.0
direct,ground,1.4285714285714284,0.07895208182470838,0.8545626987994943,0.0
direct,ground,1.5,0.08266777859784091,0.8483323660409217,0.0
direct,ground,1.5714285714285714,0.08636230321690376,0.8421922884000496,0.0
direct,ground,1.6428571428571428,0.09003577644665377,0.8361413291873963,0.0
direct,ground,1.7142857142857142,0.0936883185039498,0.8301783650402956,0.0
direct,ground,1.7857142857142856,0.09732004870208011,0.8243022863545905,0.0
direct,ground,1.857142857142857,0.10093108566160663,0.8185119967824479,0.0
direct,ground,1.9285714285714284,0.10452154731041687,0.812806413083494,0.0
direct,ground,2.0,0.1080915508837237,0.80718446497745,0.0
direct,ground,2.071428571428571,0.11164121292406545,0.8016450949981824,0.0
direct,ground,2.142857142857143,0.11517064928130599,0.7961872583491433,0.0
direct,ground,2.214285714285714,0.11867997511263452,0.7908099227602023,0.0
direct,ground,2.2857142857142856,0.12216930488256579,0.7855120683458472,0.0
direct,ground,2.357142857142857,0.12563875236293995,0.7802926874647526,0.0
direct,ground,2.4285714285714284,0.1290884306329226,0.7751507845806966,0.0
direct,ground,2.5,0.13251845207900484,0.7700853761248215,0.0
direct,ground,2.571428571428571,0.13592892905896348,0.7650954893923068,0.0
direct,ground,2.642857142857143,0.1393199737503957,0.7601801626708307,0.0
direct,ground,2.714285714285714,0.14269169689534666,0.7553384469350538,0.0
direct,ground,2.7857142857142856,0.14604420857207998,0.7505694045707305,0.0
direct,ground,2.8571428571428568,0.14937761820096693,0.745872109236854,0.0
direct,ground,2.9285714285714284,0.1526920345444865,0.7412456457376964,0.0
direct,ground,3.0,0.1559875657072253,0.7366891098960813,0.0
direct,ground,3.071428571428571,0.1592643191358777,0.732201608427874,0.0
direct,ground,3.142857142857143,0.16252240161924575,0.7277822588176834,0.0
direct,ground,3.214285714285714,0.1657619192882391,0.7234301891957633,0.0
direct,ground,3.2857142857142856,0.1689829776158752,0.7191445382161046,0.0
direct,ground,3.3571428571428568,0.17218568141727905,0.7149244549357074,0.0
direct,ground,3.4285714285714284,0.17537013484968347,0.7107690986950255,0.0
direct,ground,3.5,0.17853644235258628,0.7066776377906644,0.0
direct,ground,3.571428571428571,0.18168470882499405,0.7026492491916577,0.0
direct,ground,3.642857142857143,0.1848150371232768,0.6986831216472029,0.0
direct,ground,3.714285714285714,0.18792752945662636,0.6947784537420898,0.0
direct,ground,3.7857142857142856,0.19102228742069677,0.6909344537414773,0.0
direct,ground,3.8571428571428568,0.1940994119976042,0.6871503394804233,0.0
direct,ground,3.9285714285714284,0.19715900355592708,0.6834253382544782,0.0
direct,ground,4.0,0.20020116185070597,0.6797586867113334,0.0
direct,ground,4.071428571428571,0.20322598602344358,0.6761496307435149,0.0
direct,ground,4.142857142857142,0.20623357460210487,0.6725974253821143,0.0
direct,ground,4.214285714285714,0.209224025501117,0.6691013346915503,0.0
direct,ground,4.285714285714286,0.21219743602136915,0.6656606316653481,0.0
direct,ground,4.357142857142857,0.21515390285021282,0.6622745981229321,0.0
direct,ground,4.428571428571428,0.21809352262411516,0.6589425239729608,0.0
direct,ground,4.5,0.22101639241174773,0.6556637066059122,0.0
direct,ground,4.571428571428571,0.22392260770139769,0.652437453076793,0.0
direct,ground,4.642857142857142,0.2268122633865287,0.6492630788719829,0.0
direct,ground,4.714285714285714,0.22968545381957578,0.6461399077534573,0.0
direct,ground,4.785714285714286,0.23254227281518616,0.6430672716617328,0.0
direct,ground,4.857142857142857,0.23538281365346006,0.6400445106199191,0.0
direct,ground,4.928571428571428,0.23820716908319176,0.6370709726388734,0.0
direct,ground,5.0,0.24101543132511052,0.6341460136234373,0.0
direct,ground,5.071428571428571,0.2438076920751212,0.6312689972797519,0.0
direct,ground,5.142857142857142,0.24658404250754545,0.628439295023635,0.0
direct,ground,5.214285714285714,0.24934457327836262,0.6256562858900124,0.0
direct,ground,5.285714285714286,0.2520893745284502,0.6229193564433901,0.0
direct,ground,5.357142857142857,0.25481853588682524,0.6202279006893601,0.0
direct,ground,5.428571428571428,0.25753214647388506,0.6175813199871232,0.0
direct,ground,5.5,0.26023029490464805,0.6149790229630241,0.0
direct,ground,5.571428571428571,0.2629130692919946,0.6124204254250851,0.0
direct,ground,5.642857142857142,0.2655805572499081,0.6099049502785273,0.0
direct,ground,5.7142857142857135,0.26823284589671575,0.6074320274422711,0.0
direct,ground,5.785714285714286,0.2708700218583295,0.6050010937664049,0.0
direct,ground,5.857142857142857,0.27349217127148673,0.6026115929506111,0.0
direct,ground,5.928571428571428,0.2760993797454694,0.6002629755007272,0.0
direct,ground,6.0,0.2786917322500225,0.5979546987489914,0.0
direct,ground,6.071428571428571,0.28126931340487477,0.5956862265167497,0.0
direct,ground,6.142857142857142,0.28383220736827025,0.5934570291425489,0.0
direct,ground,6.2142857142857135,0.2863804978209069,0.5912665834224871,0.0
direct,ground,6.285714285714286,0.2889142679690159,0.5891143725341129,0.0
direct,ground,6.357142857142857,0.2914336005474405,0.5869998859612093,0.0
direct,ground,6.428571428571428,0.2939385778227152,0.5849226194194503,0.0
direct,ground,6.5,0.2964292815961449,0.5828820747829233,0.0
direct,ground,6.571428571428571,0.29890579320688365,0.5808777600115054,0.0
direct,ground,6.642857142857142,0.30136819353501393,0.5789091890790874,0.0
direct,ground,6.7142857142857135,0.30381656300462556,0.5769758819026362,0.0
direct,ground,6.785714285714286,0.30625098158689507,0.5750773642720834,0.0
direct,ground,6.857142857142857,0.30867152880316406,0.5732131677810369,0.0
direct,ground,6.928571428571428,0.3110782837280191,0.5713828297583018,0.0
direct,ground,7.0,0.3134713249923702,0.5695858932002039,0.0
direct,ground,7.071428571428571,0.31585073078652987,0.5678219067037102,0.0
direct,ground,7.142857142857142,0.3182165788632925,0.5660904244003311,0.0
direct,ground,7.2142857142857135,0.3205689465410133,0.5643910058908035,0.0
direct,ground,7.285714285714286,0.322907910706687,0.5627232161805414,0.0
direct,ground,7.357142857142857,0.3252335478190274,0.5610866256158484,0.0
direct,ground,7.428571428571428,0.3275459338528972,0.5594808098613384,0.0
direct,ground,7.5,0.32984514387164837,0.55790535012812,0.0
direct,ground,7.571428571428571,0.3321312528299734,0.5563598325528686,0.0
direct,ground,7.642857142857142,0.334404335366862,0.5548438482905813,0.0
direct,ground,7.7142857142857135,0.3366644656980726,0.5533569935313922,0.0
direct,ground,7.785714285714286,0.33891171761888994,0.5518988694409923,0.0
direct,ground,7.857142857142857,0.34114616450688195,0.5504690821017493,0.0
direct,ground,7.928571428571428,0.34336787932465734,0.5490672424545102,0.0
direct,ground,8.0,0.34557693462262273,0.5476929662410914,0.0
direct,ground,8.071428571428571,0.3477734025417399,0.5463458739474383,0.0
direct,ground,8.142857142857142,0.34995735481628315,0.5450255907474535,0.0
direct,ground,8.214285714285714,0.3521288627765965,0.5437317464474851,0.0
direct,ground,8.285714285714285,0.35428799735185096,0.5424639754314684,0.0
direct,ground,8.357142857142856,0.3564348290728017,0.5412219166067113,0.0
direct,ground,8.428571428571429,0.3585694280745456,0.5400052133503221,0.0
direct,ground,8.5,0.36069186409927817,0.5388135134562679,0.0
direct,ground,8.571428571428571,0.3628022064990511,0.537646469083058,0.0
direct,ground,8.642857142857142,0.3649005242385292,0.5365037367020484,0.0
direct,ground,8.714285714285714,0.36698688589774814,0.5353849770463572,0.0
direct,ground,8.785714285714285,0.3690613596748713,0.5342898550603868,0.0
direct,ground,8.857142857142856,0.3711240133889471,0.5332180398499444,0.0
direct,ground,8.928571428571429,0.37317491446381523,0.5321692046425212,0.0
direct,ground,9.0,0.37521412949672595,0.5311430269545199,0.0
direct,ground,9.071428571428571,0.37724172489277824,0.5301391882146007,0.0
direct,ground,9.142857142857142,0.37925776685613033,0.5291573737291373,0.0
direct,ground,9.214285714285714,0.38126232121645537,0.5281972727258085,0.0
direct,ground,9.285714285714285,0.38325545343142925,0.5272585783070024,0.0
direct,ground,9.357142857142856,0.3852372285892189,0.5263409874037664,0.0
direct,ground,9.428571428571429,0.3872077114109699,0.5254442007303021,0.0
direct,ground,9.5,0.3891669662532945,0.5245679227389968,0.0
direct,ground,9.571428571428571,0.3911150571107599,0.5237118615759861,0.0
direct,ground,9.642857142857142,0.39305204761837587,0.5228757290372444,0.0
direct,ground,9.714285714285714,0.3949780010540828,0.5220592405251925,0.0
direct,ground,9.785714285714285,0.3968929803412399,0.5212621150058241,0.0
direct,ground,9.857142857142856,0.39879704805111266,0.5204840749663376,0.0
direct,ground,9.928571428571429,0.40069026640536143,0.5197248463732763,0.0
direct,ground,10.0,0.4025726972785288,0.5189841586311624,0.0
direct,ground,10.071428571428571,0.404444402200528,0.5182617445416289,0.0
direct,ground,10.142857142857142,0.4063054423591308,0.5175573402630365,0.0
direct,ground,10.214285714285714,0.40815587860245506,0.5168706852705739,0.0
direct,ground,10.285714285714285,0.4099957714414534,0.5162015223168384,0.0
direct,ground,10.357142857142856,0.4118251810524004,0.515549597392884,0.0
direct,ground,10.428571428571429,0.4136441672775945,0.5149146596903602,0.0
direct,ground,10.5,0.41545278916924466,0.5142964617185204,0.0
direct,ground,10.571428571428571,0.41725110545763455,0.5136947590959671,0.0
direct,ground,10.642857142857142,0.41903917485500275,0.5131093104163178,0.0
direct,ground,10.714285714285714,0.42081705574035433,0.5125398773232523,0.0
direct,ground,10.785714285714285,0.42258480616162386,0.5119862244740667,0.0
direct,ground,10.857142857142856,0.4243424838378381,0.5114481195036555,0.0
direct,ground,10.928571428571429,0.42609014616127916,0.5109253329889223,0.0
direct,ground,11.0,0.427827850199647,0.5104176384136093,0.0
direct,ground,11.071428571428571,0.42955565269822277,0.5099248121335469,0.0
direct,ground,11.142857142857142,0.43127361008203174,0.5094466333423133,0.0
direct,ground,11.214285714285714,0.4329817784580059,0.5089828840373036,0.0
direct,ground,11.285714285714285,0.43468021361714704,0.5085333489862032,0.0
direct,ground,11.357142857142856,0.43636897103668965,0.5080978156938594,0.0
direct,ground,11.428571428571427,0.43804810588226384,0.5076760743695505,0.0
direct,ground,11.5,0.4397176730100584,0.5072679178946446,0.0
direct,ground,11.571428571428571,0.44137772696898325,0.5068731417906462,0.0
direct,ground,11.642857142857142,0.44302832200283304,0.5064915441876258,0.0
direct,ground,11.714285714285714,0.44466951205244953,0.5061229257930281,0.0
direct,ground,11.785714285714285,0.44630135075788474,0.5057670898608555,0.0
direct,ground,11.857142857142856,0.4479238914605638,0.5054238421612224,0.0
direct,ground,11.928571428571427,0.4495371872054477,0.5050929909502762,0.0
direct,ground,12.0,0.4511412905437008,0.5047743469794702,0.0
direct,ground,12.071428571428571,0.45273625358586944,0.5044677234501986,0.0
direct,ground,12.142857142857142,0.45432212840681324,0.5041729359065674,0.0
direct,ground,12.214285714285714,0.45589896678947484,0.5038898022604719,0.0
direct,ground,12.285714285714285,0.45746682022423124,0.5036181427636759,0.0
direct,ground,12.357142857142856,0.459025739910857,0.5033577799797054,0.0
direct,ground,12.428571428571427,0.4605757767604881,0.5031085387560779,0.0
direct,ground,12.5,0.4621169813975844,0.502870246196862,0.0
direct,ground,12.571428571428571,0.46364940416189365,0.5026427316355708,0.0
direct,ground,12.642857142857142,0.46517309511041477,0.5024258266083765,0.0
direct,ground,12.714285714285714,0.46668810401936095,0.5022193648276498,0.0
direct,ground,12.785714285714285,0.46819448038612316,0.5020231821558174,0.0
direct,ground,12.857142857142856,0.46969227343123326,0.5018371165795342,0.0
direct,ground,12.928571428571427,0.471181532100328,0.5016610081841689,0.0
direct,ground,13.0,0.4726623050661112,0.5014946991285969,0.0
direct,ground,13.071428571428571,0.474134640730318,0.5013380336202994,0.0
direct,ground,13.142857142857142,0.4755985872256785,0.5011908578907658,0.0
direct,ground,13.214285714285714,0.4770541924178797,0.5010530201711915,0.0
direct,ground,13.285714285714285,0.4785015039075303,0.500924370668476,0.0
direct,ground,13.357142857142856,0.4799405690321231,0.5008047615415101,0.0
direct,ground,13.428571428571427,0.48137143486799894,0.5006940468777545,0.0
direct,ground,13.5,0.48279414805653587,0.5005920826822008,0.0
direct,ground,13.571428571428571,0.48420875462601565,0.5004987268609228,0.0
direct,ground,13.642857142857142,0.48561530073326153,0.500413839145989,0.0
direct,ground,13.714285714285714,0.48701383229741046,0.5003372811031996,0.0
direct,ground,13.785714285714285,0.4884043949768452,0.5002689161117061,0.0
direct,ground,13.857142857142856,0.48978703417088476,0.5002086093420534,0.0
direct,ground,13.928571428571427,0.49116179502147467,0.5001562277344849,0.0
direct,ground,14.0,0.49252872241487694,0.500111639977508,0.0
direct,ground,14.071428571428571,0.4938878609833602,0.5000747164867175,0.0
direct,ground,14.142857142857142,0.49523925510689015,0.5000453293838746,0.0
direct,ground,14.214285714285714,0.49658294891481974,0.5000233524762375,0.0
direct,ground,14.285714285714285,0.49791898628757914,0.5000086612361426,0.0
direct,ground,14.357142857142856,0.499247410858366,0.5000011327808324,0.0
direct,ground,14.428571428571427,0.5005682660148357,0.5000006458525272,0.0
direct,ground,14.5,0.5018815949007919,0.5000070807987415,0.0
direct,ground,14.571428571428571,0.5031874404178757,0.500020319552835,0.0
direct,ground,14.642857142857142,0.5044858452272569,0.5000402456148059,0.0
direct,ground,14.714285714285714,0.5057768517513239,0.5000667440323137,0.0
direct,ground,14.785714285714285,0.5070605021753735,0.500099701381937,0.0
direct,ground,14.857142857142856,0.5083368384493013,0.5001390057506596,0.0
direct,ground,14.928571428571427,0.5096059022892924,0.500184546717583,0.0
direct,ground,15.0,0.5108677351308303,0.5002362153337478,0.0
direct,ground,15.071428571428571,0.5121223779628131,0.5002939040949467,0.0
direct,ground,15.142857142857142,0.5133698717203149,0.5003575069396354,0.0
direct,ground,15.214285714285714,0.5146102571382898,0.500426919227294,0.0
direct,ground,15.285714285714285,0.5158435747218917,0.5005020377199364,0.0
direct,ground,15.357142857142856,0.5170698647480317,0.5005827605650323,0.0
direct,ground,15.428571428571427,0.5182891672669366,0.5006689872786361,0.0
direct,ground,15.5,0.519501522103706,0.5007606187287228,0.0
direct,ground,15.571428571428571,0.5207069688598706,0.5008575571187274,0.0
direct,ground,15.642857142857142,0.5219055469149497,0.5009597059712863,0.0
direct,ground,15.714285714285714,0.5230972954280099,0.5010669701121776,0.0
direct,ground,15.785714285714285,0.5242822533392216,0.5011792556544603,0.0
direct,ground,15.857142857142856,0.5254604593714183,0.5012964699828073,0.0
direct,ground,15.928571428571427,0.5266319520316532,0.5014185217380327,0.0
direct,ground,16.0,0.5277967696127578,0.5015453208018095,0.0
direct,ground,16.07142857142857,0.5289549501948995,0.5016767782815783,0.0
direct,ground,16.142857142857142,0.5301065316471395,0.5018128064956405,0.0
direct,ground,16.21428571428571,0.5312515516289905,0.5019533189584389,0.0
direct,ground,16.285714285714285,0.5323900475919751,0.5020982303660207,0.0
direct,ground,16.357142857142858,0.5335220567811827,0.5022474565816817,0.0
direct,ground,16.428571428571427,0.5346476162368281,0.5024009146217892,0.0
direct,ground,16.5,0.5357667627535323,0.5025585226357349,0.0
direct,ground,16.57142857142857,0.5368795324912387,0.5027201998335447,0.0
direct,ground,16.642857142857142,0.5379859616648501,0.5028858665672069,0.0
direct,ground,16.71428571428571,0.5390860863934094,0.5030554442991062,0.0
direct,ground,16.785714285714285,0.5401799425904007,0.5032288555731357,0.0
direct,ground,16.857142857142858,0.5412675659650598,0.5034060240013611,0.0
direct,ground,16.928571428571427,0.5423489920236829,0.5035868742508439,0.0
direct,ground,17.0,0.5434242560709373,0.5037713320306287,0.0
direct,ground,17.07142857142857,0.5444933932111697,0.5039593240788877,0.0
direct,ground,17.142857142857142,0.5455564383497173,0.5041507781502231,0.0
direct,ground,17.21428571428571,0.5466134261942165,0.5043456230031275,0.0
direct,ground,17.285714285714285,0.5476643912559124,0.5045437883875934,0.0
direct,ground,17.357142857142858,0.5487093678509692,0.5047452050328822,0.0
direct,ground,17.428571428571427,0.5497483901017791,0.5049498046354375,0.0
direct,ground,17.5,0.5507814919382726,0.5051575198469538,0.0
direct,ground,17.57142857142857,0.5518087070992274,0.5053682842625872,0.0
direct,ground,17.642857142857142,0.5528300691335785,0.5055820324093173,0.0
direct,ground,17.71428571428571,0.5538456114017279,0.5057986997344517,0.0
direct,ground,17.785714285714285,0.5548553670768541,0.5060182225942729,0.0
direct,ground,17.857142857142858,0.5558593691462215,0.5062405382428278,0.0
direct,ground,17.928571428571427,0.55685765041249,0.5064655848208578,0.0
direct,ground,18.0,0.5578502434916724,0.5066933013440915,0.0
direct,ground,18.07142857142857,0.5588371807050364,0.5069236276666342,0.0
direct,ground,18.142857142857142,0.5598184942298013,0.5071565045038415,0.0
direct,ground,18.21428571428571,0.5607942161112187,0.5073918734251551,0.0
direct,ground,18.285714285714285,0.5617643782141482,0.5076296768323607,0.0
direct,ground,18.357142857142858,0.562729012224298,0.5078698579492722,0.0
direct,ground,18.428571428571427,0.5636881496494671,0.5081123608115459,0.0
direct,ground,18.5,0.5646418218207846,0.5083571302566201,0.0
direct,ground,18.57142857142857,0.5655900598939514,0.5086041119137843,0.0
direct,ground,18.642857142857142,0.5665328948504806,0.5088532521943703,0.0
direct,ground,18.71428571428571,0.5674703574989391,0.5091044982820693,0.0
direct,ground,18.785714285714285,0.5684024784761877,0.5093577981233707,0.0
direct,ground,18.857142857142858,0.5693292882486222,0.5096131004181211,0.0
direct,ground,18.928571428571427,0.5702508171134142,0.5098703546102047,0.0
direct,ground,19.0,0.5711670951997524,0.5101295108783412,0.0
direct,ground,19.07142857142857,0.5720781524700826,0.5103905201270009,0.0
direct,ground,19.142857142857142,0.5729840187213497,0.5106533339774366,0.0
direct,ground,19.21428571428571,0.5738847235862374,0.5109179047588294,0.0
direct,ground,19.285714285714285,0.5747802965344098,0.5111841854995485,0.0
direct,ground,19.357142857142858,0.5756707668737518,0.5114521299185235,0.0
direct,ground,19.428571428571427,0.5765561637516105,0.5117216924167268,0.0
direct,ground,19.5,0.5774365161558164,0.5119928280687001,0.0
direct,ground,19.57142857142857,0.5783118526099452,0.5122654925184037,0.0
direct,ground,19.642857142857142,0.5791822014440369,0.5125396420510482,0.0
direct,ground,19.71428571428571,0.580047591069346,0.5128152336720104,0.0
direct,ground,19.785714285714285,0.5809080497349953,0.513092225023841,0.0
direct,ground,19.857142857142858,0.5817636055289853,0.513370574378199,0.0
direct,ground,19.928571428571427,0.5826142863792044,0.5136502406278906,0.0
direct,ground,20.0,0.5834601200544389,0.5139311832790027,0.0
direct,ground,20.07142857142857,0.5843011341653832,0.5142133624431399,0.0
direct,ground,20.142857142857142,0.5851373561656501,0.5144967388297536,0.0
direct,ground,20.21428571428571,0.58596881335278,0.5147812737385702,0.0
direct,ground,20.285714285714285,0.5867955328692519,0.5150669290521148,0.0
direct,ground,20.357142857142858,0.5876175417034931,0.5153536672283268,0.0
direct,ground,20.428571428571427,0.588434866690889,0.5156414512932707,0.0
direct,ground,20.5,0.5892475345147933,0.5159302448339385,0.0
direct,ground,20.57142857142857,0.5900555717075384,0.5162200119911431,0.0
direct,ground,20.642857142857142,0.5908590046514454,0.5165107174525029,0.0
direct,ground,20.71428571428571,0.5916578595798331,0.5168023264455128,0.0
direct,ground,20.785714285714285,0.5924521625780298,0.5170948047307089,0.0
direct,ground,20.857142857142858,0.593241939584382,0.5173881185949151,0.0
direct,ground,20.928571428571427,0.5940272163912649,0.5176822348445795,0.0
direct,ground,21.0,0.5948080186460927,0.5179771207991958,0.0
direct,ground,21.07142857142857,0.595584371852328,0.5182727442848082,0.0
direct,ground,21.142857142857142,0.596356301370493,0.5185690736276025,0.0
direct,ground,21.21428571428571,0.597123832419178,0.5188660776475771,0.0
direct,ground,21.285714285714285,0.597886990076053,0.5191637256522986,0.0
direct,ground,21.357142857142858,0.5986457992788764,0.5194619874307368,0.0
direct,ground,21.428571428571427,0.5994002848265062,0.519760833247181,0.0
direct,ground,21.5,0.6001504713799094,0.520060233835236,0.0
direct,ground,21.57142857142857,0.6008963834631721,0.5203601603918949,0.0
direct,ground,21.642857142857142,0.6016380454645098,0.5206605845716915,0.0
direct,ground,21.71428571428571,0.6023754816372773,0.5209614784809289,0.0
direct,ground,21.785714285714285,0.6031087161009787,0.5212628146719844,0.0
direct,ground,21.857142857142858,0.6038377728422777,0.5215645661376889,0.0
direct,ground,21.928571428571427,0.6045626757160072,0.5218667063057818,0.0
direct,ground,22.0,0.60528344844618,0.5221692090334389,0.0
direct,ground,22.07142857142857,0.6060001144480553,0.5224720485260017,0.0
direct,ground,22.142857142857142,0.6067126966696718,0.5227751992610268,0.0
direct,ground,22.21428571428571,0.6074212183401609,0.5230786362993691,0.0
direct,ground,22.285714285714285,0.6081257025822725,0.5233823351178202,0.0
direct,ground,22.357142857142858,0.6088261723883517,0.5236862715933985,0.0
direct,ground,22.428571428571427,0.6095226506212467,0.5239904219982074,0.0
direct,ground,22.5,0.6102151600152158,0.5242947629943593,0.0
direct,ground,22.57142857142857,0.6109037231768347,0.524599271628968,0.0
direct,ground,22.642857142857142,0.611588362585904,0.5249039253292064,0.0
direct,ground,22.71428571428571,0.612269100596356,0.5252087018974295,0.0
direct,ground,22.785714285714285,0.6129459594371621,0.5255135795063621,0.0
direct,ground,22.857142857142854,0.6136189612132407,0.5258185366943517,0.0
direct,ground,22.928571428571427,0.6142881279063633,0.5261235523606825,0.0
direct,ground,23.0,0.6149534813760629,0.5264286057609536,0.0
direct,ground,23.07142857142857,0.6156150433605404,0.5267336765025192,0.0
direct,ground,23.142857142857142,0.6162728354775724,0.5270387445399893,0.0
direct,ground,23.21428571428571,0.6169268792254181,0.527343790170791,0.0
direct,ground,23.285714285714285,0.6175771959837272,0.5276487940307917,0.0
direct,ground,23.357142857142854,0.618223807014446,0.5279537370899781,0.0
direct,ground,23.428571428571427,0.618866733462726,0.5282586006481975,0.0
direct,ground,23.5,0.6195059963578302,0.5285633663309555,0.0
direct,ground,23.57142857142857,0.6201416166140407,0.5288680160852702,0.0
direct,ground,23.642857142857142,0.620773615031566,0.5291725321755858,0.0
direct,ground,23.71428571428571,0.6214020122974483,0.5294768971797397,0.0
direct,ground,23.785714285714285,0.6220268289864704,0.5297810939849866,0.0
direct,ground,23.857142857142854,0.6226480855620636,0.5300851057840785,0.0
direct,ground,23.928571428571427,0.6232658023772144,0.530388916071397,0.0
direct,ground,24.0,0.6238799996753718,0.5306925086391402,0.0
direct,ground,24.07142857142857,0.624490697591355,0.5309958675735644,0.0
direct,ground,24.142857142857142,0.6250979161522603,0.531298977251276,0.0
direct,ground,24.21428571428571,0.6257016752783682,0.5316018223355766,0.0
direct,ground,24.285714285714285,0.6263019947840514,0.5319043877728611,0.0
direct,ground,24.357142857142854,0.626898894378681,0.5322066587890633,0.0
direct,ground,24.428571428571427,0.6274923936675346,0.5325086208861552,0.0
direct,ground,24.5,0.6280825121527036,0.532810259838695,0.0
direct,ground,24.57142857142857,0.6286692691056203,0.5331115616243491,0.0
direct,ground,24.642857142857142,0.6292526826915726,0.5334125119659368,0.0
direct,ground,24.71428571428571,0.6298327717132072,0.5337130972214676,0.0
direct,ground,24.785714285714285,0.6304095551015481,0.5340133041235675,0.0
direct,ground,24.857142857142854,0.6309830516811834,0.5343131196554312,0.0
direct,ground,24.928571428571427,0.6315532801710229,0.5346125310475113,0.0
direct,ground,25.0,0.6321202591850545,0.534911525774252,0.0
direct,excited,0.0,1.0,1.0,0.0
direct,excited,0.07142857142857142,0.9984675743885063,0.9969398454335221,0.0
direct,excited,0.14285714285714285,0.9969438805578493,0.993906440847788,0.0
direct,excited,0.21428571428571427,0.9954288687364475,0.9908995279549524,0.0
direct,excited,0.2857142857142857,0.9939224896186489,0.9879188515021686,0.0
direct,excited,0.3571428571428571,0.9924246942300449,0.9849641589751064,0.0
direct,excited,0.42857142857142855,0.9909354334962573,0.9820351997243162,0.0
direct,excited,0.5,0.9894546583429081,0.9791317251471459,0.0
direct,excited,0.5714285714285714,0.9879823203629108,0.9762534899735409,0.0
direct,excited,0.6428571428571428,0.9865183724723025,0.9734002535061961,0.0
direct,excited,0.7142857142857142,0.9850627665676244,0.9705717750204752,0.0
direct,excited,0.7857142857142857,0.9836154544959141,0.9677678156545793,0.0
direct,excited,0.8571428571428571,0.982176388286895,0.964988138842789,0.0
direct,excited,0.9285714285714285,0.9807455216237212,0.9622325131225276,0.0
direct,excited,1.0,0.9793228080002047,0.9595007085384022,0.0
direct,excited,1.0714285714285714,0.9779082009512243,0.9567924970728716,0.0
direct,excited,1.1428571428571428,0.9765016542807143,0.9541076530645147,0.0
direct,excited,1.2142857142857142,0.9751031220616634,0.9514459531854795,0.0
direct,excited,1.2857142857142856,0.9737125586361155,0.9488071764191504,0.0
direct,excited,1.357142857142857,0.9723299186132206,0.9461911040343431,0.0
direct,excited,1.4285714285714284,0.9709551568124536,0.9435975194564854,0.0
direct,excited,1.5,0.9695882283259057,0.941026208364526,0.0
direct,excited,1.5714285714285714,0.9682290885291609,0.9384769586896975,0.0
direct,excited,1.6428571428571428,0.9668776930615102,0.9359495605568755,0.0
direct,excited,1.7142857142857142,0.9655339978259517,0.9334438062636266,0.0
direct,excited,1.7857142857142856,0.9641979589891906,0.9309594902594605,0.0
direct,excited,1.857142857142857,0.962869532981633,0.9284964091252701,0.0
direct,excited,1.9285714285714284,0.9615486763549059,0.9260543612899315,0.0
direct,excited,2.0,0.9602353458525955,0.9236331471441164,0.0
direct,excited,2.071428571428571,0.9589294985728497,0.9212325693206544,0.0
direct,excited,2.142857142857143,0.9576310918633822,0.9188524324801428,0.0
direct,excited,2.214285714285714,0.9563400833214729,0.9164925432916977,0.0
direct,excited,2.2857142857142856,0.9550564307939672,0.9141527104138893,0.0
direct,excited,2.357142857142857,0.9537800923772765,0.9118327444758592,0.0
direct,excited,2.4285714285714284,0.9525110264173781,0.9095324580586182,0.0
direct,excited,2.5,0.9512491915098147,0.9072516656765228,0.0
direct,excited,2.571428571428571,0.9499945464996958,0.9049901837589338,0.0
direct,excited,2.642857142857143,0.948747050481696,0.9027478306320438,0.0
direct,excited,2.714285714285714,0.9475066628000561,0.9005244265008863,0.0
direct,excited,2.7857142857142856,0.9462733430485826,0.8983197934315157,0.0
direct,excited,2.8571428571428568,0.9450470510706478,0.8961337553333595,0.0
direct,excited,2.9285714285714284,0.9438277467785131,0.893966137620984,0.0
direct,excited,3.0,0.9426153898589299,0.891816766679945,0.0
direct,excited,3.071428571428571,0.9414099406732651,0.8896854714503508,0.0
direct,excited,3.142857142857143,0.9402113598565092,0.8875720826934341,0.0
direct,excited,3.214285714285714,0.9390196082786003,0.8854764329061913,0.0
direct,excited,3.2857142857142856,0.9378346470444245,0.8833983563050316,0.0
direct,excited,3.3571428571428568,0.9366564374938146,0.8813376888095792,0.0
direct,excited,3.4285714285714284,0.9354849412015507,0.879294268026636,0.0
direct,excited,3.5,0.9343201199773608,0.8772679332342981,0.0
direct,excited,3.571428571428571,0.9331619358659196,0.875258525366222,0.0
direct,excited,3.642857142857143,0.9320103511468496,0.8732658869960486,0.0
direct,excited,3.714285714285714,0.9308653283347205,0.8712898623219729,0.0
direct,excited,3.7857142857142856,0.9297268301790499,0.869330297151468,0.0
direct,excited,3.8571428571428568,0.9285948196643016,0.8673870388861504,0.0
direct,excited,3.9285714285714284,0.9274692599429818,0.8654599363924012,0.0
direct,excited,4.0,0.9263501135752056,0.8635488386911814,0.0
direct,excited,4.071428571428571,0.9252373437772395,0.8616535970854444,0.0
direct,excited,4.142857142857142,0.9241309142118221,0.859774064780312,0.0
direct,excited,4.214285714285714,0.9230307887604715,0.8579100964786133,0.0
direct,excited,4.285714285714286,0.9219369315234858,0.8560615483669094,0.0
direct,excited,4.357142857142857,0.9208493068199421,0.8542282781016517,0.0
direct,excited,4.428571428571428,0.9197678791876988,0.8524101447954768,0.0
direct,excited,4.5,0.9186926133833925,0.85060700900363,0.0
direct,excited,4.571428571428571,0.9176234743824407,0.8488187327105223,0.0
direct,excited,4.642857142857142,0.9165604273790398,0.8470451793164164,0.0
direct,excited,4.714285714285714,0.9155034377861667,0.8452862136242458,0.0
direct,excited,4.785714285714286,0.9144524712355777,0.8435417018265547,0.0
direct,excited,4.857142857142857,0.913407493577809,0.8418115114925724,0.0
direct,excited,4.928571428571428,0.9123684708821153,0.8400955115553079,0.0
direct,excited,5.0,0.9113353689499228,0.8383935714983384,0.0
direct,excited,5.071428571428571,0.9103081536597399,0.8367055619193295,0.0
direct,excited,5.142857142857142,0.9092867914736664,0.8350313553496169,0.0
direct,excited,5.214285714285714,0.9082712490446787,0.8333708255930041,0.0
direct,excited,5.285714285714286,0.907261493215442,0.8317238477121431,0.0
direct,excited,5.357142857142857,0.9062574910171239,0.8300902980150571,0.0
direct,excited,5.428571428571428,0.9052592096682075,0.8284700540418004,0.0
direct,excited,5.5,0.904266616573304,0.8268629945512536,0.0
direct,excited,5.571428571428571,0.9032796793219665,0.8252689995080563,0.0
direct,excited,5.642857142857142,0.902298365687502,0.8236879500696701,0.0
direct,excited,5.7142857142857135,0.9013226436257862,0.8221197285735795,0.0
direct,excited,5.785714285714286,0.9003524812740746,0.8205642185246165,0.0
direct,excited,5.857142857142857,0.8993878469498174,0.8190213045824215,0.0
direct,excited,5.928571428571428,0.8984287091494711,0.8174908725490277,0.0
direct,excited,6.0,0.8974750365473125,0.8159728093565748,0.0
direct,excited,6.071428571428571,0.8965267979942514,0.8144670030551477,0.0
direct,excited,6.142857142857142,0.8955839625166439,0.812973342800739,0.0
direct,excited,6.2142857142857135,0.8946464993151053,0.8114917188433348,0.0
direct,excited,6.285714285714286,0.8937143777633234,0.8100220225151218,0.0
direct,excited,6.357142857142857,0.8927875674068713,0.8085641462188149,0.0
direct,excited,6.428571428571428,0.8918660379620206,0.8071179834161035,0.0
direct,excited,6.5,0.8909497593145548,0.8056834286162167,0.0
direct,excited,6.571428571428571,0.8900387015185817,0.8042603773646024,0.0
direct,excited,6.642857142857142,0.8891328347953473,0.8028487262317261,0.0
direct,excited,6.7142857142857135,0.8882321295797477,0.801448372876052,0.0
direct,excited,6.785714285714286,0.8873365566353684,0.8000592162122879,0.0
direct,excited,6.857142857142857,0.8864460867438937,0.7986811559193381,0.0
direct,excited,6.928571428571428,0.8855606908339524,0.7973140926327092,0.0
direct,excited,7.0,0.884680339999184,0.7959579279637756,0.0
direct,excited,7.071428571428571,0.8838050054971728,0.7946125644893696,0.0
direct,excited,7.142857142857142,0.8829346587483801,0.7932779057414765,0.0
direct,excited,7.2142857142857135,0.8820692713350784,0.7919538561970356,0.0
direct,excited,7.285714285714286,0.8812088150002845,0.7906403212678421,0.0
direct,excited,7.357142857142857,0.8803532616466929,0.7893372072905553,0.0
direct,excited,7.428571428571428,0.879502583335609,0.7880444215168019,0.0
direct,excited,7.5,0.8786567522858828,0.7867618721033849,0.0
direct,excited,7.571428571428571,0.8778157408728418,0.7854894681025886,0.0
direct,excited,7.642857142857142,0.8769795216272245,0.784227119452582,0.0
direct,excited,7.7142857142857135,0.8761480672341143,0.7829747369679196,0.0
direct,excited,7.785714285714286,0.875321350531872,0.7817322323301366,0.0
direct,excited,7.857142857142857,0.8744993445110697,0.7804995180784418,0.0
direct,excited,7.928571428571428,0.8736820223134241,0.7792765076005008,0.0
direct,excited,8.0,0.8728693572307294,0.7780631151233146,0.0
direct,excited,8.071428571428571,0.8720613227037916,0.7768592557041898,0.0
direct,excited,8.142857142857142,0.8712578923213607,0.7756648452217982,0.0
direct,excited,8.214285714285714,0.8704590398190651,0.7744798003673274,0.0
direct,excited,8.285714285714285,0.8696647390783443,0.7733040386357207,0.0
direct,excited,8.357142857142856,0.8688749641253825,0.7721374783170043,0.0
direct,excited,8.428571428571429,0.8680896891367409,0.7709800384975651,0.0
direct,excited,8.5,0.8673088886605305,0.769831639378068,0.0
direct,excited,8.571428571428571,0.8665325373080404,0.76869220181094,0.0
direct,excited,8.642857142857142,0.8657606097318468,0.7675616472628246,0.0
direct,excited,8.714285714285714,0.8649930807278126,0.7664398979583591,0.0
direct,excited,8.785714285714285,0.8642299252341253,0.7653268768721131,0.0
direct,excited,8.857142857142856,0.8634711183303388,0.7642225077206144,0.0
direct,excited,8.928571428571429,0.8627166352364134,0.7631267149544507,0.0
direct,excited,9.0,0.8619664513117541,0.7620394237504489,0.0
direct,excited,9.071428571428571,0.8612205420542535,0.7609605600039374,0.0
direct,excited,9.142857142857142,0.860478883099329,0.7598900503210793,0.0
direct,excited,9.214285714285714,0.8597414502189659,0.7588278220112894,0.0
direct,excited,9.285714285714285,0.8590082193207546,0.7577738030797181,0.0
direct,excited,9.357142857142856,0.8582791664469326,0.7567279222198176,0.0
direct,excited,9.428571428571429,0.8575542677734248,0.75569010880598,0.0
direct,excited,9.5,0.8568334996088817,0.7546602928862436,0.0
direct,excited,9.571428571428571,0.8561168383937214,0.7536384051750799,0.0
direct,excited,9.642857142857142,0.8554042606991691,0.752624377046246,0.0
direct,excited,9.714285714285714,0.8546957432262967,0.7516181405257101,0.0
direct,excited,9.785714285714285,0.8539912628050638,0.7506196282846475,0.0
direct,excited,9.857142857142856,0.8532907963933568,0.7496287736325047,0.0
direct,excited,9.928571428571429,0.8525943210760306,0.748645510510134,0.0
direct,excited,10.0,0.8519018140639465,0.7476697734829928,0.0
direct,excited,10.071428571428571,0.8512132526930142,0.7467014977344141,0.0
direct,excited,10.142857142857142,0.8505286144232309,0.7457406190589402,0.0
direct,excited,10.214285714285714,0.8498478769912694,0.7447870740705967,0.0
direct,excited,10.285714285714285,0.8491710184665521,0.7438408002739385,0.0
direct,excited,10.357142857142856,0.8484980167623946,0.7429017353746445,0.0
direct,excited,10.428571428571429,0.8478288499073349,0.7419698176557186,0.0
direct,excited,10.5,0.8471634960542922,0.741044985985277,0.0
direct,excited,10.571428571428571,0.8465019334797368,0.7401271798103919,0.0
direct,excited,10.642857142857142,0.8458441405828596,0.7392163391509936,0.0
direct,excited,10.714285714285714,0.8451900958847407,0.738312404593833,0.0
direct,excited,10.785714285714285,0.8445397780275203,0.7374153172865059,0.0
direct,excited,10.857142857142856,0.8438931657735665,0.7365250189315315,0.0
direct,excited,10.928571428571429,0.8432502380046455,0.7356414517804915,0.0
direct,excited,11.0,0.8426109737210908,0.7347645586282281,0.0
direct,excited,11.071428571428571,0.8419753520409724,0.733894282807094,0.0
direct,excited,11.142857142857142,0.8413433521992665,0.733030568181265,0.0
direct,excited,11.214285714285714,0.8407149535470246,0.7321733591411024,0.0
direct,excited,11.285714285714285,0.8400901355505436,0.7313226005975743,0.0
direct,excited,11.357142857142856,0.8394688777905334,0.7304782379767281,0.0
direct,excited,11.428571428571427,0.8388511599612887,0.7296402172142218,0.0
direct,excited,11.5,0.8382369618698561,0.728808484749901,0.0
direct,excited,11.571428571428571,0.837626263435205,0.7279829875224368,0.0
direct,excited,11.642857142857142,0.8370190446873967,0.7271636729640111,0.0
direct,excited,11.714285714285714,0.8364152857667528,0.726350488995052,0.0
direct,excited,11.785714285714285,0.8358149669230263,0.7255433840190264,0.0
direct,excited,11.857142857142856,0.8352180685145693,0.7247423069172769,0.0
direct,excited,11.928571428571427,0.8346245710332933,0.7239472070784312,0.0
direct,excited,12.0,0.8340344553238078,0.723158034686946,0.0
direct,excited,12.071428571428571,0.833447702181183,0.722374740179822,0.0
direct,excited,12.142857142857142,0.832864292447415,0.7215972743730364,0.0
direct,excited,12.214285714285714,0.8322842070725835,0.7208255885397112,0.0
direct,excited,12.285714285714285,0.8317074271141156,0.7200596344053327,0.0
direct,excited,12.357142857142856,0.8311339337360472,0.7192993641430178,0.0
direct,excited,12.428571428571427,0.8305637082082864,0.7185447303688263,0.0
direct,excited,12.5,0.8299967319058761,0.7177956861371173,0.0
direct,excited,12.571428571428571,0.8294329863082562,0.7170521849359515,0.0
direct,excited,12.642857142857142,0.8288724529985271,0.7163141806825368,0.0
direct,excited,12.714285714285714,0.828315113662711,0.7155816277187177,0.0
direct,excited,12.785714285714285,0.8277609500890166,0.7148544808065097,0.0
direct,excited,12.857142857142856,0.8272099441670991,0.7141326951236723,0.0
direct,excited,12.928571428571427,0.8266620778873254,0.7134162262593301,0.0
direct,excited,13.0,0.8261173333400349,0.7127050302096309,0.0
direct,excited,13.071428571428571,0.8255756927148035,0.7119990633734483,0.0
direct,excited,13.142857142857142,0.8250371382997049,0.7112982825481231,0.0
direct,excited,13.214285714285714,0.8245016524805748,0.7106026449252476,0.0
direct,excited,13.285714285714285,0.8239692177402721,0.7099121080864876,0.0
direct,excited,13.357142857142856,0.8234398166579425,0.709226629999447,0.0
direct,excited,13.428571428571427,0.8229134319082808,0.7085461690135679,0.0
direct,excited,13.5,0.8223900462607935,0.7078706838560732,0.0
direct,excited,13.571428571428571,0.8218696425790614,0.7072001336279454,0.0
direct,excited,13.642857142857142,0.8213522038200031,0.7065344777999456,0.0
direct,excited,13.714285714285714,0.8208377132417941,0.7058736764764475,0.0
direct,excited,13.785714285714285,0.8203261542543177,0.7052176901987218,0.0
direct,excited,13.857142857142856,0.8198175101586579,0.7045664796081665,0.0
direct,excited,13.928571428571427,0.819311764350598,0.7039200057053838,0.0
direct,excited,14.0,0.8188089003200807,0.7032782298465984,0.0
direct,excited,14.071428571428571,0.8183089016505839,0.7026411137400022,0.0
direct,excited,14.142857142857142,0.8178117520184981,0.7020086194421347,0.0
direct,excited,14.214285714285714,0.8173174351925021,0.7013807093542956,0.0
direct,excited,14.285714285714285,0.8168259350329404,0.700757346218994,0.0
direct,excited,14.357142857142856,0.8163372354911991,0.7001384931164287,0.0
direct,excited,14.428571428571427,0.8158513206090824,0.6995241134610026,0.0
direct,excited,14.5,0.8153681745181898,0.6989141709978708,0.0
direct,excited,14.571428571428571,0.8148877814392917,0.6983086297995184,0.0
direct,excited,14.642857142857142,0.8144101256817071,0.6977074542623738,0.0
direct,excited,14.714285714285714,0.8139351916426789,0.6971106091034511,0.0
direct,excited,14.785714285714285,0.8134629638067513,0.6965180593570254,0.0
direct,excited,14.857142857142856,0.8129934267451461,0.6959297703713383,0.0
direct,excited,14.928571428571427,0.8125265651151391,0.6953457078053347,0.0
direct,excited,15.0,0.8120623636594367,0.6947658376254291,0.0
direct,excited,15.071428571428571,0.8116008072055528,0.6941901261023042,0.0
direct,excited,15.142857142857142,0.8111418806651846,0.6936185398077359,0.0
direct,excited,15.214285714285714,0.8106855690335898,0.693051045611451,0.0
direct,excited,15.285714285714285,0.8102318573889628,0.6924876106780115,0.0
direct,excited,15.357142857142856,0.8097807308918115,0.6919282024637299,0.0
direct,excited,15.428571428571427,0.8093321748201193,0.6913727887578898,0.0
direct,excited,15.5,0.8088861746727299,0.6908213378079044,0.0
direct,excited,15.571428571428571,0.8084427159062585,0.6902738179912578,0.0
direct,excited,15.642857142857142,0.808001784040544,0.6897301979443159,0.0
direct,excited,15.714285714285714,0.8075633646769008,0.6891904465827525,0.0
direct,excited,15.785714285714285,0.8071274434975538,0.6886545330986863,0.0
direct,excited,15.857142857142856,0.8066940062650721,0.6881224269578403,0.0
direct,excited,15.928571428571427,0.806263038821805,0.6875940978967328,0.0
direct,excited,16.0,0.8058345270893155,0.6870695159198905,0.0
direct,excited,16.07142857142857,0.805408457067816,0.6865486512970881,0.0
direct,excited,16.142857142857142,0.8049848148356025,0.6860314745606135,0.0
direct,excited,16.21428571428571,0.8045635865484891,0.6855179565025581,0.0
direct,excited,16.285714285714285,0.8041447584392435,0.6850080681721316,0.0
direct,excited,16.357142857142858,0.803728316817021,0.6845017808730014,0.0
direct,excited,16.428571428571427,0.8033142480667992,0.6839990661606556,0.0
direct,excited,16.5,0.8029025386488133,0.6834998958397918,0.0
direct,excited,16.57142857142857,0.8024931750979906,0.6830042419617273,0.0
direct,excited,16.642857142857142,0.8020861440233845,0.682512076821834,0.0
direct,excited,16.71428571428571,0.8016814321076103,0.6820233729569974,0.0
direct,excited,16.785714285714285,0.8012790261062791,0.681538103143096,0.0
direct,excited,16.857142857142858,0.800878912847433,0.6810562403925062,0.0
direct,excited,16.928571428571427,0.8004810792309794,0.6805777579516283,0.0
direct,excited,17.0,0.8000855122281264,0.680102629298434,0.0
direct,excited,17.07142857142857,0.7996921988808164,0.6796308281400376,0.0
direct,excited,17.142857142857142,0.7993011263063405,0.679162328416488,0.0
direct,excited,17.21428571428571,0.7989122819361112,0.6786971045845065,0.0
direct,excited,17.285714285714285,0.7985256532007972,0.6782351312379253,0.0
direct,excited,17.357142857142858,0.7981412274811607,0.6777763830479464,0.0
direct,excited,17.428571428571427,0.7977589922297933,0.6773208349074042,0.0
direct,excited,17.5,0.7973789349706513,0.6768684619285577,0.0
direct,excited,17.57142857142857,0.797001043298592,0.6764192394409043,0.0
direct,excited,17.642857142857142,0.7966253048789091,0.6759731429890117,0.0
direct,excited,17.71428571428571,0.796251707446869,0.6755301483303706,0.0
direct,excited,17.785714285714285,0.7958802388072461,0.6750902314332661,0.0
direct,excited,17.857142857142858,0.795510886833859,0.6746533684746676,0.0
direct,excited,17.928571428571427,0.7951436394691063,0.6742195358381395,0.0
direct,excited,18.0,0.7947784847235019,0.6737887101117677,0.0
direct,excited,18.07142857142857,0.7944154106752119,0.6733608680861074,0.0
direct,excited,18.142857142857142,0.7940544054695892,0.6729359867521472,0.0
direct,excited,18.21428571428571,0.79369545731871,0.6725140432992924,0.0
direct,excited,18.285714285714285,0.7933385545009097,0.6720950151133664,0.0
direct,excited,18.357142857142858,0.7929836853603184,0.671678879774628,0.0
direct,excited,18.428571428571427,0.7926308383063967,0.671265615055809,0.0
direct,excited,18.5,0.7922800018134719,0.6708551989201663,0.0
direct,excited,18.57142857142857,0.7919311644202732,0.6704476095195533,0.0
direct,excited,18.642857142857142,0.7915843147294684,0.6700428251925075,0.0
direct,excited,18.71428571428571,0.7912394414071989,0.6696408244623546,0.0
direct,excited,18.785714285714285,0.7908965331826159,0.6692415860353296,0.0
direct,excited,18.857142857142858,0.790555578847416,0.6688450887987141,0.0
direct,excited,18.928571428571427,0.7902165672843876,0.6684513118526669,0.0
direct,excited,19.0,0.7898794874851,0.6680602345292483,0.0
direct,excited,19.07142857142857,0.7895443284445797,0.6676718362688452,0.0
direct,excited,19.142857142857142,0.7892110792168326,0.6672860966835301,0.0
direct,excited,19.21428571428571,0.7888797289171352,0.6669029955584751,0.0
direct,excited,19.285714285714285,0.7885502667215958,0.6665225128502081,0.0
direct,excited,19.357142857142858,0.7882226818667182,0.6661446286848869,0.0
direct,excited,19.428571428571427,0.787896963648963,0.6657693233565847,0.0
direct,excited,19.5,0.7875731014243109,0.6653965773255941,0.0
direct,excited,19.57142857142857,0.7872510846078242,0.6650263712167428,0.0
direct,excited,19.642857142857142,0.7869309026732096,0.6646586858177259,0.0
direct,excited,19.71428571428571,0.786612545152381,0.6642935020774512,0.0
direct,excited,19.785714285714285,0.7862960016350209,0.6639308011043998,0.0
direct,excited,19.857142857142858,0.7859812617681435,0.6635705641649989,0.0
direct,excited,19.928571428571427,0.7856683152556571,0.663212772682011,0.0
direct,excited,20.0,0.7853571518579258,0.6628574082329346,0.0
direct,excited,20.07142857142857,0.7850477613913326,0.6625044525484202,0.0
direct,excited,20.142857142857142,0.7847401337278417,0.6621538875106984,0.0
direct,excited,20.21428571428571,0.7844342587945603,0.6618056951520218,0.0
direct,excited,20.285714285714285,0.7841301265733016,0.6614598576531208,0.0
direct,excited,20.357142857142858,0.7838277271001468,0.6611163573416708,0.0
direct,excited,20.428571428571427,0.7835270504650077,0.6607751766907741,0.0
direct,excited,20.5,0.7832280868111889,0.6604362983174528,0.0
direct,excited,20.57142857142857,0.7829308263349504,0.6600997049811557,0.0
direct,excited,20.642857142857142,0.7826352593072785,0.6597653796073851,0.0
direct,excited,20.71428571428571,0.7823413763031603,0.6594333055455255,0.0
direct,excited,20.785714285714285,0.7820491678004032,0.6591034661138,0.0
direct,excited,20.857142857142858,0.7817586242615697,0.6587758446915448,0.0
direct,excited,20.928571428571427,0.7814697362037132,0.6584504247971759,0.0
direct,excited,21.0,0.7811824941980365,0.6581271900868577,0.0
direct,excited,21.07142857142857,0.7808968888695503,0.657806124353185,0.0
direct,excited,21.142857142857142,0.78061291089673,0.6574872115238724,0.0
direct,excited,21.21428571428571,0.7803305510111749,0.6571704356604579,0.0
direct,excited,21.285714285714285,0.7800497999972649,0.6568557809570161,0.0
direct,excited,21.357142857142858,0.7797706486918198,0.6565432317388833,0.0
direct,excited,21.428571428571427,0.779493087983756,0.6562327724613912,0.0
direct,excited,21.5,0.7792171088137456,0.655924387708614,0.0
direct,excited,21.57142857142857,0.7789427021738734,0.6556180621921245,0.0
direct,excited,21.642857142857142,0.7786698591072951,0.6553137807497595,0.0
direct,excited,21.71428571428571,0.7783985707078961,0.6550115283443989,0.0
direct,excited,21.785714285714285,0.778128828119948,0.6547112900627512,0.0
direct,excited,21.857142857142858,0.7778606225377678,0.6544130511141517,0.0
direct,excited,21.928571428571427,0.7775939452053752,0.6541167968293697,0.0
direct,excited,22.0,0.777328787416151,0.6538225126594253,0.0
direct,excited,22.07142857142857,0.7770651405124944,0.6535301841744167,0.0
direct,excited,22.142857142857142,0.7768029958854817,0.6532397970623561,0.0
direct,excited,22.21428571428571,0.7765423449745238,0.6529513371280171,0.0
direct,excited,22.285714285714285,0.7762831792670244,0.6526647902917895,0.0
direct,excited,22.357142857142858,0.7760254902980376,0.652380142588544,0.0
direct,excited,22.428571428571427,0.7757692696499263,0.6520973801665075,0.0
direct,excited,22.5,0.77551450895202,0.6518164892861454,0.0
direct,excited,22.57142857142857,0.7752611998802726,0.6515374563190549,0.0
direct,excited,22.642857142857142,0.7750093341569204,0.6512602677468655,0.0
direct,excited,22.71428571428571,0.7747589035501405,0.6509849101601508,0.0
direct,excited,22.785714285714285,0.774509899873708,0.6507113702573464,0.0
direct,excited,22.857142857142854,0.7742623149866545,0.6504396348436778,0.0
direct,excited,22.928571428571427,0.774016140792926,0.6501696908300973,0.0
direct,excited,23.0,0.7737713692410407,0.6499015252322284,0.0
direct,excited,23.07142857142857,0.7735279923237471,0.6496351251693198,0.0
direct,excited,23.142857142857142,0.7732860020776818,0.6493704778632055,0.0
direct,excited,23.21428571428571,0.7730453905830275,0.649107570637276,0.0
direct,excited,23.285714285714285,0.7728061499631712,0.6488463909154565,0.0
direct,excited,23.357142857142854,0.7725682723843619,0.6485869262211914,0.0
direct,excited,23.428571428571427,0.7723317500900418,0.64832916421421,0.0
direct,excited,23.5,0.7720965755832601,0.6480730928882734,0.0
direct,excited,23.57142857142857,0.7718627412359916,0.6478187001446956,0.0
direct,excited,23.642857142857142,0.7716302394192064,0.6475659739338708,0.0
direct,excited,23.71428571428571,0.771399062546776,0.6473149023025377,0.0
direct,excited,23.785714285714285,0.7711692030751666,0.6470654733928418,0.0
direct,excited,23.857142857142854,0.7709406535031316,0.646817675441408,0.0
direct,excited,23.928571428571427,0.770713406371405,0.646571496778419,0.0
direct,excited,24.0,0.7704874542623941,0.6463269258267015,0.0
direct,excited,24.07142857142857,0.7702627897998728,0.6460839511008206,0.0
direct,excited,24.142857142857142,0.7700394056486745,0.6458425612061787,0.0
direct,excited,24.21428571428571,0.7698172945143849,0.6456027448381245,0.0
direct,excited,24.285714285714285,0.769596449143035,0.6453644907810661,0.0
direct,excited,24.357142857142854,0.7693768623207947,0.6451277879075927,0.0
direct,excited,24.428571428571427,0.7691585268736648,0.6448926251776027,0.0
direct,excited,24.5,0.7689414356671709,0.6446589916374381,0.0
direct,excited,24.57142857142857,0.7687255816060556,0.6444268764190259,0.0
direct,excited,24.642857142857142,0.7685109576339724,0.6441962687390259,0.0
direct,excited,24.71428571428571,0.7682975567331778,0.6439671578979855,0.0
direct,excited,24.785714285714285,0.768085371924225,0.6437395332795002,0.0
direct,excited,24.857142857142854,0.7678743962656563,0.6435133843493798,0.0
direct,excited,24.928571428571427,0.7676646228536969,0.6432887006548236,0.0
direct,excited,25.0,0.7674560448219465,0.6430654718235982,0.0
floquet_buffer,ground,0.0,0.0,1.0,0.0
floquet_buffer,ground,0.07142857142857142,3.256603600493196e-05,0.9999348700720235,-4.4347545415423946e-05
floquet_buffer,ground,0.14285714285714285,0.0001294769927726464,0.9997410809945668,-0.0003510702126265493
floquet_buffer,ground,0.21428571428571427,0.00028858259087811744,0.9994230176759908,-0.001167923499188398
floquet_buffer,ground,0.2857142857142857,0.000506501093103727,0.9989876009021105,-0.0027182567881363856
floquet_buffer,ground,0.3571428571428571,0.0007787187716701606,0.9984441117180083,-0.005192697491923785
floquet_buffer,ground,0.42857142857142855,0.0010997178348743056,0.9978039647766099,-0.008742191390546973
floquet_buffer,ground,0.5,0.0014631270926071713,0.9970804392102843,-0.013472632965569184
floquet_buffer,ground,0.5714285714285714,0.0018618912212424643,0.9962883721392576,-0.019441237777472056
floquet_buffer,ground,0.6428571428571428,0.002288451352255,0.9954438260897311,-0.02665472655498977
floquet_buffer,ground,0.7142857142857142,0.002734932932104912,0.9945637352431353,-0.03506931036630062
floquet_buffer,ground,0.7857142857142857,0.003193334200401027,0.9936655408780319,-0.044592392726672356
floquet_buffer,ground,0.8571428571428571,0.0036557099032142226,0.9927668242598641,-0.05508584063732985
floquet_buffer,ground,0.9285714285714285,0.004114347309422579,0.9918849408577894,-0.06637063865722538
floquet_buffer,ground,1.0,0.004561929806099313,0.9910366640940201,-0.07823268434489435
floquet_buffer,ground,1.0714285714285714,0.004991675448896831,0.9902378630048225,-0.09042949456819188
floquet_buffer,ground,1.1428571428571428,0.005397475804420431,0.9895031640335884,-0.10269757394324108
floquet_buffer,ground,1.2142857142857142,0.005773993771395507,0.9888456796928542,-0.11476019737841886
floquet_buffer,ground,1.2857142857142856,0.006116746605961633,0.9882767539510986,-0.12633539913428488
floquet_buffer,ground,1.357142857142857,0.00642219106721221,0.9878056938139343,-0.13714395520709302
floquet_buffer,ground,1.4285714285714284,0.006687731662309841,0.9874396459212299,-0.14691718703883846
floquet_buffer,ground,1.5,0.006911771118183063,0.9871833872348456,-0.15540443546519775
floquet_buffer,ground,1.5714285714285714,0.007093708647386938,0.9870392203831115,-0.16238007512762856
floquet_buffer,ground,1.6428571428571428,0.0072339144555384535,0.9870069220979337,-0.16764994261989433
floquet_buffer,ground,1.7142857142857142,0.007333711971776876,0.9870836879141371,-0.17105707615785823
floquet_buffer,ground,1.7857142857142856,0.00739531984418201,0.9872641725073615,-0.17248666736340548
floquet_buffer,ground,1.857142857142857,0.007421801947152079,0.9875405356794629,-0.1718701238788963
floquet_buffer,ground,1.9285714285714284,0.007416996024189786,0.9879025563435003,-0.16918815567959503
floquet_buffer,ground,2.0,0.007385417983729386,0.98833782494482,-0.1644727679015589
floquet_buffer,ground,2.071428571428571,0.007332201302031889,0.9888319001562431,-0.15780807925121518
floquet_buffer,ground,2.142857142857143,0.007262969436514624,0.9893686333057357,-0.14932988636155836
floquet_buffer,ground,2.214285714285714,0.007183753146457668,0.9899304422580383,-0.13922388401309196
floquet_buffer,ground,2.2857142857142856,0.007100881216837643,0.9904986734125254,-0.12772249248153336
floquet_buffer,ground,2.357142857142857,0.0070208713884962175,0.9910539988790115,-0.11510030539201252
floquet_buffer,ground,2.4285714285714284,0.006950327885052357,0.9915768311832234,-0.10166815223696812
floquet_buffer,ground,2.5,0.0068958256036017376,0.9920477893973123,-0.08776586968929662
floquet_buffer,ground,2.571428571428571,0.006863826525175323,0.9924481199303893,-0.07375392540834178
floquet_buffer,ground,2.642857142857143,0.006860571207403501,0.9927601750349757,-0.060004064153448854
floquet_buffer,ground,2.714285714285714,0.006891984866065809,0.9929678603497476,-0.04688925794149758
floquet_buffer,ground,2.7857142857142856,0.0069636115877289885,0.9930570148495376,-0.03477323750231219
floquet_buffer,ground,2.8571428571428568,0.00708053761544166,0.9930157870943528,-0.02399997289987935
floquet_buffer,ground,2.9285714285714284,0.007247327673140945,0.992834949375813,-0.014883471537630082
floquet_buffer,ground,3.0,0.0074679862591091615,0.9925081165822767,-0.007698264125462531
floquet_buffer,ground,3.071428571428571,0.007745918168549638,0.9920319099493258,-0.0026709650205612254
floquet_buffer,ground,3.142857142857143,0.008083912620196811,0.9914060118913208,2.677129188011375e-05
floquet_buffer,ground,3.214285714285714,0.008484124857525427,0.9906331585720485,0.00028360785866326057
floquet_buffer,ground,3.2857142857142856,0.008948090804656306,0.9897189978749572,-0.0019480215224819673
floquet_buffer,ground,3.3571428571428568,0.009476732529922618,0.9886718992713638,-0.006650482256264188
floquet_buffer,ground,3.4285714285714284,0.010070386041564775,0.9875026567642561,-0.01374158042162282
floquet_buffer,ground,3.5,0.010728831450706347,0.9862241327578021,-0.0230772171150646
floquet_buffer,ground,3.571428571428571,0.011451331691587567,0.9848508406028994,-0.034455920509830734
floquet_buffer,ground,3.642857142857143,0.012236677462851788,0.9833984825122699,-0.047625038698543294
floquet_buffer,ground,3.714285714285714,0.013083230142843724,0.9818834729578119,-0.06228831479578452
floquet_buffer,ground,3.7857142857142856,0.013988974477711082,0.9803224378036681,-0.07811451508533074
floquet_buffer,ground,3.8571428571428568,0.014951567798422747,0.9787317304169731,-0.09474679077311293
floquet_buffer,ground,3.9285714285714284,0.015968384295185035,0.9771269801378466,-0.11181238881265582
floquet_buffer,ground,4.0,0.017036567723686735,0.9755226591522752,-0.12893239771414727
floquet_buffer,ground,4.071428571428571,0.018153076560256325,0.973931710033125,-0.14573124016755382
floquet_buffer,ground,4.142857142857142,0.01931472498526319,0.972365235607211,-0.1618456204229266
floquet_buffer,ground,4.214285714285714,0.020518227709981303,0.9708322410822918,-0.1769327322524944
floquet_buffer,ground,4.285714285714286,0.021760236300161464,0.9693394577029559,-0.19067756582043255
floquet_buffer,ground,4.357142857142857,0.0230373832185668,0.9678912170817411,-0.20279917727694294
floquet_buffer,ground,4.428571428571428,0.0243463141729391,0.9664894132719425,-0.21305591718479508
floquet_buffer,ground,4.5,0.025683717772113455,0.9651335370911841,-0.2212495264834305
floquet_buffer,ground,4.571428571428571,0.027046386020750757,0.9638207063055592,-0.22722815241502234
floquet_buffer,ground,4.642857142857142,0.02843121520651335,0.9625458711555474,-0.2308883258369538
floquet_buffer,ground,4.714285714285714,0.029835272427282577,0.9613019405402297,-0.23217588566380706
floquet_buffer,ground,4.785714285714286,0.03125581382658417,0.9600800444827853,-0.23108598100664124
floquet_buffer,ground,4.857142857142857,0.03269032977546238,0.9588697807691925,-0.2276621502487691
floquet_buffer,ground,4.928571428571428,0.03413658053264065,0.957659506897833,-0.22199454144771588
floquet_buffer,ground,5.0,0.0355926245269727,0.9564366649792312,-0.21421734755608018
floquet_buffer,ground,5.071428571428571,0.037056865353081545,0.955188082091003,-0.20450546084157228
floquet_buffer,ground,5.142857142857142,0.03852807018147896,0.9539003237998411,-0.1930704051147769
floquet_buffer,ground,5.214285714285714,0.040005401672494986,0.9525600155182539,-0.18015559690343583
floquet_buffer,ground,5.285714285714286,0.04148844574687413,0.9511541532267789,-0.16603097273815753
floquet_buffer,ground,5.357142857142857,0.04297721752904807,0.9496704263482185,-0.1509870468032705
floquet_buffer,ground,5.428571428571428,0.044472174420594035,0.9480974919438092,-0.13532848862364058
floquet_buffer,ground,5.5,0.04597421184275734,0.9464252345796536,-0.11936731912155862
floquet_buffer,ground,5.571428571428571,0.04748465240230036,0.9446449851962899,-0.1034158498118154
floquet_buffer,ground,5.642857142857142,0.04900522515650256,0.9427496976725107,-0.08777952303562585
floquet_buffer,ground,5.7142857142857135,0.0505380186248566,0.9407341078579503,-0.07274982288497744
floquet_buffer,ground,5.785714285714286,0.052085451357101895,0.9385947912837724,-0.05859745186448796
floquet_buffer,ground,5.857142857142857,0.05365020766985998,0.9363302133230769,-0.04556598590596407
floquet_buffer,ground,5.928571428571428,0.055235152744533,0.933940747471783,-0.03386620020891389
floquet_buffer,ground,6.0,0.05684329153887769,0.93142854741012,-0.023671272692755
floquet_buffer,ground,6.071428571428571,0.05847765372461143,0.9287974927982665,-0.015113050902788541
floquet_buffer,ground,6.142857142857142,0.06014122499138063,0.926052999485416,-0.008279506821423154
floquet_buffer,ground,6.2142857142857135,0.06183685094120962,0.9232018374893932,-0.0032135004608559226
floquet_buffer,ground,6.285714285714286,0.06356715424858134,0.9202518967762965,8.710264768452539e-05
floquet_buffer,ground,6.357142857142857,0.06533445399849563,0.917211933668509,0.0016679631163528399
floquet_buffer,ground,6.428571428571428,0.06714068412003124,0.9140913174832627,0.0016155051834938095
floquet_buffer,ground,6.5,0.06898733860536518,0.9108997441333831,5.2979062822119884e-05
floquet_buffer,ground,6.571428571428571,0.07087542328392404,0.9076469654099495,-0.0028644901493667793
floquet_buffer,ground,6.642857142857142,0.07280541305903993,0.9043425476065237,-0.006955655579534602
floquet_buffer,ground,6.7142857142857135,0.07477724479144249,0.9009956192019728,-0.01201947628275606
floquet_buffer,ground,6.785714285714286,0.07679031228098561,0.8976146730218142,-0.017841761914600268
floquet_buffer,ground,6.857142857142857,0.0788434911349426,0.894207381892465,-0.0242018911924385
floquet_buffer,ground,6.928571428571428,0.08093517378111283,0.8907804639509083,-0.030879337638239954
floquet_buffer,ground,7.0,0.08306332819988924,0.8873395749022936,-0.037659808191758765
floquet_buffer,ground,7.071428571428571,0.08522557179731056,0.883889242689964,-0.04434081341015851
floquet_buffer,ground,7.142857142857142,0.0874192487481461,0.880432852303948,-0.05073644367219372
floquet_buffer,ground,7.2142857142857135,0.08964153960102114,0.8769726351230578,-0.05668138250947793
floquet_buffer,ground,7.285714285714286,0.09188955471486157,0.8735097310564419,-0.06203392579968815
floquet_buffer,ground,7.357142857142857,0.09416045386563292,0.8700442365687072,-0.06667812068668408
floquet_buffer,ground,7.428571428571428,0.0964515557047746,0.8665753039452069,-0.07052496255113856
floquet_buffer,ground,7.5,0.09876044852055477,0.8631012478957549,-0.07351271219111319
floquet_buffer,ground,7.571428571428571,0.10108510248144491,0.859619656037024,-0.07560642048689895
floquet_buffer,ground,7.642857142857142,0.10342395888437966,0.8561275301100105,-0.07679671025961642
floquet_buffer,ground,7.7142857142857135,0.10577601990187943,0.8526214092826896,-0.07709796422277876
floquet_buffer,ground,7.785714285714286,0.10814092492965985,0.8490974933819269,-0.07654601411387434
floquet_buffer,ground,7.857142857142857,0.11051899280990214,0.8455517875303873,-0.07519539797540772
floquet_buffer,ground,7.928571428571428,0.11291126146596156,0.8419802102604044,-0.07311636050251333
floquet_buffer,ground,8.0,0.11531948820065419,0.838378723292756,-0.07039164736431809
floquet_buffer,ground,8.071428571428571,0.11774613146131198,0.8347434402590201,-0.06711320992089122
floquet_buffer,ground,8.142857142857142,0.1201943163105918,0.8310707131145865,-0.06337892164542513
floquet_buffer,ground,8.214285714285714,0.1226677350516615,0.8273572676358559,-0.05928934108035065
floquet_buffer,ground,8.285714285714285,0.1251705665249246,0.8236002585199467,-0.05494465090019422
floquet_buffer,ground,8.357142857142856,0.12770732824612957,0.8197973818604083,-0.050441787024154486
floquet_buffer,ground,8.428571428571429,0.13028272479182143,0.8159469455545469,-0.04587184908417607
floquet_buffer,ground,8.5,0.13290146217940824,0.8120479518677025,-0.04131782359827839
floquet_buffer,ground,8.571428571428571,0.13556804534369093,0.808100169890085,-0.03685267076704706
floquet_buffer,ground,8.642857142857142,0.13828656297348124,0.8041041981307644,-0.032537803581573224
floquet_buffer,ground,8.714285714285714,0.14106045963425906,0.8000615254452138,-0.028421995294592883
floquet_buffer,ground,8.785714285714285,0.14389231029826532,0.7959745756754264,-0.024540719032875573
floquet_buffer,ground,8.857142857142856,0.14678360036206503,0.791846740180796,-0.02091594217817492
floquet_buffer,ground,8.928571428571429,0.14973451993545622,0.787682395396494,-0.017556360788436795
floquet_buffer,ground,9.0,0.15274378580232528,0.7834868952214925,-0.014458062894976902
floquet_buffer,ground,9.071428571428571,0.1558084918896006,0.7792665462470563,-0.011605599353853933
floquet_buffer,ground,9.142857142857142,0.15892400197612844,0.7750285563456288,-0.008973411511472922
floquet_buffer,ground,9.214285714285714,0.16208389515979743,0.7707809506452525,-0.00652758050383325
floquet_buffer,ground,9.285714285714285,0.16527995266661805,0.7665324769954697,-0.004227825326298343
floquet_buffer,ground,9.357142857142856,0.1685022191181227,0.7622924665143406,-0.0020296881828107973
floquet_buffer,ground,9.428571428571429,0.17173910720996513,0.7580706908409052,0.00011317093199143131
floquet_buffer,ground,9.5,0.1749775693975678,0.7538771950810585,0.0022466521432877515
floquet_buffer,ground,9.571428571428571,0.17820333082560003,0.7497221111309276,0.004413945292336799
floquet_buffer,ground,9.642857142857142,0.18140115711814278,0.7456154851528833,0.006653394455343916
floquet_buffer,ground,9.714285714285714,0.18455519429300588,0.741567076285205,0.008996569813632206
floquet_buffer,ground,9.785714285714285,0.18764931730240295,0.7375861889976473,0.011466623668188786
floquet_buffer,ground,9.857142857142856,0.19066751970914508,0.7336815031775412,0.0140769772053769
floquet_buffer,ground,9.928571428571429,0.1935943371703655,0.7298608977680321,0.01683039776830604
floquet_buffer,ground,10.0,0.19641522711043835,0.7261313422464316,0.019718496021841177
floquet_buffer,ground,10.071428571428571,0.19911699371547928,0.7224987504092117,0.02272165153843033
floquet_buffer,ground,10.142857142857142,0.2016881793455111,0.7189678686700708,0.025809386981797165
floquet_buffer,ground,10.214285714285714,0.2041193971746091,0.7155422084809957,0.0289411653302727
floquet_buffer,ground,10.285714285714285,0.20640369681229231,0.7122239197442841,0.03206757604271113
floquet_buffer,ground,10.357142857142856,0.2085368076885067,0.7090137533879702,0.035131903210970615
floquet_buffer,ground,10.428571428571429,0.21051734545865683,0.7059110112136017,0.038071978865003187
floquet_buffer,ground,10.5,0.21234706564844566,0.7029134005675118,0.04082227787727372
floquet_buffer,ground,10.571428571428571,0.21403086576367183,0.7000170822054675,0.043316213275511904
floquet_buffer,ground,10.642857142857142,0.2155769036138633,0.6972165447132684,0.045488497402689086
floquet_buffer,ground,10.714285714285714,0.21699652199750746,0.6945046188931396,0.04727755103901485
floquet_buffer,ground,10.785714285714285,0.21830418007150768,0.6918724313849076,0.04862783648949649
floquet_buffer,ground,10.857142857142856,0.21951727874777838,0.6893094265004884,0.04949206607394513
floquet_buffer,ground,10.928571428571429,0.22065589555451137,0.6868034435829984,0.04983319828531946
floquet_buffer,ground,11.0,0.2217425506595438,0.684340735968303,0.04962613760904577
floquet_buffer,ground,11.071428571428571,0.22280175861432916,0.6819062071609383,0.04885911928586527
floquet_buffer,ground,11.142857142857142,0.2238596340110104,0.6794835842573842,0.047534669714674765
floquet_buffer,ground,11.214285714285714,0.22494339975088662,0.6770557066787144,0.045670134100583876
floquet_buffer,ground,11.285714285714285,0.22608082438382737,0.6746049091813355,0.04329773554854528
floquet_buffer,ground,11.357142857142856,0.22729965043054673,0.6721134392891304,0.0404641386331915
floquet_buffer,ground,11.428571428571427,0.2286269468109594,0.6695639852551736,0.037229532630960294
floquet_buffer,ground,11.5,0.23008846555825618,0.6669402263780746,0.03366624091813799
floquet_buffer,ground,11.571428571428571,0.2317079860383888,0.6642274218827179,0.029856902996193296
floquet_buffer,ground,11.642857142857142,0.23350661095789363,0.6614130675379017,0.025892285301228432
floquet_buffer,ground,11.714285714285714,0.23550218698008174,0.658487422969123,0.021868771913308674
floquet_buffer,ground,11.785714285714285,0.23770863676236076,0.6554441298747937,0.017885667252165973
floquet_buffer,ground,11.857142857142856,0.24013545512963794,0.6522806338300766,0.014042355089783248
floquet_buffer,ground,11.928571428571427,0.2427872198906315,0.648998561296761,0.010435460604379885
floquet_buffer,ground,12.0,0.24566319730173936,0.6456039564285163,0.007156098044423343
floquet_buffer,ground,12.071428571428571,0.24875715576707788,0.6421072583518773,0.004287311254174489
floquet_buffer,ground,12.142857142857142,0.2520571511525621,0.6385232652929154,0.0019017928776075468
floquet_buffer,ground,12.214285714285714,0.25554559595004034,0.6348707756584451,5.9970634602352774e-05
floquet_buffer,ground,12.285714285714285,0.2591994165675875,0.6311721224626744,-0.0011915060183488135
floquet_buffer,ground,12.357142857142856,0.2629903365314995,0.6274525866432171,-0.0018208242656667904
floquet_buffer,ground,12.428571428571427,0.26688541357178774,0.6237395929554082,-0.0018116123158617723
floquet_buffer,ground,12.5,0.2708476159465679,0.620061930544744,-0.0011630941159039164
floquet_buffer,ground,12.571428571428571,0.274836550826147,0.6164489178555072,0.00011017735176085257
floquet_buffer,ground,12.642857142857142,0.27880938178548564,0.6129295104351298,0.0019789641870929754
floquet_buffer,ground,12.714285714285714,0.28272172594142486,0.6095315666897371,0.00440031588721887
floquet_buffer,ground,12.785714285714285,0.2865287114795754,0.6062811196449596,0.007318812404515771
floquet_buffer,ground,12.857142857142856,0.2901860093221269,0.6032018238095426,0.010668024684758713
floquet_buffer,ground,12.928571428571427,0.29365086107273114,0.6003145472679887,0.014372137523444583
floquet_buffer,ground,13.0,0.2968831998093378,0.5976370051525101,0.01834769051080587
floquet_buffer,ground,13.071428571428571,0.29984648810235276,0.5951837149036511,0.022505417931004062
floquet_buffer,ground,13.142857142857142,0.302508769273445,0.5929658266855795,0.026752118168302346
floquet_buffer,ground,13.214285714285714,0.30484333708271677,0.5909912613939825,0.03099259261407396
floquet_buffer,ground,13.285714285714285,0.3068294794655484,0.5892647472067247,0.03513157704182278
floquet_buffer,ground,13.357142857142856,0.3084529830687097,0.5877879565361436,0.03907569680697913
floquet_buffer,ground,13.428571428571427,0.3097065183708717,0.5865596110784199,0.04273540502599134
floquet_buffer,ground,13.5,0.3105899221785645,0.5855755157143169,0.04602688352322744
floquet_buffer,ground,13.571428571428571,0.3111102137740087,0.584828627643877,0.04887391781872828
floquet_buffer,ground,13.642857142857142,0.31128156572400856,0.58430898971192,0.05120965808060298
floquet_buffer,ground,13.714285714285714,0.3111251005093616,0.5840036361179487,0.05297826413726915
floquet_buffer,ground,13.785714285714285,0.31066849343257297,0.583896505702372,0.05413639398981143
floquet_buffer,ground,13.857142857142856,0.3099455512251294,0.5839682692555644,0.05465444690305038
floquet_buffer,ground,13.928571428571427,0.3089955675324268,0.5841962600369894,0.054517564808515176
floquet_buffer,ground,14.0,0.30786257655880245,0.5845544604647733,0.053726294854771046
floquet_buffer,ground,14.071428571428571,0.30659468353789787,0.5850134584548786,0.05229685040080176
floquet_buffer,ground,14.142857142857142,0.3052430219455656,0.585540755868981,0.05026101775380694
floquet_buffer,ground,14.214285714285714,0.30386091534359627,0.5861010309841239,0.047665559151989924
floquet_buffer,ground,14.285714285714285,0.3025027947742813,0.5866567261261445,0.044571195734252125
floquet_buffer,ground,14.357142857142856,0.30122318013381133,0.5871687435959142,0.04105111369071373
floquet_buffer,ground,14.428571428571427,0.30007560822334045,0.5875973460762698,0.03718904065364764
floquet_buffer,ground,14.5,0.29911147665552384,0.5879032791206341,0.033076933103635645
floquet_buffer,ground,14.571428571428571,0.2983790853621008,0.5880488720919783,0.0288123333503796
floquet_buffer,ground,14.642857142857142,0.29792244800119055,0.5879994224829285,0.02449549434844131
floquet_buffer,ground,14.714285714285714,0.29778037049297607,0.5877244247695482,0.020226357566858057
floquet_buffer,ground,14.785714285714285,0.2979855062849654,0.5871988229761691,0.016101527265246787
floquet_buffer,ground,14.857142857142856,0.29856350419922617,0.5864041401371279,0.01221134871767362
floquet_buffer,ground,14.928571428571427,0.29953231807183484,0.5853293754894251,0.0086372197300469
floquet_buffer,ground,15.0,0.30090160887107764,0.5839716782701602,0.005449265781180315
floquet_buffer,ground,15.071428571428571,0.30267236734168923,0.5823366592183943,0.0027044704867177412
floquet_buffer,ground,15.142857142857142,0.3048367171496441,0.580438352763071,0.0004453490693653462
floquet_buffer,ground,15.214285714285714,0.3073778366382128,0.5782988761035806,-0.001300780472697008
floquet_buffer,ground,15.285714285714285,0.3102702290293913,0.5759476227541644,-0.002521920298180957
floquet_buffer,ground,15.357142857142856,0.3134801150338914,0.5734202087811957,-0.0032209100278064815
floquet_buffer,ground,15.428571428571427,0.3169660546649201,0.5707571423835119,-0.003414421105255762
floquet_buffer,ground,15.5,0.3206798438344608,0.5680022561501323,-0.003131486879176152
floquet_buffer,ground,15.571428571428571,0.32456744743572064,0.5652011565485452,-0.002411687832369577
floquet_buffer,ground,15.642857142857142,0.3285702933401493,0.5623995304036661,-0.0013031246488048084
floquet_buffer,ground,15.714285714285714,0.3326265394771956,0.5596416658209242,0.00013970575965900896
floquet_buffer,ground,15.785714285714285,0.3366725274091345,0.556969089871072,0.001857998052689964
floquet_buffer,ground,15.857142857142856,0.3406442544599244,0.5544194819146031,0.0037905864388326567
floquet_buffer,ground,15.928571428571427,0.34447887360319224,0.5520258700178552,0.005875668800535265
floquet_buffer,ground,16.0,0.3481161604765971,0.5498161406818597,0.008052253209332455
floquet_buffer,ground,16.07142857142857,0.351499909417758,0.5478128509302305,0.01026130468435083
floquet_buffer,ground,16.142857142857142,0.3545792216185525,0.5460333091036174,0.012446600495890449
floquet_buffer,ground,16.21428571428571,0.3573096482457815,0.5444898739387966,0.014555328910634133
floquet_buffer,ground,16.285714285714285,0.3596541635245232,0.5431904042477319,0.016538485749856304
floquet_buffer,ground,16.357142857142858,0.3615839441838907,0.5421387885420328,0.018351135279111874
floquet_buffer,ground,16.428571428571427,0.36307894265420027,0.541335482984748,0.019952604445864976
floquet_buffer,ground,16.5,0.3641282459370578,0.5407779957346741,0.021306674497492253
floquet_buffer,ground,16.57142857142857,0.3647302204759445,0.5404612685888236,0.02238182116991437
floquet_buffer,ground,16.642857142857142,0.36489244847253965,0.5403779250127354,0.023151537038011566
floquet_buffer,ground,16.71428571428571,0.3646314668348674,0.5405183728709552,0.02359474856339032
floquet_buffer,ground,16.785714285714285,0.3639723237456326,0.5408707697979791,0.023696318908474758
floquet_buffer,ground,16.857142857142858,0.36294797100585713,0.5414208766411293,0.023447607350851787
floquet_buffer,ground,16.928571428571427,0.3615985122419493,0.5421518386498563,0.02284703930724179
floquet_buffer,ground,17.0,0.35997032806485013,0.5430439439340281,0.02190062885857582
floquet_buffer,ground,17.07142857142857,0.3581150994924549,0.5440744135879826,0.020622389152815467
floquet_buffer,ground,17.142857142857142,0.35608875058190853,0.5452172776362325,0.01903456547447641
floquet_buffer,ground,17.21428571428571,0.3539503306974289,0.5464433857150472,0.017167630447112732
floquet_buffer,ground,17.285714285714285,0.3517608546180235,0.547720592758311,0.015059996097933953
floquet_buffer,ground,17.357142857142858,0.3495821188862214,0.5490141464778492,0.012757405049359679
floquet_buffer,ground,17.428571428571427,0.34747551726833714,0.5502872847078514,0.010311983176691537
floquet_buffer,ground,17.5,0.3455008633916836,0.5515020425266166,0.00778096879984001
floquet_buffer,ground,17.57142857142857,0.34371524099813666,0.5526202446755127,0.005225147393260575
floquet_buffer,ground,17.642857142857142,0.34217190964691147,0.5536046373820385,0.002707033095892801
floquet_buffer,ground,17.71428571428571,0.34091925518285293,0.5544201244599755,0.0002888765022196044
floquet_buffer,ground,17.785714285714285,0.3399998440736304,0.5550350174193516,-0.001969409026422405
floquet_buffer,ground,17.857142857142858,0.33944956355411804,0.5554222513147145,-0.004012322016579544
floquet_buffer,ground,17.928571428571427,0.33929687144238246,0.555560489832972,-0.005790707784310016
floquet_buffer,ground,18.0,0.3395622198851684,0.5554350187874018,-0.007263496271028159
floquet_buffer,ground,18.07142857142857,0.34025757214238966,0.5550384298636429,-0.008399090510979087
floquet_buffer,ground,18.142857142857142,0.3413861559660667,0.554370962033643,-0.009176381202899167
floquet_buffer,ground,18.21428571428571,0.34294234664732676,0.5534405479392094,-0.009585280612214989
floquet_buffer,ground,18.285714285714285,0.34491177006086166,0.5522625017400645,-0.009626778579829258
floquet_buffer,ground,18.357142857142858,0.3472715960916755,0.5508588834420112,-0.009312504724201906
floquet_buffer,ground,18.428571428571427,0.3499910283751516,0.5492575699691389,-0.00866383532436772
floquet_buffer,ground,18.5,0.35303198761078114,0.5474910856017958,-0.0077106079028487085
floquet_buffer,ground,18.57142857142857,0.35634997307038546,0.5455952647225748,-0.006489532692583357
floquet_buffer,ground,18.642857142857142,0.3598950849048782,0.5436078278349236,-0.005042410514521623
floquet_buffer,ground,18.71428571428571,0.3636131825465678,0.5415669569003039,-0.0034142756117544024
floquet_buffer,ground,18.785714285714285,0.36744714865980566,0.5395099533821923,-0.0016515831034044689
floquet_buffer,ground,18.857142857142858,0.371338224844906,0.5374720521078675,0.00019944970215230609
floquet_buffer,ground,18.928571428571427,0.375227381014537,0.5354854491979739,0.0020942575685489735
floquet_buffer,ground,19.0,0.3790566799792402,0.5335785818816173,0.003991032978127154
floquet_buffer,ground,19.07142857142857,0.38277059800764357,0.5317756764055506,0.005851489695110883
floquet_buffer,ground,19.142857142857142,0.38631726458000215,0.5300965577501099,0.007641283038706243
floquet_buffer,ground,19.21428571428571,0.3896495876437702,0.5285566949498604,0.009330116087406581
floquet_buffer,ground,19.285714285714285,0.39272623549803365,0.5271674396326711,0.010891586803144438
floquet_buffer,ground,19.357142857142858,0.39551245215414943,0.5259364045453484,0.012302849812596953
floquet_buffer,ground,19.428571428571427,0.39798068964109884,0.5248679238494655,0.01354417680333062
floquet_buffer,ground,19.5,0.4001110474847845,0.5239635380332727,0.01459850073020526
floquet_buffer,ground,19.57142857142857,0.4018915162508728,0.5232224527034248,0.015451021804654626
floquet_buffer,ground,19.642857142857142,0.4033180267054862,0.5226419317701267,0.016088939945674167
floquet_buffer,ground,19.71428571428571,0.40439432530732544,0.52221759375016,0.016501348903513083
floquet_buffer,ground,19.785714285714285,0.405131666897023,0.5219436078686355,0.016679328113102018
floquet_buffer,ground,19.857142857142858,0.4055483574070893,0.5218127858299475,0.016616220031641756
floquet_buffer,ground,19.928571428571427,0.4056691765545546,0.5218165803305492,0.01630805929208845
floquet_buffer,ground,20.0,0.40552466926362535,0.5219450272917319,0.015754134526274624
floquet_buffer,ground,20.07142857142857,0.40515037274936894,0.5221866457579636,0.014957593342600599
floquet_buffer,ground,20.142857142857142,0.40458596987533385,0.5225283416324645,0.0139260532673278
floquet_buffer,ground,20.21428571428571,0.4038743543660576,0.522955361661984,0.012672148331717384
floquet_buffer,ground,20.285714285714285,0.4030607554023543,0.5234512801641716,0.011213912250489084
floquet_buffer,ground,20.357142857142858,0.4021917642681242,0.5239981074239716,0.0095750033418938
floquet_buffer,ground,20.428571428571427,0.4013143788950809,0.524576498803619,0.007784658949713103
floquet_buffer,ground,20.5,0.4004752077996494,0.525166020979277,0.0058773973283987625
floquet_buffer,ground,20.57142857142857,0.399719425719674,0.5257456347246245,0.0038924505139778277
floquet_buffer,ground,20.642857142857142,0.3990900612798559,0.5262941616924586,0.001872904987926926
floquet_buffer,ground,20.71428571428571,0.39862716028297784,0.5267908948298945,-0.0001353926659618948
floquet_buffer,ground,20.785714285714285,0.39836707846131303,0.527216229532838,-0.0020851432664269268
floquet_buffer,ground,20.857142857142858,0.39834184427725566,0.5275523089666209,-0.003929049985331726
floquet_buffer,ground,20.928571428571427,0.3985785727825183,0.5277836585876057,-0.005621366710926539
floquet_buffer,ground,21.0,0.3990990301057336,0.5278977367764615,-0.007119452782312097
floquet_buffer,ground,21.07142857142857,0.3999192379903551,0.5278854146604098,-0.008385259246982446
floquet_buffer,ground,21.142857142857142,0.4010491969788645,0.5277413261790516,-0.009386683338042068
floquet_buffer,ground,21.21428571428571,0.4024928143669192,0.52746403444858,-0.010098701208385706
floquet_buffer,ground,21.285714285714285,0.40424778450304155,0.527056100797936,-0.01050423391099276
floquet_buffer,ground,21.357142857142858,0.4063057683634944,0.5265239168289819,-0.010594706252335608
floquet_buffer,ground,21.428571428571427,0.40865257921708537,0.525877420505115,-0.010370261240585484
floquet_buffer,ground,21.5,0.4112685575101538,0.5251296402494542,-0.009839636277944439
floquet_buffer,ground,21.57142857142857,0.414129053305649,0.5242961227630298,-0.009019711317192827
floquet_buffer,ground,21.642857142857142,0.41720497375928434,0.5233942883929223,-0.007934768433258896
floquet_buffer,ground,21.71428571428571,0.4204635234983499,0.5224427029141776,-0.006615506832165624
floquet_buffer,ground,21.785714285714285,0.4238689269566857,0.5214603751651081,-0.00509788796872523
floquet_buffer,ground,21.857142857142858,0.42738328074299553,0.5204660607416595,-0.003421870137227324
floquet_buffer,ground,21.928571428571427,0.43096744370626233,0.5194776351479835,-0.001630112280241931
floquet_buffer,ground,22.0,0.43458190273055863,0.5185115736263685,0.0002332931855663516
floquet_buffer,ground,22.07142857142857,0.438187676987384,0.5175825339527548,0.0021239949194534692
floquet_buffer,ground,22.142857142857142,0.4417471797508352,0.516703070525251,0.003998427642870517
floquet_buffer,ground,22.21428571428571,0.4452250155342714,0.5158834794287338,0.00581469825122255
floquet_buffer,ground,22.285714285714285,0.4485887181696101,0.5151317604274469,0.007533305099151609
floquet_buffer,ground,22.357142857142858,0.45180938569177453,0.5144536862547724,0.00911769540406873
floquet_buffer,ground,22.428571428571427,0.45486222005914884,0.5138529529772524,0.01053468135064601
floquet_buffer,ground,22.5,0.4577269314770075,0.5133313936704204,0.011754746880100414
floquet_buffer,ground,22.57142857142857,0.4603880415437222,0.512889221356934,0.012752269002634369
floquet_buffer,ground,22.642857142857142,0.4628350391677678,0.5125252863695813,0.013505709278491419
floquet_buffer,ground,22.71428571428571,0.46506243359909616,0.5122373213934697,0.013997772151104246
floquet_buffer,ground,22.785714285714285,0.46706967929929344,0.5120221623454657,0.01421559363770171
floquet_buffer,ground,22.857142857142854,0.4688609957449052,0.5118759355880648,0.014150933970931626
floquet_buffer,ground,22.928571428571427,0.4704450969783557,0.5117942045601067,0.013800406583378229
floquet_buffer,ground,23.0,0.47183482693439277,0.5117720804820058,0.013165722770551308
floquet_buffer,ground,23.07142857142857,0.4730467449067678,0.5118042999226244,0.0122539096833339
floquet_buffer,ground,23.142857142857142,0.4741006432121014,0.5118852773971141,0.011077534370355486
floquet_buffer,ground,23.21428571428571,0.47501902651121086,0.5120091472914998,0.009654825075895958
floquet_buffer,ground,23.285714285714285,0.4758265790383993,0.5121697997479664,0.008009716438992471
floquet_buffer,ground,23.357142857142854,0.4765495957121363,0.5123609248698837,0.006171767988210151
floquet_buffer,ground,23.428571428571427,0.4772154266318448,0.5125760739239071,0.004175889583497273
floquet_buffer,ground,23.5,0.4778519330164639,0.5128087381436585,0.0020619210998642813
floquet_buffer,ground,23.57142857142857,0.47848691927653214,0.5130524547533061,-0.00012600545473285402
floquet_buffer,ground,23.642857142857142,0.4791476378281891,0.5133009385025824,-0.002340341497736549
floquet_buffer,ground,23.71428571428571,0.479860309827308,0.5135482250343735,-0.004531110028976833
floquet_buffer,ground,23.785714285714285,0.4806496009919083,0.5137888445142278,-0.0066471908466374345
floquet_buffer,ground,23.857142857142854,0.48153826952169954,0.5140179859558363,-0.008637652008937175
floquet_buffer,ground,23.928571428571427,0.48254672284971023,0.5142316693450824,-0.010453263538611101
floquet_buffer,ground,24.0,0.4836927094690384,0.514426898478863,-0.012048040188948138
floquet_buffer,ground,24.07142857142857,0.48499101584724924,0.5146017854225271,-0.013380782649812045
floquet_buffer,ground,24.142857142857142,0.48645318530540504,0.5147556483244107,-0.014416589949930173
floquet_buffer,ground,24.21428571428571,0.4880873986997637,0.5148890503627684,-0.015128201283585765
floquet_buffer,ground,24.285714285714285,0.4898982873086598,0.5150037966955948,-0.015497173008714667
floquet_buffer,ground,24.357142857142854,0.4918868924413231,0.5151028687327157,-0.015514786116017153
floquet_buffer,ground,24.428571428571427,0.49405066008527876,0.5151903021882259,-0.0151826476374171
floquet_buffer,ground,24.5,0.4963835073989028,0.5152710098991127,-0.014512939807345507
floquet_buffer,ground,24.57142857142857,0.498875966093151,0.5153505555835414,-0.013528294092304098
floquet_buffer,ground,24.642857142857142,0.5015153718351565,0.5154348891589114,-0.012261281254937643
floquet_buffer,ground,24.71428571428571,0.5042861545021562,0.5155300563035825,-0.010753525003761748
floquet_buffer,ground,24.785714285714285,0.5071701766277874,0.5156418978065643,-0.009054475967245835
floquet_buffer,ground,24.857142857142854,0.5101470869248702,0.5157757534356799,-0.007219891763537892
floquet_buffer,ground,24.928571428571427,0.5131948071255018,0.5159361909001399,-0.005310084543391537
floquet_buffer,ground,25.0,0.5162899714215056,0.516126769912032,-0.0033880174917190614
floquet_buffer,excited,0.0,1.0,1.0,0.0
floquet_buffer,excited,0.07142857142857142,0.9999673784284326,0.9999347590081398,-4.434748427001287e-05
floquet_buffer,excited,0.14285714285714285,0.9998696439202039,0.9997393232773544,-0.0003510700189048717
floquet_buffer,excited,0.21428571428571427,0.999707006787858,0.9994142015635188,-0.0011679222801329664
floquet_buffer,excited,0.2857142857142857,0.9994797095350004,0.9989600504756169,-0.002718244935060935
floquet_buffer,excited,0.3571428571428571,0.9991880466825871,0.9983777483568101,-0.005192639469045175
floquet_buffer,excited,0.42857142857142855,0.9988323875702897,0.9976684834676093,-0.00874198569472715
floquet_buffer,excited,0.5,0.9984132018530907,0.9968338514826376,-0.013472045447865037
floquet_buffer,excited,0.5714285714285714,0.9979310844070086,0.9958759509553308,-0.019439798630495147
floquet_buffer,excited,0.6428571428571428,0.9973867788286976,0.9947974703085973,-0.02665159091232709
floquet_buffer,excited,0.7142857142857142,0.9967811969350867,0.9936017566918631,-0.03506308427205718
floquet_buffer,excited,0.7857142857142857,0.996115432826687,0.9922928599618859,-0.04458093432842858
floquet_buffer,excited,0.8571428571428571,0.995390769826749,0.9908755454044238,-0.05506605425560725
floquet_buffer,excited,0.9285714285714285,0.9946086791302692,0.9893552708762323,-0.0663382776346671
floquet_buffer,excited,1.0,0.9937708092915465,0.9877381257559781,-0.07818219861783822
floquet_buffer,excited,1.0714285714285714,0.9928789661443292,0.9860307311624843,-0.09035394873975623
floquet_buffer,excited,1.1428571428571428,0.9919350831883775,0.9842401028773586,-0.10258866377490672
floquet_buffer,excited,1.2142857142857142,0.9909411828277455,0.982373480136082,-0.11460839750650402
floquet_buffer,excited,1.2857142857142856,0.9898993295607165,0.9804381256801566,-0.12613025904618372
floquet_buffer,excited,1.357142857142857,0.9888115774624435,0.9784411056681617,-0.13687456757773003
floquet_buffer,excited,1.4285714285714284,0.9876799114942838,0.9763890532707704,-0.14657282030981295
floquet_buffer,excited,1.5,0.9865061849345306,0.9742879252170158,-0.15497530824595157
floquet_buffer,excited,1.5714285714285714,0.9852920605807353,0.9721427714398287,-0.16185826695097746
floquet_buffer,excited,1.6428571428571428,0.9840389505988433,0.9699575131380507,-0.16703038821101535
floquet_buffer,excited,1.7142857142857142,0.982747962548369,0.9677347490955424,-0.17033856314982637
floquet_buffer,excited,1.7857142857142856,0.9814198553850729,0.965475602316871,-0.17167280579614058
floquet_buffer,excited,1.857142857142857,0.9800550039200123,0.963179608841324,-0.17097015081581812
floquet_buffer,excited,1.9285714285714284,0.9786533795873876,0.9608446672530653,-0.16821752449354077
floquet_buffer,excited,2.0,0.9772145459969521,0.9584670497130443,-0.16345338913085267
floquet_buffer,excited,2.071428571428571,0.9757376739587504,0.956041484951192,-0.15676816317151215
floquet_buffer,excited,2.142857142857143,0.9742215765737401,0.9535613160203442,-0.14830325691313417
floquet_buffer,excited,2.214285714285714,0.9726647651698506,0.9510187333857207,-0.1382487467756902
floquet_buffer,excited,2.2857142857142856,0.9710655262292918,0.9484050820982437,-0.12683961684838643
floquet_buffer,excited,2.357142857142857,0.9694220202979409,0.9457112414258826,-0.11435059353611278
floquet_buffer,excited,2.4285714285714284,0.9677323979545596,0.9429280620692124,-0.10108966278572395
floquet_buffer,excited,2.5,0.9659949329141303,0.9400468544624985,-0.0873903648323569
floquet_buffer,excited,2.571428571428571,0.9642081668534115,0.9370599091897128,-0.0736030558255602
floquet_buffer,excited,2.642857142857143,0.9623710620287746,0.9339610322696861,-0.060085366057521766
floquet_buffer,excited,2.714285714285714,0.9604831557217304,0.9307460731418823,-0.04719214135590544
floquet_buffer,excited,2.7857142857142856,0.9585447105220182,0.927413422695292,-0.03526519606201724
floquet_buffer,excited,2.8571428571428568,0.9565568537695457,0.9239644574861878,-0.024623235999569473
floquet_buffer,excited,2.9285714285714284,0.9545216994865141,0.9204039070957244,-0.015552322669503023
floquet_buffer,excited,3.0,0.952442446294117,0.9167401233553363,-0.008297243641212945
floquet_buffer,excited,3.071428571428571,0.9503234453579248,0.9129852333307851,-0.003054127606441824
floquet_buffer,excited,3.142857142857143,0.9481702332532375,0.9091551622418295,3.5403520442270036e-05
floquet_buffer,excited,3.214285714285714,0.9459895257825555,0.9052695177462862,0.0008883164792289301
floquet_buffer,excited,3.2857142857142856,0.9437891701503818,0.9013513329208405,-0.0005176694882756678
floquet_buffer,excited,3.3571428571428568,0.9415780544405556,0.8974266714739139,-0.0041439032290503915
floquet_buffer,excited,3.4285714285714284,0.9393659749671478,0.8935241048360516,-0.009892584566471676
floquet_buffer,excited,3.5,0.93716346369653,0.8896740764046718,-0.017610401709166966
floquet_buffer,excited,3.571428571428571,0.934981579481633,0.8859081730256171,-0.027093838218734984
floquet_buffer,excited,3.642857142857143,0.9328316678733226,0.8822583269367321,-0.03809590130024993
floquet_buffer,excited,3.714285714285714,0.9307250954342565,0.8787559738380311,-0.0503339751404531
floquet_buffer,excited,3.7857142857142856,0.9286729725560883,0.8754312048500682,-0.06349845629354821
floquet_buffer,excited,3.8571428571428568,0.9266858584853215,0.8723119181097381,-0.07726189298656033
floquet_buffer,excited,3.9285714285714284,0.9247734634453263,0.8694230042755756,-0.09128820961324238
floquet_buffer,excited,4.0,0.922944364152247,0.8667856055644629,-0.10524179982830986
floquet_buffer,excited,4.071428571428571,0.9212057367434427,0.8644164576575355,-0.11879615926344148
floquet_buffer,excited,4.142857142857142,0.9195631010600727,0.862327314823131,-0.13164186865953564
floquet_buffer,excited,4.214285714285714,0.9180200958611284,0.8605244875955363,-0.14349369717800445
floquet_buffer,excited,4.285714285714286,0.9165783020554354,0.8590085217602161,-0.1540967878198874
floquet_buffer,excited,4.357142857142857,0.9152370860594763,0.8577739734317648,-0.163231713335551
floquet_buffer,excited,4.428571428571428,0.9139935118032129,0.8568093501287302,-0.17071847280994967
floquet_buffer,excited,4.5,0.9128422858319425,0.8560971632267456,-0.17641934349574587
floquet_buffer,excited,4.571428571428571,0.9117757583973263,0.8556141167105643,-0.18024061464472277
floquet_buffer,excited,4.642857142857142,0.9107839980993835,0.8553314607925666,-0.18213327076960723
floquet_buffer,excited,4.714285714285714,0.9098548894562528,0.8552154228277766,-0.18209260059236215
floquet_buffer,excited,4.785714285714286,0.9089743294149344,0.8552278307087495,-0.18015686171015294
floquet_buffer,excited,4.857142857142857,0.9081264525919268,0.8553268164906336,-0.17640499540374205
floquet_buffer,excited,4.928571428571428,0.9072939177453583,0.8554676418781021,-0.17095348886985537
floquet_buffer,excited,5.0,0.9064582762540148,0.855603678225159,-0.16395246190078644
floquet_buffer,excited,5.071428571428571,0.905600343101759,0.8556874048551378,-0.1555810155613534
floquet_buffer,excited,5.142857142857142,0.9047006586121485,0.8556715591229865,-0.14604197177718747
floquet_buffer,excited,5.214285714285714,0.9037399598267286,0.8555103009803195,-0.1355561046063688
floquet_buffer,excited,5.285714285714286,0.9026996878501778,0.8551604191541557,-0.12435594073142667
floquet_buffer,excited,5.357142857142857,0.9015625193490073,0.854582550519575,-0.1126793666734638
floquet_buffer,excited,5.428571428571428,0.9003128880275798,0.8537423391233855,-0.10076307032183307
floquet_buffer,excited,5.5,0.8989375064478726,0.8526115381280673,-0.08883612922804848
floquet_buffer,excited,5.571428571428571,0.8974258568055679,0.851168986903202,-0.07711385087942563
floquet_buffer,excited,5.642857142857142,0.8957706393343783,0.849401430634575,-0.06579210291460659
floquet_buffer,excited,5.7142857142857135,0.893968161017757,0.8473041424017531,-0.05504231683834922
floquet_buffer,excited,5.785714285714286,0.89201864772627,0.8448813124103127,-0.045007351200638285
floquet_buffer,excited,5.857142857142857,0.8899264652308114,0.8421461783794655,-0.03579837105503387
floquet_buffer,excited,5.928571428571428,0.8877002358975735,0.8391208797721946,-0.027492866162282355
floquet_buffer,excited,6.0,0.8853528411124264,0.8358360310021936,-0.020133884925371735
floquet_buffer,excited,6.071428571428571,0.88290130284737,0.8323300214237551,-0.013730509135130582
floquet_buffer,excited,6.142857142857142,0.8803665419627698,0.8286480632645612,-0.008259538798042036
floquet_buffer,excited,6.2142857142857135,0.877773015255954,0.8248410210496641,-0.0036683006470826863
floquet_buffer,excited,6.285714285714286,0.8751482378700698,0.8209640667673137,0.00012155770043361801
floquet_buffer,excited,6.357142857142857,0.8725222021400957,0.8170752130329116,0.003209469822985404
floquet_buffer,excited,6.428571428571428,0.8699267080596437,0.8132337812076733,0.005710763659570069
floquet_buffer,excited,6.5,0.8673946240561078,0.809498862443158,0.007751120515758482
floquet_buffer,excited,6.571428571428571,0.8649590994740786,0.805927826953022,0.009460920521876486
floquet_buffer,excited,6.642857142857142,0.862652751943568,0.8025749307995793,0.010969707180907798
floquet_buffer,excited,6.7142857142857135,0.8605068535739621,0.7994900607817712,0.012400983241677717
floquet_buffer,excited,6.785714285714286,0.8585505396581345,0.7967176475100042,0.013867519675568048
floquet_buffer,excited,6.857142857142857,0.8568100623535755,0.7942957654672985,0.01546732207704538
floquet_buffer,excited,6.928571428571428,0.8553081097485344,0.792255427812028,0.017280357733269924
floquet_buffer,excited,7.0,0.8540632079884558,0.7906200738028923,0.019366105265369454
floquet_buffer,excited,7.071428571428571,0.8530892209297313,0.7894052387581805,0.02176195011898222
floquet_buffer,excited,7.142857142857142,0.8523949583151821,0.7886183908818856,0.024482415635332353
floquet_buffer,excited,7.2142857142857135,0.8519838999344325,0.788258916299521,0.027519192535016463
floquet_buffer,excited,7.285714285714286,0.8518540398265401,0.7883182331704777,0.030841910104378634
floquet_buffer,excited,7.357142857142857,0.8519978514512995,0.7887800174621563,0.03439958006863508
floquet_buffer,excited,7.428571428571428,0.8524023720055547,0.7896205263763523,0.03812263822664655
floquet_buffer,excited,7.5,0.8530494017501256,0.7908090098803775,0.04192550801719578
floquet_buffer,excited,7.571428571428571,0.8539158123529508,0.7923082056299982,0.0457096125427971
floquet_buffer,excited,7.642857142857142,0.8549739568136947,0.7940749171039883,0.04936676531229438
floquet_buffer,excited,7.7142857142857135,0.856192172448505,0.7960606783901324,0.05278287325948047
floquet_buffer,excited,7.785714285714286,0.8575353675905756,0.7982125112654215,0.055841886877809215
floquet_buffer,excited,7.857142857142857,0.858965681999456,0.8004737806315954,0.05842993040099876
floquet_buffer,excited,7.928571428571428,0.8604432103655505,0.8027851527913076,0.06043953918366464
floquet_buffer,excited,8.0,0.8619267776525134,0.8050856574398081,0.061773921705926466
floquet_buffer,excited,8.071428571428571,0.8633747542668382,0.8073138487365079,0.06235115047043282
floquet_buffer,excited,8.142857142857142,0.86474589813801,0.8094090537176374,0.06210817061943596
floquet_buffer,excited,8.214285714285714,0.8660002097266611,0.8113126880859999,0.061004499074481064
floquet_buffer,excited,8.285714285714285,0.8670997847843083,0.8129696106913249,0.05902547251335301
floquet_buffer,excited,8.357142857142856,0.8680096484470611,0.8143294795322822,0.05618489206721345
floquet_buffer,excited,8.428571428571429,0.8686985530403064,0.8153480646602018,0.05252690869645435
floquet_buffer,excited,8.5,0.869139720970506,0.8159884678190188,0.048126998181940155
floquet_buffer,excited,8.571428571428571,0.8693115134249938,0.816222195762039,0.04309189052843976
floquet_buffer,excited,8.642857142857142,0.8691980054575609,0.8160300346032708,0.03755834646823336
floquet_buffer,excited,8.714285714285714,0.8687894485654781,0.8154026767176981,0.03169071391901693
floquet_buffer,excited,8.785714285714285,0.8680826031933891,0.8143410597369676,0.02567724872932116
floquet_buffer,excited,8.857142857142856,0.8670809258216257,0.8128563888801938,0.019725244606490184
floquet_buffer,excited,8.928571428571429,0.8657945984454746,0.810969828623076,0.014055083302370694
floquet_buffer,excited,9.0,0.864240392295296,0.8087118665904172,0.008893383419430863
floquet_buffer,excited,9.071428571428571,0.8624413624795821,0.8061213703065787,0.004465489376296488
floquet_buffer,excited,9.142857142857142,0.8604263756756781,0.8032443746132707,0.000987595677473623
floquet_buffer,excited,9.214285714285714,0.8582294788020797,0.800132652675444,-0.0013411594793741753
floquet_buffer,excited,9.285714285714285,0.8558891224869065,0.796842135173432,-0.002346277311835107
floquet_buffer,excited,9.357142857142856,0.8534472587736447,0.7934312494353188,-0.0018848062354040527
floquet_buffer,excited,9.428571428571429,0.8509483375461301,0.7899592522325977,0.0001487529698896609
floquet_buffer,excited,9.5,0.8484382303001954,0.7864846265945479,0.0038178253063775383
floquet_buffer,excited,9.571428571428571,0.8459631128775734,0.7830636046867279,0.009140638306013596
floquet_buffer,excited,9.642857142857142,0.8435683404179717,0.7797488664447283,0.016088733230890467
floquet_buffer,excited,9.714285714285714,0.8412973479753096,0.7765884485506998,0.024587159226570017
floquet_buffer,excited,9.785714285714285,0.8391906089789809,0.7736248820209595,0.034516310449062386
floquet_buffer,excited,9.857142857142856,0.8372846810932267,0.7708945607248765,0.0457152833674488
floquet_buffer,excited,9.928571428571429,0.8356113652184383,0.7684273290309993,0.05798656037305368
floquet_buffer,excited,10.0,0.8341969986405322,0.7662462656344253,0.07110177130120282
floquet_buffer,excited,10.071428571428571,0.833061897970572,0.7643676332100457,0.08480824957750926
floquet_buffer,excited,10.142857142857142,0.83221996185149,0.7628009601484389,0.09883608559522232
floquet_buffer,excited,10.214285714285714,0.8316784377630553,0.7615492211009378,0.11290538585707673
floquet_buffer,excited,10.285714285714285,0.8314378519222756,0.7606090868347557,0.12673346992231407
floquet_buffer,excited,10.357142857142856,0.8314920964972551,0.7599712201395308,0.14004177452108116
floquet_buffer,excited,10.428571428571429,0.8318286643076894,0.7596206022341336,0.1525622807370063
floquet_buffer,excited,10.5,0.8324290179832224,0.7595368822637003,0.16404333100360005
floquet_buffer,excited,10.571428571428571,0.833269078228791,0.7596947500958862,0.17425475307657592
floquet_buffer,excited,10.642857142857142,0.8343198143747689,0.7600643389293928,0.1829922539857277
floquet_buffer,excited,10.714285714285714,0.835547919684642,0.7606116686406147,0.1900810849807248
floquet_buffer,excited,10.785714285714285,0.8369165538280832,0.7612991429779111,0.1953790064793206
floquet_buffer,excited,10.857142857142856,0.838386135350919,0.762086113562966,0.19877859894973238
floquet_buffer,excited,10.928571428571429,0.8399151677243408,0.7629295212788156,0.20020897154816056
floquet_buffer,excited,11.0,0.8414610834779621,0.763784621290032,0.19963691619795873
floquet_buffer,excited,11.071428571428571,0.8429810918776743,0.764605792058682,0.19706754245371377
floquet_buffer,excited,11.142857142857142,0.8444330164910752,0.765347421787393,0.19254441036333003
floquet_buffer,excited,11.214285714285714,0.8457761097178308,0.7659648582905539,0.18614915744420557
floquet_buffer,excited,11.285714285714285,0.8469718319166176,0.7664154009429537,0.17800059483440517
floquet_buffer,excited,11.357142857142856,0.8479845831414851,0.7666593066555869,0.16825322965766776
floquet_buffer,excited,11.428571428571427,0.8487823757534502,0.7666607763258868,0.1570951584246403
floquet_buffer,excited,11.5,0.8493374363750735,0.766388884394525,0.14474527223886643
floquet_buffer,excited,11.571428571428571,0.8496267259081473,0.7658184124202949,0.1314497204365918
floquet_buffer,excited,11.642857142857142,0.8496323667532321,0.7649305482520485,0.11747759603591794
floquet_buffer,excited,11.714285714285714,0.8493419670730296,0.7637134155812795,0.10311583404706745
floquet_buffer,excited,11.785714285714285,0.8487488330380462,0.7621624043774682,0.0886633513163457
floquet_buffer,excited,11.857142857142856,0.8478520615689045,0.760280280725357,0.07442450209461002
floquet_buffer,excited,11.928571428571427,0.8466565081968236,0.7580770644844828,0.06070197388276502
floquet_buffer,excited,12.0,0.8451726273069344,0.7555696743708551,0.04778929940846896
floquet_buffer,excited,12.071428571428571,0.8434161852074463,0.7527813518234785,0.03596320840116818
floquet_buffer,excited,12.142857142857142,0.8414078499649303,0.7497408863393885,0.025476082333347916
floquet_buffer,excited,12.214285714285714,0.8391726658089727,0.7464816752412808,0.01654880226404832
floquet_buffer,excited,12.285714285714285,0.8367394237980947,0.7430406590482481,0.009364290449048162
floquet_buffer,excited,12.357142857142856,0.8341399441945055,0.7394571791764466,0.004062037963874511
floquet_buffer,excited,12.428571428571427,0.8314082893948912,0.7357718071764066,0.000733882196552848
floquet_buffer,excited,12.5,0.8285799290736106,0.732025193947375,-0.0005787495812223802
floquet_buffer,excited,12.571428571428571,0.8256908812168648,0.7282569835069315,0.00011402127060125902
floquet_buffer,excited,12.642857142857142,0.8227768538058193,0.7245048293701908,0.002751079074798851
floquet_buffer,excited,12.714285714285714,0.8198724119457099,0.7208035430781563,0.007222551908152219
floquet_buffer,excited,12.785714285714285,0.8170101942076515,0.7171843947378912,0.01337363955302081
floquet_buffer,excited,12.857142857142856,0.8142201998937674,0.7136745754869107,0.02100985824981573
floquet_buffer,excited,12.928571428571427,0.8115291659678727,0.7102968224176271,0.029903461501002364
floquet_buffer,excited,13.0,0.8089600486874818,0.7070691984088268,0.03980074489573478
floquet_buffer,excited,13.071428571428571,0.8065316207486035,0.7040050130223849,0.050429911347200165
floquet_buffer,excited,13.142857142857142,0.8042581902603176,0.7011128664076206,0.0615091627577559
floquet_buffer,excited,13.214285714285714,0.8021494433560911,0.6983967960423131,0.07275469455565786
floquet_buffer,excited,13.285714285714285,0.8002104079646208,0.6958565059413185,0.08388829863838201
floquet_buffer,excited,13.357142857142856,0.7984415324150129,0.6934876593279216,0.09464432444043286
floquet_buffer,excited,13.428571428571427,0.7968388693046362,0.6912822182349067,0.10477580257023816
floquet_buffer,excited,13.5,0.795394352524452,0.6892288165929186,0.1140595957211953
floquet_buffer,excited,13.571428571428571,0.7940961535700413,0.6873131566101247,0.12230050239699458
floquet_buffer,excited,13.642857142857142,0.7929291022653402,0.6855184212594106,0.12933429594489773
floquet_buffer,excited,13.714285714285714,0.7918751567394109,0.6838256981791548,0.13502973085715794
floquet_buffer,excited,13.785714285714285,0.790913907833874,0.682214412085875,0.13928958774361416
floquet_buffer,excited,13.857142857142856,0.7900231039616294,0.6806627638253775,0.14205085641411389
floquet_buffer,excited,13.928571428571427,0.7891791836524955,0.679148174479997,0.14328417286998013
floquet_buffer,excited,14.0,0.7883578044715356,0.6776477326002437,0.14299263140272558
floquet_buffer,excited,14.071428571428571,0.7875343585515954,0.6761386417830506,0.14121008893065026
floquet_buffer,excited,14.142857142857142,0.7866844666993906,0.6745986648419813,0.13799906728469036
floquet_buffer,excited,14.214285714285714,0.7857844452251449,0.6730065603464294,0.1334483432673266
floquet_buffer,excited,14.285714285714285,0.7848117315384309,0.6713424950215303,0.12767029473839564
floquet_buffer,excited,14.357142857142856,0.7837452874219376,0.6695884513082901,0.12079804792740897
floquet_buffer,excited,14.428571428571427,0.7825659417698434,0.6677285813826881,0.11298248157927071
floquet_buffer,excited,14.5,0.7812567049457787,0.6657495383083329,0.10438906729177583
floquet_buffer,excited,14.571428571428571,0.7798030257479036,0.6636407452407861,0.09519459926595453
floquet_buffer,excited,14.642857142857142,0.7781929976205846,0.6613946030551957,0.08558378520100984
floquet_buffer,excited,14.714285714285714,0.7764175314629604,0.6590066505299449,0.07574571943604277
floquet_buffer,excited,14.785714285714285,0.7744704478286448,0.6564756190639727,0.06587026302525575
floquet_buffer,excited,14.857142857142856,0.7723485450113066,0.6538034419587122,0.05614433406653406
floquet_buffer,excited,14.928571428571427,0.7700515960361719,0.6509951649363996,0.04674818413467782
floquet_buffer,excited,15.0,0.7675822866609228,0.6480587722091055,0.03785169215497894
floquet_buffer,excited,15.071428571428571,0.7649461299177092,0.6450049699039488,0.02961077874054581
floquet_buffer,excited,15.142857142857142,0.7621512831751225,0.6418468516540753,0.02216402449020763
floquet_buffer,excited,15.214285714285714,0.759208359496321,0.6385995517229639,0.015629603630602666
floquet_buffer,excited,15.285714285714285,0.7561301696888236,0.6352798268249678,0.01010263580212704
floquet_buffer,excited,15.357142857142856,0.7529314232204287,0.6319056030051676,0.005653088350925823
floquet_buffer,excited,15.428571428571427,0.749628412804569,0.6284955257435081,0.002324304384189733
floquet_buffer,excited,15.5,0.746238648773839,0.6250684828387882,0.0001322558165734104
floquet_buffer,excited,15.571428571428571,0.7427804960649784,0.6216431651434509,-0.0009344283737976242
floquet_buffer,excited,15.642857142857142,0.7392727851760282,0.6182376381964729,-0.0009136398353544215
floquet_buffer,excited,15.714285714285714,0.7357344342182792,0.614868968664579,0.0001318264403135984
floquet_buffer,excited,15.785714285714285,0.7321840701007721,0.6115528917798143,0.002116617783377822
floquet_buffer,excited,15.857142857142856,0.7286396750368777,0.608303546924159,0.004935826881316304
floquet_buffer,excited,15.928571428571427,0.7251182543192962,0.6051332714244145,0.008468523096200276
floquet_buffer,excited,16.0,0.7216355385385009,0.6020524610142441,0.012581672752536372
floquet_buffer,excited,16.07142857142857,0.71820572434446,0.599069492822607,0.0171342872456664
floquet_buffer,excited,16.142857142857142,0.7148412582271206,0.5961907070462196,0.021981630902528432
floquet_buffer,excited,16.21428571428571,0.7115526662055562,0.5934204410175854,0.026979324572759856
floquet_buffer,excited,16.285714285714285,0.7083484303565998,0.5907611078143953,0.031987193218577736
floquet_buffer,excited,16.357142857142858,0.7052349118620367,0.5882133109245075,0.03687272712462393
floquet_buffer,excited,16.428571428571427,0.7022163186684738,0.5857759861040408,0.04151405373479773
floquet_buffer,excited,16.5,0.6992947148214583,0.583446561969761,0.045802348657125444
floquet_buffer,excited,16.57142857142857,0.6964700675864965,0.5812211315566516,0.04964364744643199
floquet_buffer,excited,16.642857142857142,0.6937403279236561,0.5790946281717501,0.0529600520119745
floquet_buffer,excited,16.71428571428571,0.6911015395850583,0.5770610001407476,0.05569035481697025
floquet_buffer,excited,16.785714285714285,0.6885479721193185,0.5751133804268436,0.05779012878158466
floquet_buffer,excited,16.857142857142858,0.6860722733175784,0.5732442484671768,0.05923134986590113
floquet_buffer,excited,16.928571428571427,0.6836656371127755,0.5714455828671015,0.06000163206898172
floquet_buffer,excited,17.0,0.6813179841009638,0.5697090051522664,0.06010315916680307
floquet_buffer,excited,17.07142857142857,0.6790181485774477,0.568025912608003,0.05955141116097307
floquet_buffer,excited,17.142857142857142,0.6767540770335925,0.5663876069026095,0.058373748345717236
floquet_buffer,excited,17.21428571428571,0.6745130304737136,0.5647854156102927,0.0566079386760948
floquet_buffer,excited,17.285714285714285,0.6722817898489745,0.563210808375525,0.05430069996591557
floquet_buffer,excited,17.357142857142858,0.6700468716337848,0.5616555152869225,0.05150628429977403
floquet_buffer,excited,17.428571428571427,0.6677947381254571,0.5601116379214033,0.04828516267993439
floquet_buffer,excited,17.5,0.6655120230996221,0.5585717685860999,0.044702806489714114
floquet_buffer,excited,17.57142857142857,0.663185753037865,0.5570291045982756,0.040828591087685384
floquet_buffer,excited,17.642857142857142,0.6608035717883189,0.5554775626464824,0.03673480506421478
floquet_buffer,excited,17.71428571428571,0.6583539759952066,0.5539118975364979,0.03249574901339685
floquet_buffer,excited,17.785714285714285,0.6558265323199413,0.5523278047282091,0.02818690756281876
floquet_buffer,excited,17.857142857142858,0.6532121114467321,0.5507220279506441,0.023884152256855227
floquet_buffer,excited,17.928571428571427,0.65050310144471,0.5490924457346181,0.019662967454341464
floquet_buffer,excited,18.0,0.6476936129244986,0.5474381429162755,0.015597639319332762
floquet_buffer,excited,18.07142857142857,0.6447796684103956,0.5457594607343803,0.011760407597434509
floquet_buffer,excited,18.142857142857142,0.6417593672688003,0.5440580188754547,0.00822055505213103
floquet_buffer,excited,18.21428571428571,0.6386330214885134,0.5423367062151387,0.005043424154221259
floquet_buffer,excited,18.285714285714285,0.6354032556078502,0.5405996368716393,0.002289367478646713
floquet_buffer,excited,18.357142857142858,0.632075064526649,0.5388520697554559,1.2646635036275573e-05
floquet_buffer,excited,18.428571428571427,0.6286558237802259,0.5371002917551491,-0.0017396919474457061
floquet_buffer,excited,18.5,0.6251552477211798,0.5353514666706803,-0.002928925266562141
floquet_buffer,excited,18.57142857142857,0.621585292479165,0.5336134541723349,-0.003525698081498887
floquet_buffer,excited,18.642857142857142,0.6179600021853776,0.5318946050622901,-0.0035109498693485057
floquet_buffer,excited,18.71428571428571,0.6142952988531157,0.5302035408494575,-0.0028766694082232058
floquet_buffer,excited,18.785714285714285,0.6106087183027982,0.5285489268841076,-0.0016264249327622732
floquet_buffer,excited,18.857142857142858,0.6069190965580742,0.526939248921811,0.000224374744577588
floquet_buffer,excited,18.928571428571427,0.603246213072488,0.525382602888045,0.0026485211791068917
floquet_buffer,excited,19.0,0.5996103988769359,0.5238865067782452,0.005607367447532139
floquet_buffer,excited,19.07142857142857,0.5960321191590193,0.5224577420985478,0.009051510606636826
floquet_buffer,excited,19.142857142857142,0.5925315408203451,0.5211022301528794,0.01292177877263386
floquet_buffer,excited,19.21428571428571,0.5891280961525946,0.5198249459936719,0.01715048913967474
floquet_buffer,excited,19.285714285714285,0.5858400539068732,0.5186298702002287,0.02166292851207181
floquet_buffer,excited,19.357142857142858,0.5826841087137429,0.5175199760718379,0.026378996695503726
floquet_buffer,excited,19.428571428571427,0.5796749990842657,0.5164972475545289,0.031214946301494042
floquet_buffer,excited,19.5,0.5768251622318266,0.5155627211964113,0.03608515074840557
floquet_buffer,excited,19.57142857142857,0.5741444370638273,0.5147165456317637,0.04090383482088885
floquet_buffer,excited,19.642857142857142,0.571639820296776,0.5139580500741494,0.04558671044743789
floquet_buffer,excited,19.71428571428571,0.5693152641339501,0.5132858100995135,0.05005247419534986
floquet_buffer,excited,19.785714285714285,0.567171566077783,0.5126977168008547,0.05422412611443384
floquet_buffer,excited,19.857142857142858,0.5652062767854245,0.5121910244084077,0.05803010569471904
floquet_buffer,excited,19.928571428571427,0.5634137179226832,0.5117623971589602,0.06140523023939487
floquet_buffer,excited,20.0,0.5617850168479842,0.5114079315260498,0.06429145336478626
floquet_buffer,excited,20.07142857142857,0.5603082391254705,0.5111231755366992,0.0666384819275429
floquet_buffer,excited,20.142857142857142,0.5589685507933309,0.5109031335738404,0.06840425046690529
floquet_buffer,excited,20.21428571428571,0.5577484572195803,0.5107422734359846,0.06955531480545904
floquet_buffer,excited,20.285714285714285,0.5566280830156407,0.5106345349532586,0.0700672122969997
floquet_buffer,excited,20.357142857142858,0.5555854998172238,0.5105733503607746,0.06992478203104674
floquet_buffer,excited,20.428571428571427,0.5545971177869824,0.5105516874947719,0.06912251740197986
floquet_buffer,excited,20.5,0.5536380880836953,0.5105621125058988,0.06766493099659109
floquet_buffer,excited,20.57142857142857,0.5526827767838591,0.510596890679743,0.0655669486625604
floquet_buffer,excited,20.642857142857142,0.5517052445833417,0.510648115732075,0.06285432227216263
floquet_buffer,excited,20.71428571428571,0.5506797584968466,0.5107078746647267,0.059564013146790995
floquet_buffer,excited,20.785714285714285,0.5495813422433913,0.5107684477673129,0.05574452523064784
floquet_buffer,excited,20.857142857142858,0.548386295962775,0.5108225253290508,0.05145610850106164
floquet_buffer,excited,20.928571428571427,0.5470727547183409,0.5108634472967174,0.04677077817503866
floquet_buffer,excited,21.0,0.5456212207137636,0.5108854425525837,0.04177207259063812
floquet_buffer,excited,21.07142857142857,0.5440150631695052,0.5108838541689351,0.036554472071966895
floquet_buffer,excited,21.142857142857142,0.5422409964677155,0.5108553392698526,0.031222424807703927
floquet_buffer,excited,21.21428571428571,0.5402894985857818,0.5107980224619727,0.0258889218263753
floquet_buffer,excited,21.285714285714285,0.5381551672291033,0.5107115901346696,0.02067359518107451
floquet_buffer,excited,21.357142857142858,0.5358369960238192,0.5105973127129738,0.015700337404987608
floquet_buffer,excited,21.428571428571427,0.5333385587157743,0.5104579869968554,0.011094472472997753
floquet_buffer,excited,21.5,0.5306680898970675,0.5102977958976425,0.006979542894957544
floquet_buffer,excited,21.57142857142857,0.5278384535206051,0.5101220891169768,0.0034738114309483753
floquet_buffer,excited,21.642857142857142,0.5248669934599989,0.5099370947746175,0.0006866067780559358
floquet_buffer,excited,21.71428571428571,0.5217752640620577,0.5097495781490853,-0.0012853327572703087
floquet_buffer,excited,21.785714285714285,0.5185886427042261,0.5095664688824284,-0.0023613477330129426
floquet_buffer,excited,21.857142857142858,0.5153358306582758,0.5093944816219059,-0.0024800034132822684
floquet_buffer,excited,21.928571428571427,0.5120482528343604,0.5092397566454693,-0.0016017254604090451
floquet_buffer,excited,22.0,0.5087593709982514,0.5091075462552646,0.0002892224427892213
floquet_buffer,excited,22.07142857142857,0.5055039285813298,0.5090019695754289,0.0031835360257914053
floquet_buffer,excited,22.142857142857142,0.5023171480260895,0.5089258530713174,0.007046519746183059
floquet_buffer,excited,22.21428571428571,0.499233903559818,0.508880667080847,0.011818618490709283
floquet_buffer,excited,22.285714285714285,0.49628789325362105,0.5088665605817431,0.01741681336412368
floquet_buffer,excited,22.357142857142858,0.4935108341573283,0.5088824881055494,0.02373681595071437
floquet_buffer,excited,22.428571428571427,0.49093170322729707,0.5089264149787959,0.030655953401343243
floquet_buffer,excited,22.5,0.4885760447747168,0.5089955806884674,0.03803660320945613
floquet_buffer,excited,22.57142857142857,0.4864653624051165,0.5090867957451183,0.045730013978957845
floquet_buffer,excited,22.642857142857142,0.4846166100871058,0.509196745345992,0.053580338154947824
floquet_buffer,excited,22.71428571428571,0.4830417932974098,0.5093222735600521,0.061428704714832326
floquet_buffer,excited,22.785714285714285,0.48174768736422446,0.5094606245459669,0.06911717321307338
floquet_buffer,excited,22.857142857142854,0.4807356763845386,0.5096096221213776,0.07649243339942732
floquet_buffer,excited,22.928571428571427,0.48000171260841906,0.5097677752981342,0.0834091442595329
floquet_buffer,excited,23.0,0.4795363931094603,0.509934304544993,0.08973283974740993
floquet_buffer,excited,23.07142857142857,0.4793251479930181,0.5101090908612488,0.09534236261542037
floquet_buffer,excited,23.142857142857142,0.47934853237912756,0.5102925565975782,0.10013181974332619
floquet_buffer,excited,23.21428571428571,0.47958261293280124,0.510485492786145,0.10401207982106345
floquet_buffer,excited,23.285714285714285,0.4799994387580918,0.5106888521074534,0.10691185535876419
floquet_buffer,excited,23.357142857142854,0.48056758592200305,0.510903529242967,0.10877842466655624
floquet_buffer,excited,23.428571428571427,0.48125276468664,0.5111301510951948,0.1095780552830106
floquet_buffer,excited,23.5,0.4820184785018905,0.5113688982195482,0.10929618859556553
floquet_buffer,excited,23.57142857142857,0.482826723885086,0.5116193759320323,0.10793743687525134
floquet_buffer,excited,23.642857142857142,0.4836387203852699,0.51188054917395,0.10552542998256095
floquet_buffer,excited,23.71428571428571,0.48441565978667545,0.5121507496617778,0.10210253121336713
floquet_buffer,excited,23.785714285714285,0.48511946350674806,0.5124277575209313,0.09772942202863089
floquet_buffer,excited,23.857142857142854,0.4857135367616142,0.5127089529421928,0.0924845357534709
floquet_buffer,excited,23.928571428571427,0.4861635075182847,0.5129915268865264,0.08646330275795391
floquet_buffer,excited,24.0,0.48643793757616804,0.5132727339877192,0.07977715606383945
floquet_buffer,excited,24.07142857142857,0.48650899240224754,0.5135501660417664,0.07255223846336448
floquet_buffer,excited,24.142857142857142,0.48635305569423704,0.5138220212666593,0.06492775145375142
floquet_buffer,excited,24.21428571428571,0.48595127419389594,0.5140873432317249,0.05705389348305216
floquet_buffer,excited,24.285714285714285,0.48529001815777884,0.5143462042449569,0.0490893504780347
floquet_buffer,excited,24.357142857142854,0.48436124325156765,0.5145998111513913,0.0411983249992508
floquet_buffer,excited,24.428571428571427,0.48316274058706543,0.51485051685153,0.033547120501163784
floquet_buffer,excited,24.5,0.4816982632582762,0.5151017281045285,0.026300332162510657
floquet_buffer,excited,24.57142857142857,0.47997752010252204,0.5153577088334814,0.01961673299722692
floquet_buffer,excited,24.642857142857142,0.47801603050930275,0.5156232875067304,0.013644980326420676
floquet_buffer,excited,24.71428571428571,0.47583483785927705,0.5159034863944284,0.00851929975979613
floquet_buffer,excited,24.785714285714285,0.47346008347311913,0.5162030986906041,0.004355328192706455
floquet_buffer,excited,24.857142857142854,0.47092244760281204,0.5165262457710107,0.0012463109408742982
floquet_buffer,excited,24.928571428571427,0.4682564687766507,0.5168759504800773,-0.0007401512872212037
floquet_buffer,excited,25.0,0.4654997574522989,0.5172537627905656,-0.0015646235845361788
