epsilon1,epsilon0,epsilon_z,beta1,beta_v,beta_z_infinity
1,1.1,0.1,0.5,11.5,1.75878725643
1,1.1,0.1,0.505012531328,11.4498746867,1.75786876779
1,1.1,0.1,0.510025062657,11.3997493734,1.75694790238
1,1.1,0.1,0.515037593985,11.3496240602,1.75602466257
1,1.1,0.1,0.520050125313,11.2994987469,1.75509905081
1,1.1,0.1,0.525062656642,11.2493734336,1.75417106961
1,1.1,0.1,0.53007518797,11.1992481203,1.75324072156
1,1.1,0.1,0.535087719298,11.149122807,1.75230800931
1,1.1,0.1,0.540100250627,11.0989974937,1.75137293562
1,1.1,0.1,0.545112781955,11.0488721805,1.75043550328
1,1.1,0.1,0.550125313283,10.9987468672,1.74949571517
1,1.1,0.1,0.555137844612,10.9486215539,1.74855357426
1,1.1,0.1,0.56015037594,10.8984962406,1.74760908356
1,1.1,0.1,0.565162907268,10.8483709273,1.7466622462
1,1.1,0.1,0.570175438596,10.798245614,1.74571306533
1,1.1,0.1,0.575187969925,10.7481203008,1.74476154422
1,1.1,0.1,0.580200501253,10.6979949875,1.74380768619
1,1.1,0.1,0.585213032581,10.6478696742,1.74285149465
1,1.1,0.1,0.59022556391,10.5977443609,1.74189297307
1,1.1,0.1,0.595238095238,10.5476190476,1.74093212502
1,1.1,0.1,0.600250626566,10.4974937343,1.73996895411
1,1.1,0.1,0.605263157895,10.4473684211,1.73900346406
1,1.1,0.1,0.610275689223,10.3972431078,1.73803565864
1,1.1,0.1,0.615288220551,10.3471177945,1.73706554172
1,1.1,0.1,0.62030075188,10.2969924812,1.73609311723
1,1.1,0.1,0.625313283208,10.2468671679,1.73511838919
1,1.1,0.1,0.630325814536,10.1967418546,1.73414136168
1,1.1,0.1,0.635338345865,10.1466165414,1.73316203886
1,1.1,0.1,0.640350877193,10.0964912281,1.73218042499
1,1.1,0.1,0.645363408521,10.0463659148,1.73119652438
1,1.1,0.1,0.65037593985,9.9962406015,1.73021034144
1,1.1,0.1,0.655388471178,9.94611528822,1.72922188063
1,1.1,0.1,0.660401002506,9.89598997494,1.72823114652
1,1.1,0.1,0.665413533835,9.84586466165,1.72723814374
1,1.1,0.1,0.670426065163,9.79573934837,1.72624287699
1,1.1,0.1,0.675438596491,9.74561403509,1.72524535107
1,1.1,0.1,0.68045112782,9.6954887218,1.72424557085
1,1.1,0.1,0.685463659148,9.64536340852,1.72324354127
1,1.1,0.1,0.690476190476,9.59523809524,1.72223926736
1,1.1,0.1,0.695488721805,9.54511278195,1.72123275422
1,1.1,0.1,0.700501253133,9.49498746867,1.72022400704
1,1.1,0.1,0.705513784461,9.44486215539,1.71921303109
1,1.1,0.1,0.710526315789,9.39473684211,1.71819983169
1,1.1,0.1,0.715538847118,9.34461152882,1.71718441429
1,1.1,0.1,0.720551378446,9.29448621554,1.71616678437
1,1.1,0.1,0.725563909774,9.24436090226,1.71514694753
1,1.1,0.1,0.730576441103,9.19423558897,1.71412490941
1,1.1,0.1,0.735588972431,9.14411027569,1.71310067577
1,1.1,0.1,0.740601503759,9.09398496241,1.71207425242
1,1.1,0.1,0.745614035088,9.04385964912,1.71104564526
1,1.1,0.1,0.750626566416,8.99373433584,1.71001486028
1,1.1,0.1,0.755639097744,8.94360902256,1.70898190354
1,1.1,0.1,0.760651629073,8.89348370927,1.70794678117
1,1.1,0.1,0.765664160401,8.84335839599,1.7069094994
1,1.1,0.1,0.770676691729,8.79323308271,1.70587006454
1,1.1,0.1,0.775689223058,8.74310776942,1.70482848296
1,1.1,0.1,0.780701754386,8.69298245614,1.70378476112
1,1.1,0.1,0.785714285714,8.64285714286,1.70273890558
1,1.1,0.1,0.790726817043,8.59273182957,1.70169092294
1,1.1,0.1,0.795739348371,8.54260651629,1.70064081993
1,1.1,0.1,0.800751879699,8.49248120301,1.69958860332
1,1.1,0.1,0.805764411028,8.44235588972,1.69853427997
1,1.1,0.1,0.810776942356,8.39223057644,1.69747785684
1,1.1,0.1,0.815789473684,8.34210526316,1.69641934094
1,1.1,0.1,0.820802005013,8.29197994987,1.69535873939
1,1.1,0.1,0.825814536341,8.24185463659,1.69429605937
1,1.1,0.1,0.830827067669,8.19172932331,1.69323130815
1,1.1,0.1,0.835839598997,8.14160401003,1.69216449308
1,1.1,0.1,0.840852130326,8.09147869674,1.69109562159
1,1.1,0.1,0.845864661654,8.04135338346,1.69002470118
1,1.1,0.1,0.850877192982,7.99122807018,1.68895173944
1,1.1,0.1,0.855889724311,7.94110275689,1.68787674405
1,1.1,0.1,0.860902255639,7.89097744361,1.68679972275
1,1.1,0.1,0.865914786967,7.84085213033,1.68572068337
1,1.1,0.1,0.870927318296,7.79072681704,1.68463963383
1,1.1,0.1,0.875939849624,7.74060150376,1.68355658211
1,1.1,0.1,0.880952380952,7.69047619048,1.68247153629
1,1.1,0.1,0.885964912281,7.64035087719,1.6813845045
1,1.1,0.1,0.890977443609,7.59022556391,1.68029549499
1,1.1,0.1,0.895989974937,7.54010025063,1.67920451606
1,1.1,0.1,0.901002506266,7.48997493734,1.67811157611
1,1.1,0.1,0.906015037594,7.43984962406,1.67701668359
1,1.1,0.1,0.911027568922,7.38972431078,1.67591984706
1,1.1,0.1,0.916040100251,7.33959899749,1.67482107515
1,1.1,0.1,0.921052631579,7.28947368421,1.67372037655
1,1.1,0.1,0.926065162907,7.23934837093,1.67261776007
1,1.1,0.1,0.931077694236,7.18922305764,1.67151323455
1,1.1,0.1,0.936090225564,7.13909774436,1.67040680895
1,1.1,0.1,0.941102756892,7.08897243108,1.66929849228
1,1.1,0.1,0.946115288221,7.03884711779,1.66818829365
1,1.1,0.1,0.951127819549,6.98872180451,1.66707622223
1,1.1,0.1,0.956140350877,6.93859649123,1.66596228728
1,1.1,0.1,0.961152882206,6.88847117794,1.66484649814
1,1.1,0.1,0.966165413534,6.83834586466,1.66372886421
1,1.1,0.1,0.971177944862,6.78822055138,1.66260939498
1,1.1,0.1,0.97619047619,6.7380952381,1.66148810003
1,1.1,0.1,0.981203007519,6.68796992481,1.66036498899
1,1.1,0.1,0.986215538847,6.63784461153,1.65924007159
1,1.1,0.1,0.991228070175,6.58771929825,1.65811335762
1,1.1,0.1,0.996240601504,6.53759398496,1.65698485696
1,1.1,0.1,1.00125313283,6.48746867168,1.65585457956
1,1.1,0.1,1.00626566416,6.4373433584,1.65472253544
1,1.1,0.1,1.01127819549,6.38721804511,1.65358873471
1,1.1,0.1,1.01629072682,6.33709273183,1.65245318754
1,1.1,0.1,1.02130325815,6.28696741855,1.65131590419
1,1.1,0.1,1.02631578947,6.23684210526,1.65017689498
1,1.1,0.1,1.0313283208,6.18671679198,1.64903617032
1,1.1,0.1,1.03634085213,6.1365914787,1.64789374068
1,1.1,0.1,1.04135338346,6.08646616541,1.64674961662
1,1.1,0.1,1.04636591479,6.03634085213,1.64560380876
1,1.1,0.1,1.05137844612,5.98621553885,1.64445632779
1,1.1,0.1,1.05639097744,5.93609022556,1.6433071845
1,1.1,0.1,1.06140350877,5.88596491228,1.64215638973
1,1.1,0.1,1.0664160401,5.835839599,1.64100395439
1,1.1,0.1,1.07142857143,5.78571428571,1.63984988947
1,1.1,0.1,1.07644110276,5.73558897243,1.63869420605
1,1.1,0.1,1.08145363409,5.68546365915,1.63753691524
1,1.1,0.1,1.08646616541,5.63533834586,1.63637802826
1,1.1,0.1,1.09147869674,5.58521303258,1.63521755638
1,1.1,0.1,1.09649122807,5.5350877193,1.63405551095
1,1.1,0.1,1.1015037594,5.48496240602,1.63289190339
1,1.1,0.1,1.10651629073,5.43483709273,1.63172674519
1,1.1,0.1,1.11152882206,5.38471177945,1.6305600479
1,1.1,0.1,1.11654135338,5.33458646617,1.62939182314
1,1.1,0.1,1.12155388471,5.28446115288,1.62822208262
1,1.1,0.1,1.12656641604,5.2343358396,1.6270508381
1,1.1,0.1,1.13157894737,5.18421052632,1.6258781014
1,1.1,0.1,1.1365914787,5.13408521303,1.62470388444
1,1.1,0.1,1.14160401003,5.08395989975,1.62352819916
1,1.1,0.1,1.14661654135,5.03383458647,1.62235105762
1,1.1,0.1,1.15162907268,4.98370927318,1.62117247191
1,1.1,0.1,1.15664160401,4.9335839599,1.61999245419
1,1.1,0.1,1.16165413534,4.88345864662,1.61881101669
1,1.1,0.1,1.16666666667,4.83333333333,1.61762817172
1,1.1,0.1,1.17167919799,4.78320802005,1.61644393163
1,1.1,0.1,1.17669172932,4.73308270677,1.61525830885
1,1.1,0.1,1.18170426065,4.68295739348,1.61407131587
1,1.1,0.1,1.18671679198,4.6328320802,1.61288296524
1,1.1,0.1,1.19172932331,4.58270676692,1.61169326958
1,1.1,0.1,1.19674185464,4.53258145363,1.61050224156
1,1.1,0.1,1.20175438596,4.48245614035,1.60930989392
1,1.1,0.1,1.20676691729,4.43233082707,1.60811623947
1,1.1,0.1,1.21177944862,4.38220551378,1.60692129106
1,1.1,0.1,1.21679197995,4.3320802005,1.60572506163
1,1.1,0.1,1.22180451128,4.28195488722,1.60452756414
1,1.1,0.1,1.22681704261,4.23182957393,1.60332881165
1,1.1,0.1,1.23182957393,4.18170426065,1.60212881725
1,1.1,0.1,1.23684210526,4.13157894737,1.60092759411
1,1.1,0.1,1.24185463659,4.08145363409,1.59972515543
1,1.1,0.1,1.24686716792,4.0313283208,1.5985215145
1,1.1,0.1,1.25187969925,3.98120300752,1.59731668464
1,1.1,0.1,1.25689223058,3.93107769424,1.59611067924
1,1.1,0.1,1.2619047619,3.88095238095,1.59490351175
1,1.1,0.1,1.26691729323,3.83082706767,1.59369519566
1,1.1,0.1,1.27192982456,3.78070175439,1.59248574452
1,1.1,0.1,1.27694235589,3.7305764411,1.59127517194
1,1.1,0.1,1.28195488722,3.68045112782,1.59006349159
1,1.1,0.1,1.28696741855,3.63032581454,1.58885071716
1,1.1,0.1,1.29197994987,3.58020050125,1.58763686244
1,1.1,0.1,1.2969924812,3.53007518797,1.58642194123
1,1.1,0.1,1.30200501253,3.47994987469,1.5852059674
1,1.1,0.1,1.30701754386,3.4298245614,1.58398895487
1,1.1,0.1,1.31203007519,3.37969924812,1.5827709176
1,1.1,0.1,1.31704260652,3.32957393484,1.58155186963
1,1.1,0.1,1.32205513784,3.27944862155,1.580331825
1,1.1,0.1,1.32706766917,3.22932330827,1.57911079784
1,1.1,0.1,1.3320802005,3.17919799499,1.5778888023
1,1.1,0.1,1.33709273183,3.1290726817,1.5766658526
1,1.1,0.1,1.34210526316,3.07894736842,1.57544196299
1,1.1,0.1,1.34711779449,3.02882205514,1.57421714776
1,1.1,0.1,1.35213032581,2.97869674185,1.57299142127
1,1.1,0.1,1.35714285714,2.92857142857,1.5717647979
1,1.1,0.1,1.36215538847,2.87844611529,1.57053729209
1,1.1,0.1,1.3671679198,2.82832080201,1.56930891831
1,1.1,0.1,1.37218045113,2.77819548872,1.56807969107
1,1.1,0.1,1.37719298246,2.72807017544,1.56684962494
1,1.1,0.1,1.38220551378,2.67794486216,1.56561873452
1,1.1,0.1,1.38721804511,2.62781954887,1.56438703444
1,1.1,0.1,1.39223057644,2.57769423559,1.5631545394
1,1.1,0.1,1.39724310777,2.52756892231,1.5619212641
1,1.1,0.1,1.4022556391,2.47744360902,1.5606872233
1,1.1,0.1,1.40726817043,2.42731829574,1.55945243181
1,1.1,0.1,1.41228070175,2.37719298246,1.55821690444
1,1.1,0.1,1.41729323308,2.32706766917,1.55698065608
1,1.1,0.1,1.42230576441,2.27694235589,1.55574370162
1,1.1,0.1,1.42731829574,2.22681704261,1.55450605599
1,1.1,0.1,1.43233082707,2.17669172932,1.55326773418
1,1.1,0.1,1.4373433584,2.12656641604,1.55202875119
1,1.1,0.1,1.44235588972,2.07644110276,1.55078912206
1,1.1,0.1,1.44736842105,2.02631578947,1.54954886185
1,1.1,0.1,1.45238095238,1.97619047619,1.54830798567
1,1.1,0.1,1.45739348371,1.92606516291,1.54706650864
1,1.1,0.1,1.46240601504,1.87593984962,1.54582444594
1,1.1,0.1,1.46741854637,1.82581453634,1.54458181275
1,1.1,0.1,1.47243107769,1.77568922306,1.54333862429
1,1.1,0.1,1.47744360902,1.72556390977,1.54209489581
1,1.1,0.1,1.48245614035,1.67543859649,1.54085064257
1,1.1,0.1,1.48746867168,1.62531328321,1.53960587988
1,1.1,0.1,1.49248120301,1.57518796992,1.53836062307
1,1.1,0.1,1.49749373434,1.52506265664,1.53711488747
1,1.1,0.1,1.50250626566,1.47493734336,1.53586868848
1,1.1,0.1,1.50751879699,1.42481203008,1.53462204147
1,1.1,0.1,1.51253132832,1.37468671679,1.53337496187
1,1.1,0.1,1.51754385965,1.32456140351,1.53212746512
1,1.1,0.1,1.52255639098,1.27443609023,1.53087956668
1,1.1,0.1,1.52756892231,1.22431077694,1.52963128203
1,1.1,0.1,1.53258145363,1.17418546366,1.52838262667
1,1.1,0.1,1.53759398496,1.12406015038,1.52713361611
1,1.1,0.1,1.54260651629,1.07393483709,1.5258842659
1,1.1,0.1,1.54761904762,1.02380952381,1.52463459159
1,1.1,0.1,1.55263157895,0.973684210526,1.52338460875
1,1.1,0.1,1.55764411028,0.923558897243,1.52213433296
1,1.1,0.1,1.5626566416,0.87343358396,1.52088377982
1,1.1,0.1,1.56766917293,0.823308270677,1.51963296494
1,1.1,0.1,1.57268170426,0.773182957393,1.51838190396
1,1.1,0.1,1.57769423559,0.72305764411,1.5171306125
1,1.1,0.1,1.58270676692,0.672932330827,1.51587910623
1,1.1,0.1,1.58771929825,0.622807017544,1.5146274008
1,1.1,0.1,1.59273182957,0.572681704261,1.51337551188
1,1.1,0.1,1.5977443609,0.522556390977,1.51212345515
1,1.1,0.1,1.60275689223,0.472431077694,1.5108712463
1,1.1,0.1,1.60776942356,0.422305764411,1.50961890104
1,1.1,0.1,1.61278195489,0.372180451128,1.50836643505
1,1.1,0.1,1.61779448622,0.322055137845,1.50711386405
1,1.1,0.1,1.62280701754,0.271929824561,1.50586120376
1,1.1,0.1,1.62781954887,0.221804511278,1.50460846989
1,1.1,0.1,1.6328320802,0.171679197995,1.50335567817
1,1.1,0.1,1.63784461153,0.121553884712,1.50210284432
1,1.1,0.1,1.64285714286,0.0714285714286,1.50084998407
1,1.1,0.1,1.64786967419,0.0213032581454,1.49959711315
1,1.1,0.1,1.65288220551,-0.0288220551378,1.49834424728
1,1.1,0.1,1.65789473684,-0.0789473684211,1.4970914022
1,1.1,0.1,1.66290726817,-0.129072681704,1.49583859364
1,1.1,0.1,1.6679197995,-0.179197994987,1.49458583733
1,1.1,0.1,1.67293233083,-0.229323308271,1.49333314897
1,1.1,0.1,1.67794486216,-0.279448621554,1.49208054431
1,1.1,0.1,1.68295739348,-0.329573934837,1.49082803904
1,1.1,0.1,1.68796992481,-0.37969924812,1.48957564889
1,1.1,0.1,1.69298245614,-0.429824561404,1.48832338956
1,1.1,0.1,1.69799498747,-0.479949874687,1.48707127675
1,1.1,0.1,1.7030075188,-0.53007518797,1.48581932614
1,1.1,0.1,1.70802005013,-0.580200501253,1.48456755343
1,1.1,0.1,1.71303258145,-0.630325814536,1.48331597429
1,1.1,0.1,1.71804511278,-0.68045112782,1.48206460438
1,1.1,0.1,1.72305764411,-0.730576441103,1.48081345935
1,1.1,0.1,1.72807017544,-0.780701754386,1.47956255486
1,1.1,0.1,1.73308270677,-0.830827067669,1.47831190652
1,1.1,0.1,1.7380952381,-0.880952380952,1.47706152997
1,1.1,0.1,1.74310776942,-0.931077694236,1.47581144079
1,1.1,0.1,1.74812030075,-0.981203007519,1.47456165459
1,1.1,0.1,1.75313283208,-1.0313283208,1.47331218694
1,1.1,0.1,1.75814536341,-1.08145363409,1.4720630534
1,1.1,0.1,1.76315789474,-1.13157894737,1.4708142695
1,1.1,0.1,1.76817042607,-1.18170426065,1.46956585078
1,1.1,0.1,1.77318295739,-1.23182957393,1.46831781274
1,1.1,0.1,1.77819548872,-1.28195488722,1.46707017086
1,1.1,0.1,1.78320802005,-1.3320802005,1.46582294063
1,1.1,0.1,1.78822055138,-1.38220551378,1.46457613748
1,1.1,0.1,1.79323308271,-1.43233082707,1.46332977683
1,1.1,0.1,1.79824561404,-1.48245614035,1.46208387411
1,1.1,0.1,1.80325814536,-1.53258145363,1.46083844467
1,1.1,0.1,1.80827067669,-1.58270676692,1.45959350389
1,1.1,0.1,1.81328320802,-1.6328320802,1.4583490671
1,1.1,0.1,1.81829573935,-1.68295739348,1.4571051496
1,1.1,0.1,1.82330827068,-1.73308270677,1.45586176667
1,1.1,0.1,1.82832080201,-1.78320802005,1.45461893358
1,1.1,0.1,1.83333333333,-1.83333333333,1.45337666555
1,1.1,0.1,1.83834586466,-1.88345864662,1.45213497778
1,1.1,0.1,1.84335839599,-1.9335839599,1.45089388545
1,1.1,0.1,1.84837092732,-1.98370927318,1.44965340369
1,1.1,0.1,1.85338345865,-2.03383458647,1.44841354762
1,1.1,0.1,1.85839598997,-2.08395989975,1.44717433232
1,1.1,0.1,1.8634085213,-2.13408521303,1.44593577283
1,1.1,0.1,1.86842105263,-2.18421052632,1.44469788419
1,1.1,0.1,1.87343358396,-2.2343358396,1.44346068136
1,1.1,0.1,1.87844611529,-2.28446115288,1.44222417931
1,1.1,0.1,1.88345864662,-2.33458646617,1.44098839294
1,1.1,0.1,1.88847117794,-2.38471177945,1.43975333714
1,1.1,0.1,1.89348370927,-2.43483709273,1.43851902675
1,1.1,0.1,1.8984962406,-2.48496240602,1.43728547659
1,1.1,0.1,1.90350877193,-2.5350877193,1.43605270141
1,1.1,0.1,1.90852130326,-2.58521303258,1.43482071596
1,1.1,0.1,1.91353383459,-2.63533834586,1.43358953492
1,1.1,0.1,1.91854636591,-2.68546365915,1.43235917296
1,1.1,0.1,1.92355889724,-2.73558897243,1.43112964468
1,1.1,0.1,1.92857142857,-2.78571428571,1.42990096467
1,1.1,0.1,1.9335839599,-2.835839599,1.42867314745
1,1.1,0.1,1.93859649123,-2.88596491228,1.42744620751
1,1.1,0.1,1.94360902256,-2.93609022556,1.42622015931
1,1.1,0.1,1.94862155388,-2.98621553885,1.42499501724
1,1.1,0.1,1.95363408521,-3.03634085213,1.42377079567
1,1.1,0.1,1.95864661654,-3.08646616541,1.42254750892
1,1.1,0.1,1.96365914787,-3.1365914787,1.42132517125
1,1.1,0.1,1.9686716792,-3.18671679198,1.42010379689
1,1.1,0.1,1.97368421053,-3.23684210526,1.41888340001
1,1.1,0.1,1.97869674185,-3.28696741855,1.41766399476
1,1.1,0.1,1.98370927318,-3.33709273183,1.4164455952
1,1.1,0.1,1.98872180451,-3.38721804511,1.41522821538
1,1.1,0.1,1.99373433584,-3.4373433584,1.41401186928
1,1.1,0.1,1.99874686717,-3.48746867168,1.41279657084
1,1.1,0.1,2.0037593985,-3.53759398496,1.41158233394
1,1.1,0.1,2.00877192982,-3.58771929825,1.41036917242
1,1.1,0.1,2.01378446115,-3.63784461153,1.40915710006
1,1.1,0.1,2.01879699248,-3.68796992481,1.40794613059
1,1.1,0.1,2.02380952381,-3.7380952381,1.4067362777
1,1.1,0.1,2.02882205514,-3.78822055138,1.405527555
1,1.1,0.1,2.03383458647,-3.83834586466,1.40431997606
1,1.1,0.1,2.03884711779,-3.88847117794,1.40311355442
1,1.1,0.1,2.04385964912,-3.93859649123,1.40190830352
1,1.1,0.1,2.04887218045,-3.98872180451,1.40070423678
1,1.1,0.1,2.05388471178,-4.03884711779,1.39950136754
1,1.1,0.1,2.05889724311,-4.08897243108,1.3982997091
1,1.1,0.1,2.06390977444,-4.13909774436,1.3970992747
1,1.1,0.1,2.06892230576,-4.18922305764,1.39590007752
1,1.1,0.1,2.07393483709,-4.23934837093,1.39470213067
1,1.1,0.1,2.07894736842,-4.28947368421,1.39350544723
1,1.1,0.1,2.08395989975,-4.33959899749,1.39231004019
1,1.1,0.1,2.08897243108,-4.38972431078,1.3911159225
1,1.1,0.1,2.09398496241,-4.43984962406,1.38992310705
1,1.1,0.1,2.09899749373,-4.48997493734,1.38873160665
1,1.1,0.1,2.10401002506,-4.54010025063,1.38754143406
1,1.1,0.1,2.10902255639,-4.59022556391,1.38635260199
1,1.1,0.1,2.11403508772,-4.64035087719,1.38516512308
1,1.1,0.1,2.11904761905,-4.69047619048,1.38397900989
1,1.1,0.1,2.12406015038,-4.74060150376,1.38279427495
1,1.1,0.1,2.1290726817,-4.79072681704,1.3816109307
1,1.1,0.1,2.13408521303,-4.84085213033,1.38042898952
1,1.1,0.1,2.13909774436,-4.89097744361,1.37924846373
1,1.1,0.1,2.14411027569,-4.94110275689,1.3780693656
1,1.1,0.1,2.14912280702,-4.99122807018,1.3768917073
1,1.1,0.1,2.15413533835,-5.04135338346,1.37571550096
1,1.1,0.1,2.15914786967,-5.09147869674,1.37454075864
1,1.1,0.1,2.164160401,-5.14160401003,1.37336749233
1,1.1,0.1,2.16917293233,-5.19172932331,1.37219571395
1,1.1,0.1,2.17418546366,-5.24185463659,1.37102543536
1,1.1,0.1,2.17919799499,-5.29197994987,1.36985666834
1,1.1,0.1,2.18421052632,-5.34210526316,1.36868942463
1,1.1,0.1,2.18922305764,-5.39223057644,1.36752371585
1,1.1,0.1,2.19423558897,-5.44235588972,1.36635955361
1,1.1,0.1,2.1992481203,-5.49248120301,1.36519694941
1,1.1,0.1,2.20426065163,-5.54260651629,1.36403591469
1,1.1,0.1,2.20927318296,-5.59273182957,1.36287646083
1,1.1,0.1,2.21428571429,-5.64285714286,1.36171859912
1,1.1,0.1,2.21929824561,-5.69298245614,1.36056234081
1,1.1,0.1,2.22431077694,-5.74310776942,1.35940769704
1,1.1,0.1,2.22932330827,-5.79323308271,1.35825467891
1,1.1,0.1,2.2343358396,-5.84335839599,1.35710329743
1,1.1,0.1,2.23934837093,-5.89348370927,1.35595356354
1,1.1,0.1,2.24436090226,-5.94360902256,1.35480548812
1,1.1,0.1,2.24937343358,-5.99373433584,1.35365908197
1,1.1,0.1,2.25438596491,-6.04385964912,1.35251435581
1,1.1,0.1,2.25939849624,-6.09398496241,1.35137132028
1,1.1,0.1,2.26441102757,-6.14411027569,1.35022998598
1,1.1,0.1,2.2694235589,-6.19423558897,1.3490903634
1,1.1,0.1,2.27443609023,-6.24436090226,1.34795246297
1,1.1,0.1,2.27944862155,-6.29448621554,1.34681629505
1,1.1,0.1,2.28446115288,-6.34461152882,1.34568186992
1,1.1,0.1,2.28947368421,-6.39473684211,1.34454919777
1,1.1,0.1,2.29448621554,-6.44486215539,1.34341828875
1,1.1,0.1,2.29949874687,-6.49498746867,1.3422891529
1,1.1,0.1,2.3045112782,-6.54511278195,1.3411618002
1,1.1,0.1,2.30952380952,-6.59523809524,1.34003624055
1,1.1,0.1,2.31453634085,-6.64536340852,1.33891248377
1,1.1,0.1,2.31954887218,-6.6954887218,1.33779053962
1,1.1,0.1,2.32456140351,-6.74561403509,1.33667041777
1,1.1,0.1,2.32957393484,-6.79573934837,1.33555212781
1,1.1,0.1,2.33458646617,-6.84586466165,1.33443567925
1,1.1,0.1,2.33959899749,-6.89598997494,1.33332108154
1,1.1,0.1,2.34461152882,-6.94611528822,1.33220834404
1,1.1,0.1,2.34962406015,-6.9962406015,1.33109747603
1,1.1,0.1,2.35463659148,-7.04636591479,1.32998848672
1,1.1,0.1,2.35964912281,-7.09649122807,1.32888138524
1,1.1,0.1,2.36466165414,-7.14661654135,1.32777618063
1,1.1,0.1,2.36967418546,-7.19674185464,1.32667288187
1,1.1,0.1,2.37468671679,-7.24686716792,1.32557149785
1,1.1,0.1,2.37969924812,-7.2969924812,1.32447203738
1,1.1,0.1,2.38471177945,-7.34711779449,1.32337450919
1,1.1,0.1,2.38972431078,-7.39724310777,1.32227892195
1,1.1,0.1,2.39473684211,-7.44736842105,1.32118528423
1,1.1,0.1,2.39974937343,-7.49749373434,1.32009360453
1,1.1,0.1,2.40476190476,-7.54761904762,1.31900389126
1,1.1,0.1,2.40977443609,-7.5977443609,1.31791615276
1,1.1,0.1,2.41478696742,-7.64786967419,1.31683039729
1,1.1,0.1,2.41979949875,-7.69799498747,1.31574663302
1,1.1,0.1,2.42481203008,-7.74812030075,1.31466486806
1,1.1,0.1,2.4298245614,-7.79824561404,1.31358511043
1,1.1,0.1,2.43483709273,-7.84837092732,1.31250736806
1,1.1,0.1,2.43984962406,-7.8984962406,1.31143164881
1,1.1,0.1,2.44486215539,-7.94862155388,1.31035796047
1,1.1,0.1,2.44987468672,-7.99874686717,1.30928631072
1,1.1,0.1,2.45488721805,-8.04887218045,1.30821670718
1,1.1,0.1,2.45989974937,-8.09899749373,1.3071491574
1,1.1,0.1,2.4649122807,-8.14912280702,1.30608366884
1,1.1,0.1,2.46992481203,-8.1992481203,1.30502024885
1,1.1,0.1,2.47493734336,-8.24937343358,1.30395890476
1,1.1,0.1,2.47994987469,-8.29949874687,1.30289964376
1,1.1,0.1,2.48496240602,-8.34962406015,1.30184247299
1,1.1,0.1,2.48997493734,-8.39974937343,1.30078739952
1,1.1,0.1,2.49498746867,-8.44987468672,1.29973443031
1,1.1,0.1,2.5,-8.5,1.29868357225
2,2.1,0.1,0.5,21.5,1.89528768846
2,2.1,0.1,0.505012531328,21.3997493734,1.89434420554
2,2.1,0.1,0.510025062657,21.2994987469,1.89339323446
2,2.1,0.1,0.515037593985,21.1992481203,1.89243473409
2,2.1,0.1,0.520050125313,21.0989974937,1.89146866337
2,2.1,0.1,0.525062656642,20.9987468672,1.89049498139
2,2.1,0.1,0.53007518797,20.8984962406,1.88951364735
2,2.1,0.1,0.535087719298,20.798245614,1.88852462057
2,2.1,0.1,0.540100250627,20.6979949875,1.88752786052
2,2.1,0.1,0.545112781955,20.5977443609,1.88652332682
2,2.1,0.1,0.550125313283,20.4974937343,1.88551097925
2,2.1,0.1,0.555137844612,20.3972431078,1.88449077773
2,2.1,0.1,0.56015037594,20.2969924812,1.88346268237
2,2.1,0.1,0.565162907268,20.1967418546,1.88242665345
2,2.1,0.1,0.570175438596,20.0964912281,1.88138265145
2,2.1,0.1,0.575187969925,19.9962406015,1.88033063703
2,2.1,0.1,0.580200501253,19.8959899749,1.87927057108
2,2.1,0.1,0.585213032581,19.7957393484,1.87820241467
2,2.1,0.1,0.59022556391,19.6954887218,1.87712612912
2,2.1,0.1,0.595238095238,19.5952380952,1.87604167598
2,2.1,0.1,0.600250626566,19.4949874687,1.87494901702
2,2.1,0.1,0.605263157895,19.3947368421,1.87384811428
2,2.1,0.1,0.610275689223,19.2944862155,1.87273893006
2,2.1,0.1,0.615288220551,19.194235589,1.87162142691
2,2.1,0.1,0.62030075188,19.0939849624,1.87049556768
2,2.1,0.1,0.625313283208,18.9937343358,1.8693613155
2,2.1,0.1,0.630325814536,18.8934837093,1.8682186338
2,2.1,0.1,0.635338345865,18.7932330827,1.8670674863
2,2.1,0.1,0.640350877193,18.6929824561,1.86590783707
2,2.1,0.1,0.645363408521,18.5927318296,1.86473965048
2,2.1,0.1,0.65037593985,18.492481203,1.86356289125
2,2.1,0.1,0.655388471178,18.3922305764,1.86237752445
2,2.1,0.1,0.660401002506,18.2919799499,1.86118351549
2,2.1,0.1,0.665413533835,18.1917293233,1.85998083018
2,2.1,0.1,0.670426065163,18.0914786967,1.85876943468
2,2.1,0.1,0.675438596491,17.9912280702,1.85754929555
2,2.1,0.1,0.68045112782,17.8909774436,1.85632037976
2,2.1,0.1,0.685463659148,17.790726817,1.85508265467
2,2.1,0.1,0.690476190476,17.6904761905,1.85383608809
2,2.1,0.1,0.695488721805,17.5902255639,1.85258064824
2,2.1,0.1,0.700501253133,17.4899749373,1.85131630379
2,2.1,0.1,0.705513784461,17.3897243108,1.85004302387
2,2.1,0.1,0.710526315789,17.2894736842,1.84876077807
2,2.1,0.1,0.715538847118,17.1892230576,1.84746953646
2,2.1,0.1,0.720551378446,17.0889724311,1.8461692696
2,2.1,0.1,0.725563909774,16.9887218045,1.84485994854
2,2.1,0.1,0.730576441103,16.8884711779,1.84354154487
2,2.1,0.1,0.735588972431,16.7882205514,1.84221403067
2,2.1,0.1,0.740601503759,16.6879699248,1.84087737856
2,2.1,0.1,0.745614035088,16.5877192982,1.83953156173
2,2.1,0.1,0.750626566416,16.4874686717,1.83817655391
2,2.1,0.1,0.755639097744,16.3872180451,1.83681232939
2,2.1,0.1,0.760651629073,16.2869674185,1.83543886307
2,2.1,0.1,0.765664160401,16.186716792,1.83405613041
2,2.1,0.1,0.770676691729,16.0864661654,1.8326641075
2,2.1,0.1,0.775689223058,15.9862155388,1.83126277103
2,2.1,0.1,0.780701754386,15.8859649123,1.82985209835
2,2.1,0.1,0.785714285714,15.7857142857,1.8284320674
2,2.1,0.1,0.790726817043,15.6854636591,1.82700265682
2,2.1,0.1,0.795739348371,15.5852130326,1.8255638459
2,2.1,0.1,0.800751879699,15.484962406,1.82411561459
2,2.1,0.1,0.805764411028,15.3847117794,1.82265794355
2,2.1,0.1,0.810776942356,15.2844611529,1.82119081414
2,2.1,0.1,0.815789473684,15.1842105263,1.81971420843
2,2.1,0.1,0.820802005013,15.0839598997,1.8182281092
2,2.1,0.1,0.825814536341,14.9837092732,1.81673249999
2,2.1,0.1,0.830827067669,14.8834586466,1.81522736509
2,2.1,0.1,0.835839598997,14.7832080201,1.81371268954
2,2.1,0.1,0.840852130326,14.6829573935,1.81218845916
2,2.1,0.1,0.845864661654,14.5827067669,1.81065466054
2,2.1,0.1,0.850877192982,14.4824561404,1.8091112811
2,2.1,0.1,0.855889724311,14.3822055138,1.80755830906
2,2.1,0.1,0.860902255639,14.2819548872,1.80599573344
2,2.1,0.1,0.865914786967,14.1817042607,1.80442354411
2,2.1,0.1,0.870927318296,14.0814536341,1.80284173181
2,2.1,0.1,0.875939849624,13.9812030075,1.80125028809
2,2.1,0.1,0.880952380952,13.880952381,1.79964920542
2,2.1,0.1,0.885964912281,13.7807017544,1.79803847712
2,2.1,0.1,0.890977443609,13.6804511278,1.79641809741
2,2.1,0.1,0.895989974937,13.5802005013,1.79478806142
2,2.1,0.1,0.901002506266,13.4799498747,1.7931483652
2,2.1,0.1,0.906015037594,13.3796992481,1.79149900573
2,2.1,0.1,0.911027568922,13.2794486216,1.78983998092
2,2.1,0.1,0.916040100251,13.179197995,1.78817128964
2,2.1,0.1,0.921052631579,13.0789473684,1.78649293172
2,2.1,0.1,0.926065162907,12.9786967419,1.78480490797
2,2.1,0.1,0.931077694236,12.8784461153,1.78310722018
2,2.1,0.1,0.936090225564,12.7781954887,1.78139987115
2,2.1,0.1,0.941102756892,12.6779448622,1.77968286466
2,2.1,0.1,0.946115288221,12.5776942356,1.77795620553
2,2.1,0.1,0.951127819549,12.477443609,1.77621989961
2,2.1,0.1,0.956140350877,12.3771929825,1.77447395379
2,2.1,0.1,0.961152882206,12.2769423559,1.77271837599
2,2.1,0.1,0.966165413534,12.1766917293,1.77095317521
2,2.1,0.1,0.971177944862,12.0764411028,1.76917836153
2,2.1,0.1,0.97619047619,11.9761904762,1.76739394607
2,2.1,0.1,0.981203007519,11.8759398496,1.76559994109
2,2.1,0.1,0.986215538847,11.7756892231,1.76379635993
2,2.1,0.1,0.991228070175,11.6754385965,1.76198321701
2,2.1,0.1,0.996240601504,11.5751879699,1.76016052792
2,2.1,0.1,1.00125313283,11.4749373434,1.75832830935
2,2.1,0.1,1.00626566416,11.3746867168,1.75648657913
2,2.1,0.1,1.01127819549,11.2744360902,1.75463535623
2,2.1,0.1,1.01629072682,11.1741854637,1.75277466079
2,2.1,0.1,1.02130325815,11.0739348371,1.7509045141
2,2.1,0.1,1.02631578947,10.9736842105,1.74902493863
2,2.1,0.1,1.0313283208,10.873433584,1.74713595802
2,2.1,0.1,1.03634085213,10.7731829574,1.7452375971
2,2.1,0.1,1.04135338346,10.6729323308,1.74332988189
2,2.1,0.1,1.04636591479,10.5726817043,1.74141283963
2,2.1,0.1,1.05137844612,10.4724310777,1.73948649874
2,2.1,0.1,1.05639097744,10.3721804511,1.73755088887
2,2.1,0.1,1.06140350877,10.2719298246,1.7356060409
2,2.1,0.1,1.0664160401,10.171679198,1.73365198692
2,2.1,0.1,1.07142857143,10.0714285714,1.73168876026
2,2.1,0.1,1.07644110276,9.97117794486,1.72971639549
2,2.1,0.1,1.08145363409,9.8709273183,1.72773492842
2,2.1,0.1,1.08646616541,9.77067669173,1.72574439612
2,2.1,0.1,1.09147869674,9.67042606516,1.72374483691
2,2.1,0.1,1.09649122807,9.5701754386,1.72173629037
2,2.1,0.1,1.1015037594,9.46992481203,1.71971879733
2,2.1,0.1,1.10651629073,9.36967418546,1.7176923999
2,2.1,0.1,1.11152882206,9.2694235589,1.71565714146
2,2.1,0.1,1.11654135338,9.16917293233,1.71361306667
2,2.1,0.1,1.12155388471,9.06892230576,1.71156022144
2,2.1,0.1,1.12656641604,8.9686716792,1.709498653
2,2.1,0.1,1.13157894737,8.86842105263,1.70742840982
2,2.1,0.1,1.1365914787,8.76817042607,1.70534954169
2,2.1,0.1,1.14160401003,8.6679197995,1.70326209965
2,2.1,0.1,1.14661654135,8.56766917293,1.70116613606
2,2.1,0.1,1.15162907268,8.46741854637,1.69906170455
2,2.1,0.1,1.15664160401,8.3671679198,1.69694886004
2,2.1,0.1,1.16165413534,8.26691729323,1.69482765874
2,2.1,0.1,1.16666666667,8.16666666667,1.69269815814
2,2.1,0.1,1.17167919799,8.0664160401,1.69056041702
2,2.1,0.1,1.17669172932,7.96616541353,1.68841449547
2,2.1,0.1,1.18170426065,7.86591478697,1.68626045483
2,2.1,0.1,1.18671679198,7.7656641604,1.68409835774
2,2.1,0.1,1.19172932331,7.66541353383,1.68192826813
2,2.1,0.1,1.19674185464,7.56516290727,1.67975025118
2,2.1,0.1,1.20175438596,7.4649122807,1.67756437339
2,2.1,0.1,1.20676691729,7.36466165414,1.67537070248
2,2.1,0.1,1.21177944862,7.26441102757,1.67316930749
2,2.1,0.1,1.21679197995,7.164160401,1.6709602587
2,2.1,0.1,1.22180451128,7.06390977444,1.66874362764
2,2.1,0.1,1.22681704261,6.96365914787,1.66651948712
2,2.1,0.1,1.23182957393,6.8634085213,1.66428791118
2,2.1,0.1,1.23684210526,6.76315789474,1.66204897512
2,2.1,0.1,1.24185463659,6.66290726817,1.65980275548
2,2.1,0.1,1.24686716792,6.5626566416,1.65754933001
2,2.1,0.1,1.25187969925,6.46240601504,1.65528877771
2,2.1,0.1,1.25689223058,6.36215538847,1.65302117879
2,2.1,0.1,1.2619047619,6.2619047619,1.65074661467
2,2.1,0.1,1.26691729323,6.16165413534,1.64846516796
2,2.1,0.1,1.27192982456,6.06140350877,1.6461769225
2,2.1,0.1,1.27694235589,5.96115288221,1.64388196326
2,2.1,0.1,1.28195488722,5.86090225564,1.64158037644
2,2.1,0.1,1.28696741855,5.76065162907,1.63927224938
2,2.1,0.1,1.29197994987,5.66040100251,1.63695767057
2,2.1,0.1,1.2969924812,5.56015037594,1.63463672965
2,2.1,0.1,1.30200501253,5.45989974937,1.6323095174
2,2.1,0.1,1.30701754386,5.35964912281,1.62997612572
2,2.1,0.1,1.31203007519,5.25939849624,1.62763664762
2,2.1,0.1,1.31704260652,5.15914786967,1.62529117721
2,2.1,0.1,1.32205513784,5.05889724311,1.62293980967
2,2.1,0.1,1.32706766917,4.95864661654,1.62058264129
2,2.1,0.1,1.3320802005,4.85839598997,1.61821976937
2,2.1,0.1,1.33709273183,4.75814536341,1.6158512923
2,2.1,0.1,1.34210526316,4.65789473684,1.61347730947
2,2.1,0.1,1.34711779449,4.55764411028,1.61109792132
2,2.1,0.1,1.35213032581,4.45739348371,1.60871322924
2,2.1,0.1,1.35714285714,4.35714285714,1.60632333566
2,2.1,0.1,1.36215538847,4.25689223058,1.60392834395
2,2.1,0.1,1.3671679198,4.15664160401,1.60152835845
2,2.1,0.1,1.37218045113,4.05639097744,1.59912348441
2,2.1,0.1,1.37719298246,3.95614035088,1.59671382804
2,2.1,0.1,1.38220551378,3.85588972431,1.59429949643
2,2.1,0.1,1.38721804511,3.75563909774,1.59188059756
2,2.1,0.1,1.39223057644,3.65538847118,1.58945724027
2,2.1,0.1,1.39724310777,3.55513784461,1.58702953428
2,2.1,0.1,1.4022556391,3.45488721805,1.5845975901
2,2.1,0.1,1.40726817043,3.35463659148,1.58216151908
2,2.1,0.1,1.41228070175,3.25438596491,1.57972143335
2,2.1,0.1,1.41729323308,3.15413533835,1.57727744583
2,2.1,0.1,1.42230576441,3.05388471178,1.57482967018
2,2.1,0.1,1.42731829574,2.95363408521,1.5723782208
2,2.1,0.1,1.43233082707,2.85338345865,1.56992321279
2,2.1,0.1,1.4373433584,2.75313283208,1.56746476195
2,2.1,0.1,1.44235588972,2.65288220551,1.56500298477
2,2.1,0.1,1.44736842105,2.55263157895,1.56253799836
2,2.1,0.1,1.45238095238,2.45238095238,1.56006992047
2,2.1,0.1,1.45739348371,2.35213032581,1.55759886946
2,2.1,0.1,1.46240601504,2.25187969925,1.55512496427
2,2.1,0.1,1.46741854637,2.15162907268,1.5526483244
2,2.1,0.1,1.47243107769,2.05137844612,1.55016906989
2,2.1,0.1,1.47744360902,1.95112781955,1.54768732131
2,2.1,0.1,1.48245614035,1.85087719298,1.54520319971
2,2.1,0.1,1.48746867168,1.75062656642,1.5427168266
2,2.1,0.1,1.49248120301,1.65037593985,1.54022832395
2,2.1,0.1,1.49749373434,1.55012531328,1.53773781416
2,2.1,0.1,1.50250626566,1.44987468672,1.53524542001
2,2.1,0.1,1.50751879699,1.34962406015,1.53275126467
2,2.1,0.1,1.51253132832,1.24937343358,1.53025547166
2,2.1,0.1,1.51754385965,1.14912280702,1.52775816482
2,2.1,0.1,1.52255639098,1.04887218045,1.52525946829
2,2.1,0.1,1.52756892231,0.948621553885,1.5227595065
2,2.1,0.1,1.53258145363,0.848370927318,1.52025840412
2,2.1,0.1,1.53759398496,0.748120300752,1.51775628606
2,2.1,0.1,1.54260651629,0.647869674185,1.51525327743
2,2.1,0.1,1.54761904762,0.547619047619,1.51274950351
2,2.1,0.1,1.55263157895,0.447368421053,1.51024508974
2,2.1,0.1,1.55764411028,0.347117794486,1.50774016169
2,2.1,0.1,1.5626566416,0.24686716792,1.50523484504
2,2.1,0.1,1.56766917293,0.146616541353,1.50272926553
2,2.1,0.1,1.57268170426,0.046365914787,1.50022354896
2,2.1,0.1,1.57769423559,-0.0538847117794,1.49771782116
2,2.1,0.1,1.58270676692,-0.154135338346,1.49521220797
2,2.1,0.1,1.58771929825,-0.254385964912,1.4927068352
2,2.1,0.1,1.59273182957,-0.354636591479,1.4902018286
2,2.1,0.1,1.5977443609,-0.454887218045,1.48769731386
2,2.1,0.1,1.60275689223,-0.555137844612,1.48519341657
2,2.1,0.1,1.60776942356,-0.655388471178,1.4826902622
2,2.1,0.1,1.61278195489,-0.755639097744,1.48018797606
2,2.1,0.1,1.61779448622,-0.855889724311,1.4776866833
2,2.1,0.1,1.62280701754,-0.956140350877,1.47518650885
2,2.1,0.1,1.62781954887,-1.05639097744,1.47268757743
2,2.1,0.1,1.6328320802,-1.15664160401,1.47019001352
2,2.1,0.1,1.63784461153,-1.25689223058,1.46769394131
2,2.1,0.1,1.64285714286,-1.35714285714,1.4651994847
2,2.1,0.1,1.64786967419,-1.45739348371,1.46270676727
2,2.1,0.1,1.65288220551,-1.55764411028,1.46021591224
2,2.1,0.1,1.65789473684,-1.65789473684,1.45772704248
2,2.1,0.1,1.66290726817,-1.75814536341,1.45524028044
2,2.1,0.1,1.6679197995,-1.85839598997,1.45275574818
2,2.1,0.1,1.67293233083,-1.95864661654,1.4502735673
2,2.1,0.1,1.67794486216,-2.05889724311,1.44779385893
2,2.1,0.1,1.68295739348,-2.15914786967,1.44531674372
2,2.1,0.1,1.68796992481,-2.25939849624,1.44284234181
2,2.1,0.1,1.69298245614,-2.35964912281,1.44037077279
2,2.1,0.1,1.69799498747,-2.45989974937,1.43790215572
2,2.1,0.1,1.7030075188,-2.56015037594,1.43543660905
2,2.1,0.1,1.70802005013,-2.66040100251,1.43297425064
2,2.1,0.1,1.71303258145,-2.76065162907,1.43051519773
2,2.1,0.1,1.71804511278,-2.86090225564,1.42805956692
2,2.1,0.1,1.72305764411,-2.96115288221,1.42560747411
2,2.1,0.1,1.72807017544,-3.06140350877,1.42315903455
2,2.1,0.1,1.73308270677,-3.16165413534,1.42071436277
2,2.1,0.1,1.7380952381,-3.2619047619,1.41827357255
2,2.1,0.1,1.74310776942,-3.36215538847,1.41583677695
2,2.1,0.1,1.74812030075,-3.46240601504,1.41340408824
2,2.1,0.1,1.75313283208,-3.5626566416,1.4109756179
2,2.1,0.1,1.75814536341,-3.66290726817,1.40855147661
2,2.1,0.1,1.76315789474,-3.76315789474,1.40613177422
2,2.1,0.1,1.76817042607,-3.8634085213,1.40371661974
2,2.1,0.1,1.77318295739,-3.96365914787,1.40130612129
2,2.1,0.1,1.77819548872,-4.06390977444,1.39890038614
2,2.1,0.1,1.78320802005,-4.164160401,1.39649952064
2,2.1,0.1,1.78822055138,-4.26441102757,1.39410363021
2,2.1,0.1,1.79323308271,-4.36466165414,1.39171281937
2,2.1,0.1,1.79824561404,-4.4649122807,1.38932719167
2,2.1,0.1,1.80325814536,-4.56516290727,1.38694684967
2,2.1,0.1,1.80827067669,-4.66541353383,1.38457189499
2,2.1,0.1,1.81328320802,-4.7656641604,1.38220242821
2,2.1,0.1,1.81829573935,-4.86591478697,1.37983854893
2,2.1,0.1,1.82330827068,-4.96616541353,1.37748035571
2,2.1,0.1,1.82832080201,-5.0664160401,1.37512794604
2,2.1,0.1,1.83333333333,-5.16666666667,1.3727814164
2,2.1,0.1,1.83834586466,-5.26691729323,1.37044086217
2,2.1,0.1,1.84335839599,-5.3671679198,1.36810637765
2,2.1,0.1,1.84837092732,-5.46741854637,1.36577805604
2,2.1,0.1,1.85338345865,-5.56766917293,1.36345598944
2,2.1,0.1,1.85839598997,-5.6679197995,1.36114026884
2,2.1,0.1,1.8634085213,-5.76817042607,1.35883098408
2,2.1,0.1,1.86842105263,-5.86842105263,1.35652822385
2,2.1,0.1,1.87343358396,-5.9686716792,1.35423207572
2,2.1,0.1,1.87844611529,-6.06892230576,1.35194262605
2,2.1,0.1,1.88345864662,-6.16917293233,1.34965996007
2,2.1,0.1,1.88847117794,-6.2694235589,1.34738416181
2,2.1,0.1,1.89348370927,-6.36967418546,1.34511531409
2,2.1,0.1,1.8984962406,-6.46992481203,1.34285349855
2,2.1,0.1,1.90350877193,-6.5701754386,1.34059879562
2,2.1,0.1,1.90852130326,-6.67042606516,1.33835128451
2,2.1,0.1,1.91353383459,-6.77067669173,1.33611104321
2,2.1,0.1,1.91854636591,-6.8709273183,1.33387814845
2,2.1,0.1,1.92355889724,-6.97117794486,1.33165267577
2,2.1,0.1,1.92857142857,-7.07142857143,1.32943469943
2,2.1,0.1,1.9335839599,-7.17167919799,1.32722429246
2,2.1,0.1,1.93859649123,-7.27192982456,1.32502152662
2,2.1,0.1,1.94360902256,-7.37218045113,1.32282647242
2,2.1,0.1,1.94862155388,-7.47243107769,1.3206391991
2,2.1,0.1,1.95363408521,-7.57268170426,1.31845977464
2,2.1,0.1,1.95864661654,-7.67293233083,1.31628826575
2,2.1,0.1,1.96365914787,-7.77318295739,1.31412473783
2,2.1,0.1,1.9686716792,-7.87343358396,1.31196925506
2,2.1,0.1,1.97368421053,-7.97368421053,1.30982188029
2,2.1,0.1,1.97869674185,-8.07393483709,1.30768267511
2,2.1,0.1,1.98370927318,-8.17418546366,1.30555169981
2,2.1,0.1,1.98872180451,-8.27443609023,1.30342901342
2,2.1,0.1,1.99373433584,-8.37468671679,1.30131467366
2,2.1,0.1,1.99874686717,-8.47493734336,1.29920873696
2,2.1,0.1,2.0037593985,-8.57518796992,1.29711125848
2,2.1,0.1,2.00877192982,-8.67543859649,1.29502229207
2,2.1,0.1,2.01378446115,-8.77568922306,1.29294189032
2,2.1,0.1,2.01879699248,-8.87593984962,1.29087010452
2,2.1,0.1,2.02380952381,-8.97619047619,1.28880698465
2,2.1,0.1,2.02882205514,-9.07644110276,1.28675257946
2,2.1,0.1,2.03383458647,-9.17669172932,1.28470693636
2,2.1,0.1,2.03884711779,-9.27694235589,1.28267010151
2,2.1,0.1,2.04385964912,-9.37719298246,1.28064211981
2,2.1,0.1,2.04887218045,-9.47744360902,1.27862303484
2,2.1,0.1,2.05388471178,-9.57769423559,1.27661288895
2,2.1,0.1,2.05889724311,-9.67794486216,1.2746117232
2,2.1,0.1,2.06390977444,-9.77819548872,1.27261957739
2,2.1,0.1,2.06892230576,-9.87844611529,1.27063649007
2,2.1,0.1,2.07393483709,-9.97869674185,1.26866249852
2,2.1,0.1,2.07894736842,-10.0789473684,1.26669763879
2,2.1,0.1,2.08395989975,-10.179197995,1.26474194565
2,2.1,0.1,2.08897243108,-10.2794486216,1.26279545267
2,2.1,0.1,2.09398496241,-10.3796992481,1.26085819216
2,2.1,0.1,2.09899749373,-10.4799498747,1.2589301952
2,2.1,0.1,2.10401002506,-10.5802005013,1.25701149167
2,2.1,0.1,2.10902255639,-10.6804511278,1.25510211022
2,2.1,0.1,2.11403508772,-10.7807017544,1.25320207828
2,2.1,0.1,2.11904761905,-10.880952381,1.25131142209
2,2.1,0.1,2.12406015038,-10.9812030075,1.2494301667
2,2.1,0.1,2.1290726817,-11.0814536341,1.24755833596
2,2.1,0.1,2.13408521303,-11.1817042607,1.24569595255
2,2.1,0.1,2.13909774436,-11.2819548872,1.24384303796
2,2.1,0.1,2.14411027569,-11.3822055138,1.24199961254
2,2.1,0.1,2.14912280702,-11.4824561404,1.24016569547
2,2.1,0.1,2.15413533835,-11.5827067669,1.23834130479
2,2.1,0.1,2.15914786967,-11.6829573935,1.23652645739
2,2.1,0.1,2.164160401,-11.7832080201,1.23472116903
2,2.1,0.1,2.16917293233,-11.8834586466,1.23292545437
2,2.1,0.1,2.17418546366,-11.9837092732,1.23113932694
2,2.1,0.1,2.17919799499,-12.0839598997,1.22936279917
2,2.1,0.1,2.18421052632,-12.1842105263,1.2275958824
2,2.1,0.1,2.18922305764,-12.2844611529,1.22583858689
2,2.1,0.1,2.19423558897,-12.3847117794,1.22409092182
2,2.1,0.1,2.1992481203,-12.484962406,1.22235289533
2,2.1,0.1,2.20426065163,-12.5852130326,1.22062451448
2,2.1,0.1,2.20927318296,-12.6854636591,1.21890578529
2,2.1,0.1,2.21428571429,-12.7857142857,1.21719671278
2,2.1,0.1,2.21929824561,-12.8859649123,1.21549730091
2,2.1,0.1,2.22431077694,-12.9862155388,1.21380755265
2,2.1,0.1,2.22932330827,-13.0864661654,1.21212746998
2,2.1,0.1,2.2343358396,-13.186716792,1.21045705387
2,2.1,0.1,2.23934837093,-13.2869674185,1.20879630433
2,2.1,0.1,2.24436090226,-13.3872180451,1.20714522041
2,2.1,0.1,2.24937343358,-13.4874686717,1.20550380018
2,2.1,0.1,2.25438596491,-13.5877192982,1.20387204079
2,2.1,0.1,2.25939849624,-13.6879699248,1.20224993844
2,2.1,0.1,2.26441102757,-13.7882205514,1.20063748844
2,2.1,0.1,2.2694235589,-13.8884711779,1.19903468517
2,2.1,0.1,2.27443609023,-13.9887218045,1.19744152212
2,2.1,0.1,2.27944862155,-14.0889724311,1.19585799188
2,2.1,0.1,2.28446115288,-14.1892230576,1.19428408619
2,2.1,0.1,2.28947368421,-14.2894736842,1.19271979592
2,2.1,0.1,2.29448621554,-14.3897243108,1.19116511109
2,2.1,0.1,2.29949874687,-14.4899749373,1.1896200209
2,2.1,0.1,2.3045112782,-14.5902255639,1.18808451368
2,2.1,0.1,2.30952380952,-14.6904761905,1.186558577
2,2.1,0.1,2.31453634085,-14.790726817,1.18504219761
2,2.1,0.1,2.31954887218,-14.8909774436,1.18353536145
2,2.1,0.1,2.32456140351,-14.9912280702,1.18203805371
2,2.1,0.1,2.32957393484,-15.0914786967,1.18055025881
2,2.1,0.1,2.33458646617,-15.1917293233,1.17907196042
2,2.1,0.1,2.33959899749,-15.2919799499,1.17760314145
2,2.1,0.1,2.34461152882,-15.3922305764,1.17614378411
2,2.1,0.1,2.34962406015,-15.492481203,1.17469386987
2,2.1,0.1,2.35463659148,-15.5927318296,1.17325337953
2,2.1,0.1,2.35964912281,-15.6929824561,1.17182229315
2,2.1,0.1,2.36466165414,-15.7932330827,1.17040059015
2,2.1,0.1,2.36967418546,-15.8934837093,1.16898824927
2,2.1,0.1,2.37468671679,-15.9937343358,1.1675852486
2,2.1,0.1,2.37969924812,-16.0939849624,1.16619156557
2,2.1,0.1,2.38471177945,-16.194235589,1.16480717699
2,2.1,0.1,2.38972431078,-16.2944862155,1.16343205906
2,2.1,0.1,2.39473684211,-16.3947368421,1.16206618736
2,2.1,0.1,2.39974937343,-16.4949874687,1.16070953687
2,2.1,0.1,2.40476190476,-16.5952380952,1.15936208201
2,2.1,0.1,2.40977443609,-16.6954887218,1.1580237966
2,2.1,0.1,2.41478696742,-16.7957393484,1.15669465392
2,2.1,0.1,2.41979949875,-16.8959899749,1.15537462669
2,2.1,0.1,2.42481203008,-16.9962406015,1.1540636871
2,2.1,0.1,2.4298245614,-17.0964912281,1.15276180682
2,2.1,0.1,2.43483709273,-17.1967418546,1.15146895698
2,2.1,0.1,2.43984962406,-17.2969924812,1.15018510825
2,2.1,0.1,2.44486215539,-17.3972431078,1.14891023077
2,2.1,0.1,2.44987468672,-17.4974937343,1.14764429422
2,2.1,0.1,2.45488721805,-17.5977443609,1.14638726781
2,2.1,0.1,2.45989974937,-17.6979949875,1.14513912029
2,2.1,0.1,2.4649122807,-17.798245614,1.14389981997
2,2.1,0.1,2.46992481203,-17.8984962406,1.14266933473
2,2.1,0.1,2.47493734336,-17.9987468672,1.14144763199
2,2.1,0.1,2.47994987469,-18.0989974937,1.14023467881
2,2.1,0.1,2.48496240602,-18.1992481203,1.13903044182
2,2.1,0.1,2.48997493734,-18.2994987469,1.13783488724
2,2.1,0.1,2.49498746867,-18.3997493734,1.13664798095
2,2.1,0.1,2.5,-18.5,1.13546968842
5,5.1,0.1,0.5,51.5,1.99421017167
5,5.1,0.1,0.505012531328,51.2493734336,1.99406410245
5,5.1,0.1,0.510025062657,50.9987468672,1.99391437069
5,5.1,0.1,0.515037593985,50.7481203008,1.9937608857
5,5.1,0.1,0.520050125313,50.4974937343,1.99360355462
5,5.1,0.1,0.525062656642,50.2468671679,1.99344228233
5,5.1,0.1,0.53007518797,49.9962406015,1.99327697146
5,5.1,0.1,0.535087719298,49.7456140351,1.99310752227
5,5.1,0.1,0.540100250627,49.4949874687,1.99293383263
5,5.1,0.1,0.545112781955,49.2443609023,1.99275579799
5,5.1,0.1,0.550125313283,48.9937343358,1.99257331129
5,5.1,0.1,0.555137844612,48.7431077694,1.99238626289
5,5.1,0.1,0.56015037594,48.492481203,1.99219454058
5,5.1,0.1,0.565162907268,48.2418546366,1.99199802944
5,5.1,0.1,0.570175438596,47.9912280702,1.99179661186
5,5.1,0.1,0.575187969925,47.7406015038,1.99159016741
5,5.1,0.1,0.580200501253,47.4899749373,1.99137857283
5,5.1,0.1,0.585213032581,47.2393483709,1.99116170193
5,5.1,0.1,0.59022556391,46.9887218045,1.99093942558
5,5.1,0.1,0.595238095238,46.7380952381,1.99071161158
5,5.1,0.1,0.600250626566,46.4874686717,1.99047812464
5,5.1,0.1,0.605263157895,46.2368421053,1.99023882629
5,5.1,0.1,0.610275689223,45.9862155388,1.98999357484
5,5.1,0.1,0.615288220551,45.7355889724,1.98974222527
5,5.1,0.1,0.62030075188,45.484962406,1.98948462922
5,5.1,0.1,0.625313283208,45.2343358396,1.98922063486
5,5.1,0.1,0.630325814536,44.9837092732,1.98895008684
5,5.1,0.1,0.635338345865,44.7330827068,1.98867282623
5,5.1,0.1,0.640350877193,44.4824561404,1.98838869045
5,5.1,0.1,0.645363408521,44.2318295739,1.98809751315
5,5.1,0.1,0.65037593985,43.9812030075,1.9877991242
5,5.1,0.1,0.655388471178,43.7305764411,1.98749334955
5,5.1,0.1,0.660401002506,43.4799498747,1.98718001121
5,5.1,0.1,0.665413533835,43.2293233083,1.98685892712
5,5.1,0.1,0.670426065163,42.9786967419,1.98652991111
5,5.1,0.1,0.675438596491,42.7280701754,1.9861927728
5,5.1,0.1,0.68045112782,42.477443609,1.98584731752
5,5.1,0.1,0.685463659148,42.2268170426,1.98549334623
5,5.1,0.1,0.690476190476,41.9761904762,1.98513065543
5,5.1,0.1,0.695488721805,41.7255639098,1.9847590371
5,5.1,0.1,0.700501253133,41.4749373434,1.98437827859
5,5.1,0.1,0.705513784461,41.2243107769,1.98398816255
5,5.1,0.1,0.710526315789,40.9736842105,1.98358846681
5,5.1,0.1,0.715538847118,40.7230576441,1.98317896436
5,5.1,0.1,0.720551378446,40.4724310777,1.9827594232
5,5.1,0.1,0.725563909774,40.2218045113,1.98232960629
5,5.1,0.1,0.730576441103,39.9711779449,1.98188927144
5,5.1,0.1,0.735588972431,39.7205513784,1.98143817123
5,5.1,0.1,0.740601503759,39.469924812,1.98097605293
5,5.1,0.1,0.745614035088,39.2192982456,1.98050265839
5,5.1,0.1,0.750626566416,38.9686716792,1.98001772399
5,5.1,0.1,0.755639097744,38.7180451128,1.97952098049
5,5.1,0.1,0.760651629073,38.4674185464,1.979012153
5,5.1,0.1,0.765664160401,38.2167919799,1.97849096088
5,5.1,0.1,0.770676691729,37.9661654135,1.97795711761
5,5.1,0.1,0.775689223058,37.7155388471,1.97741033074
5,5.1,0.1,0.780701754386,37.4649122807,1.97685030182
5,5.1,0.1,0.785714285714,37.2142857143,1.97627672625
5,5.1,0.1,0.790726817043,36.9636591479,1.97568929327
5,5.1,0.1,0.795739348371,36.7130325815,1.9750876858
5,5.1,0.1,0.800751879699,36.462406015,1.97447158042
5,5.1,0.1,0.805764411028,36.2117794486,1.97384064725
5,5.1,0.1,0.810776942356,35.9611528822,1.97319454988
5,5.1,0.1,0.815789473684,35.7105263158,1.97253294529
5,5.1,0.1,0.820802005013,35.4598997494,1.97185548377
5,5.1,0.1,0.825814536341,35.209273183,1.97116180883
5,5.1,0.1,0.830827067669,34.9586466165,1.97045155718
5,5.1,0.1,0.835839598997,34.7080200501,1.96972435859
5,5.1,0.1,0.840852130326,34.4573934837,1.96897983586
5,5.1,0.1,0.845864661654,34.2067669173,1.96821760473
5,5.1,0.1,0.850877192982,33.9561403509,1.96743727385
5,5.1,0.1,0.855889724311,33.7055137845,1.96663844471
5,5.1,0.1,0.860902255639,33.454887218,1.96582071156
5,5.1,0.1,0.865914786967,33.2042606516,1.96498366138
5,5.1,0.1,0.870927318296,32.9536340852,1.96412687381
5,5.1,0.1,0.875939849624,32.7030075188,1.96324992117
5,5.1,0.1,0.880952380952,32.4523809524,1.96235236832
5,5.1,0.1,0.885964912281,32.201754386,1.96143377271
5,5.1,0.1,0.890977443609,31.9511278195,1.96049368434
5,5.1,0.1,0.895989974937,31.7005012531,1.95953164568
5,5.1,0.1,0.901002506266,31.4498746867,1.95854719172
5,5.1,0.1,0.906015037594,31.1992481203,1.95753984995
5,5.1,0.1,0.911027568922,30.9486215539,1.95650914031
5,5.1,0.1,0.916040100251,30.6979949875,1.95545457525
5,5.1,0.1,0.921052631579,30.4473684211,1.95437565973
5,5.1,0.1,0.926065162907,30.1967418546,1.9532718912
5,5.1,0.1,0.931077694236,29.9461152882,1.9521427597
5,5.1,0.1,0.936090225564,29.6954887218,1.95098774784
5,5.1,0.1,0.941102756892,29.4448621554,1.94980633087
5,5.1,0.1,0.946115288221,29.194235589,1.94859797675
5,5.1,0.1,0.951127819549,28.9436090226,1.94736214619
5,5.1,0.1,0.956140350877,28.6929824561,1.94609829276
5,5.1,0.1,0.961152882206,28.4423558897,1.94480586296
5,5.1,0.1,0.966165413534,28.1917293233,1.94348429634
5,5.1,0.1,0.971177944862,27.9411027569,1.94213302562
5,5.1,0.1,0.97619047619,27.6904761905,1.94075147678
5,5.1,0.1,0.981203007519,27.4398496241,1.93933906925
5,5.1,0.1,0.986215538847,27.1892230576,1.93789521605
5,5.1,0.1,0.991228070175,26.9385964912,1.93641932397
5,5.1,0.1,0.996240601504,26.6879699248,1.93491079374
5,5.1,0.1,1.00125313283,26.4373433584,1.93336902026
5,5.1,0.1,1.00626566416,26.186716792,1.93179339277
5,5.1,0.1,1.01127819549,25.9360902256,1.93018329518
5,5.1,0.1,1.01629072682,25.6854636591,1.92853810624
5,5.1,0.1,1.02130325815,25.4348370927,1.92685719984
5,5.1,0.1,1.02631578947,25.1842105263,1.92513994532
5,5.1,0.1,1.0313283208,24.9335839599,1.9233857078
5,5.1,0.1,1.03634085213,24.6829573935,1.92159384843
5,5.1,0.1,1.04135338346,24.4323308271,1.91976372486
5,5.1,0.1,1.04636591479,24.1817042607,1.91789469152
5,5.1,0.1,1.05137844612,23.9310776942,1.91598610007
5,5.1,0.1,1.05639097744,23.6804511278,1.91403729981
5,5.1,0.1,1.06140350877,23.4298245614,1.91204763812
5,5.1,0.1,1.0664160401,23.179197995,1.91001646091
5,5.1,0.1,1.07142857143,22.9285714286,1.90794311314
5,5.1,0.1,1.07644110276,22.6779448622,1.90582693934
5,5.1,0.1,1.08145363409,22.4273182957,1.9036672841
5,5.1,0.1,1.08646616541,22.1766917293,1.9014634927
5,5.1,0.1,1.09147869674,21.9260651629,1.89921491165
5,5.1,0.1,1.09649122807,21.6754385965,1.89692088934
5,5.1,0.1,1.1015037594,21.4248120301,1.89458077667
5,5.1,0.1,1.10651629073,21.1741854637,1.89219392773
5,5.1,0.1,1.11152882206,20.9235588972,1.88975970047
5,5.1,0.1,1.11654135338,20.6729323308,1.88727745745
5,5.1,0.1,1.12155388471,20.4223057644,1.8847465666
5,5.1,0.1,1.12656641604,20.171679198,1.88216640197
5,5.1,0.1,1.13157894737,19.9210526316,1.87953634453
5,5.1,0.1,1.1365914787,19.6704260652,1.87685578305
5,5.1,0.1,1.14160401003,19.4197994987,1.87412411488
5,5.1,0.1,1.14661654135,19.1691729323,1.87134074693
5,5.1,0.1,1.15162907268,18.9185463659,1.86850509648
5,5.1,0.1,1.15664160401,18.6679197995,1.86561659219
5,5.1,0.1,1.16165413534,18.4172932331,1.86267467501
5,5.1,0.1,1.16666666667,18.1666666667,1.8596787992
5,5.1,0.1,1.17167919799,17.9160401003,1.85662843331
5,5.1,0.1,1.17669172932,17.6654135338,1.85352306123
5,5.1,0.1,1.18170426065,17.4147869674,1.85036218322
5,5.1,0.1,1.18671679198,17.164160401,1.847145317
5,5.1,0.1,1.19172932331,16.9135338346,1.84387199882
5,5.1,0.1,1.19674185464,16.6629072682,1.84054178459
5,5.1,0.1,1.20175438596,16.4122807018,1.83715425097
5,5.1,0.1,1.20676691729,16.1616541353,1.83370899656
5,5.1,0.1,1.21177944862,15.9110275689,1.83020564301
5,5.1,0.1,1.21679197995,15.6604010025,1.82664383617
5,5.1,0.1,1.22180451128,15.4097744361,1.82302324732
5,5.1,0.1,1.22681704261,15.1591478697,1.81934357429
5,5.1,0.1,1.23182957393,14.9085213033,1.81560454268
5,5.1,0.1,1.23684210526,14.6578947368,1.81180590703
5,5.1,0.1,1.24185463659,14.4072681704,1.80794745199
5,5.1,0.1,1.24686716792,14.156641604,1.80402899354
5,5.1,0.1,1.25187969925,13.9060150376,1.80005038012
5,5.1,0.1,1.25689223058,13.6553884712,1.79601149386
5,5.1,0.1,1.2619047619,13.4047619048,1.79191225166
5,5.1,0.1,1.26691729323,13.1541353383,1.78775260639
5,5.1,0.1,1.27192982456,12.9035087719,1.783532548
5,5.1,0.1,1.27694235589,12.6528822055,1.7792521046
5,5.1,0.1,1.28195488722,12.4022556391,1.77491134357
5,5.1,0.1,1.28696741855,12.1516290727,1.77051037259
5,5.1,0.1,1.29197994987,11.9010025063,1.76604934065
5,5.1,0.1,1.2969924812,11.6503759398,1.76152843906
5,5.1,0.1,1.30200501253,11.3997493734,1.75694790238
5,5.1,0.1,1.30701754386,11.149122807,1.75230800931
5,5.1,0.1,1.31203007519,10.8984962406,1.74760908356
5,5.1,0.1,1.31704260652,10.6478696742,1.74285149465
5,5.1,0.1,1.32205513784,10.3972431078,1.73803565864
5,5.1,0.1,1.32706766917,10.1466165414,1.73316203886
5,5.1,0.1,1.3320802005,9.89598997494,1.72823114652
5,5.1,0.1,1.33709273183,9.64536340852,1.72324354127
5,5.1,0.1,1.34210526316,9.39473684211,1.71819983169
5,5.1,0.1,1.34711779449,9.14411027569,1.71310067577
5,5.1,0.1,1.35213032581,8.89348370927,1.70794678117
5,5.1,0.1,1.35714285714,8.64285714286,1.70273890558
5,5.1,0.1,1.36215538847,8.39223057644,1.69747785684
5,5.1,0.1,1.3671679198,8.14160401003,1.69216449308
5,5.1,0.1,1.37218045113,7.89097744361,1.68679972275
5,5.1,0.1,1.37719298246,7.64035087719,1.6813845045
5,5.1,0.1,1.38220551378,7.38972431078,1.67591984706
5,5.1,0.1,1.38721804511,7.13909774436,1.67040680895
5,5.1,0.1,1.39223057644,6.88847117794,1.66484649814
5,5.1,0.1,1.39724310777,6.63784461153,1.65924007159
5,5.1,0.1,1.4022556391,6.38721804511,1.65358873471
5,5.1,0.1,1.40726817043,6.1365914787,1.64789374068
5,5.1,0.1,1.41228070175,5.88596491228,1.64215638973
5,5.1,0.1,1.41729323308,5.63533834586,1.63637802826
5,5.1,0.1,1.42230576441,5.38471177945,1.6305600479
5,5.1,0.1,1.42731829574,5.13408521303,1.62470388444
5,5.1,0.1,1.43233082707,4.88345864662,1.61881101669
5,5.1,0.1,1.4373433584,4.6328320802,1.61288296524
5,5.1,0.1,1.44235588972,4.38220551378,1.60692129106
5,5.1,0.1,1.44736842105,4.13157894737,1.60092759411
5,5.1,0.1,1.45238095238,3.88095238095,1.59490351175
5,5.1,0.1,1.45739348371,3.63032581454,1.58885071716
5,5.1,0.1,1.46240601504,3.37969924812,1.5827709176
5,5.1,0.1,1.46741854637,3.1290726817,1.5766658526
5,5.1,0.1,1.47243107769,2.87844611529,1.57053729209
5,5.1,0.1,1.47744360902,2.62781954887,1.56438703444
5,5.1,0.1,1.48245614035,2.37719298246,1.55821690444
5,5.1,0.1,1.48746867168,2.12656641604,1.55202875119
5,5.1,0.1,1.49248120301,1.87593984962,1.54582444594
5,5.1,0.1,1.49749373434,1.62531328321,1.53960587988
5,5.1,0.1,1.50250626566,1.37468671679,1.53337496187
5,5.1,0.1,1.50751879699,1.12406015038,1.52713361611
5,5.1,0.1,1.51253132832,0.87343358396,1.52088377982
5,5.1,0.1,1.51754385965,0.622807017544,1.5146274008
5,5.1,0.1,1.52255639098,0.372180451128,1.50836643505
5,5.1,0.1,1.52756892231,0.121553884712,1.50210284432
5,5.1,0.1,1.53258145363,-0.129072681704,1.49583859364
5,5.1,0.1,1.53759398496,-0.37969924812,1.48957564889
5,5.1,0.1,1.54260651629,-0.630325814536,1.48331597429
5,5.1,0.1,1.54761904762,-0.880952380952,1.47706152997
5,5.1,0.1,1.55263157895,-1.13157894737,1.4708142695
5,5.1,0.1,1.55764411028,-1.38220551378,1.46457613748
5,5.1,0.1,1.5626566416,-1.6328320802,1.4583490671
5,5.1,0.1,1.56766917293,-1.88345864662,1.45213497778
5,5.1,0.1,1.57268170426,-2.13408521303,1.44593577283
5,5.1,0.1,1.57769423559,-2.38471177945,1.43975333714
5,5.1,0.1,1.58270676692,-2.63533834586,1.43358953492
5,5.1,0.1,1.58771929825,-2.88596491228,1.42744620751
5,5.1,0.1,1.59273182957,-3.1365914787,1.42132517125
5,5.1,0.1,1.5977443609,-3.38721804511,1.41522821538
5,5.1,0.1,1.60275689223,-3.63784461153,1.40915710006
5,5.1,0.1,1.60776942356,-3.88847117794,1.40311355442
5,5.1,0.1,1.61278195489,-4.13909774436,1.3970992747
5,5.1,0.1,1.61779448622,-4.38972431078,1.3911159225
5,5.1,0.1,1.62280701754,-4.64035087719,1.38516512308
5,5.1,0.1,1.62781954887,-4.89097744361,1.37924846373
5,5.1,0.1,1.6328320802,-5.14160401003,1.37336749233
5,5.1,0.1,1.63784461153,-5.39223057644,1.36752371585
5,5.1,0.1,1.64285714286,-5.64285714286,1.36171859912
5,5.1,0.1,1.64786967419,-5.89348370927,1.35595356354
5,5.1,0.1,1.65288220551,-6.14411027569,1.35022998598
5,5.1,0.1,1.65789473684,-6.39473684211,1.34454919777
5,5.1,0.1,1.66290726817,-6.64536340852,1.33891248377
5,5.1,0.1,1.6679197995,-6.89598997494,1.33332108154
5,5.1,0.1,1.67293233083,-7.14661654135,1.32777618063
5,5.1,0.1,1.67794486216,-7.39724310777,1.32227892195
5,5.1,0.1,1.68295739348,-7.64786967419,1.31683039729
5,5.1,0.1,1.68796992481,-7.8984962406,1.31143164881
5,5.1,0.1,1.69298245614,-8.14912280702,1.30608366884
5,5.1,0.1,1.69799498747,-8.39974937343,1.30078739952
5,5.1,0.1,1.7030075188,-8.65037593985,1.29554373277
5,5.1,0.1,1.70802005013,-8.90100250627,1.29035351019
5,5.1,0.1,1.71303258145,-9.15162907268,1.28521752314
5,5.1,0.1,1.71804511278,-9.4022556391,1.28013651282
5,5.1,0.1,1.72305764411,-9.65288220551,1.27511117055
5,5.1,0.1,1.72807017544,-9.90350877193,1.27014213803
5,5.1,0.1,1.73308270677,-10.1541353383,1.26523000771
5,5.1,0.1,1.7380952381,-10.4047619048,1.26037532327
5,5.1,0.1,1.74310776942,-10.6553884712,1.25557858012
5,5.1,0.1,1.74812030075,-10.9060150376,1.25084022597
5,5.1,0.1,1.75313283208,-11.156641604,1.24616066152
5,5.1,0.1,1.75814536341,-11.4072681704,1.24154024114
5,5.1,0.1,1.76315789474,-11.6578947368,1.23697927367
5,5.1,0.1,1.76817042607,-11.9085213033,1.23247802321
5,5.1,0.1,1.77318295739,-12.1591478697,1.22803670998
5,5.1,0.1,1.77819548872,-12.4097744361,1.22365551129
5,5.1,0.1,1.78320802005,-12.6604010025,1.21933456245
5,5.1,0.1,1.78822055138,-12.9110275689,1.21507395778
5,5.1,0.1,1.79323308271,-13.1616541353,1.21087375164
5,5.1,0.1,1.79824561404,-13.4122807018,1.20673395947
5,5.1,0.1,1.80325814536,-13.6629072682,1.20265455892
5,5.1,0.1,1.80827067669,-13.9135338346,1.19863549091
5,5.1,0.1,1.81328320802,-14.164160401,1.19467666079
5,5.1,0.1,1.81829573935,-14.4147869674,1.19077793949
5,5.1,0.1,1.82330827068,-14.6654135338,1.18693916465
5,5.1,0.1,1.82832080201,-14.9160401003,1.18316014182
5,5.1,0.1,1.83333333333,-15.1666666667,1.17944064564
5,5.1,0.1,1.83834586466,-15.4172932331,1.175780421
5,5.1,0.1,1.84335839599,-15.6679197995,1.17217918424
5,5.1,0.1,1.84837092732,-15.9185463659,1.16863662433
5,5.1,0.1,1.85338345865,-16.1691729323,1.16515240407
5,5.1,0.1,1.85839598997,-16.4197994987,1.16172616124
5,5.1,0.1,1.8634085213,-16.6704260652,1.15835750977
5,5.1,0.1,1.86842105263,-16.9210526316,1.15504604093
5,5.1,0.1,1.87343358396,-17.171679198,1.15179132443
5,5.1,0.1,1.87844611529,-17.4223057644,1.14859290961
5,5.1,0.1,1.88345864662,-17.6729323308,1.1454503265
5,5.1,0.1,1.88847117794,-17.9235588972,1.14236308696
5,5.1,0.1,1.89348370927,-18.1741854637,1.13933068576
5,5.1,0.1,1.8984962406,-18.4248120301,1.13635260163
5,5.1,0.1,1.90350877193,-18.6754385965,1.13342829831
5,5.1,0.1,1.90852130326,-18.9260651629,1.13055722558
5,5.1,0.1,1.91353383459,-19.1766917293,1.12773882024
5,5.1,0.1,1.91854636591,-19.4273182957,1.12497250711
5,5.1,0.1,1.92355889724,-19.6779448622,1.12225769996
5,5.1,0.1,1.92857142857,-19.9285714286,1.11959380246
5,5.1,0.1,1.9335839599,-20.179197995,1.11698020903
5,5.1,0.1,1.93859649123,-20.4298245614,1.1144163058
5,5.1,0.1,1.94360902256,-20.6804511278,1.11190147138
5,5.1,0.1,1.94862155388,-20.9310776942,1.1094350777
5,5.1,0.1,1.95363408521,-21.1817042607,1.10701649085
5,5.1,0.1,1.95864661654,-21.4323308271,1.1046450718
5,5.1,0.1,1.96365914787,-21.6829573935,1.10232017716
5,5.1,0.1,1.9686716792,-21.9335839599,1.10004115987
5,5.1,0.1,1.97368421053,-22.1842105263,1.09780736996
5,5.1,0.1,1.97869674185,-22.4348370927,1.09561815511
5,5.1,0.1,1.98370927318,-22.6854636591,1.09347286138
5,5.1,0.1,1.98872180451,-22.9360902256,1.09137083374
5,5.1,0.1,1.99373433584,-23.186716792,1.08931141671
5,5.1,0.1,1.99874686717,-23.4373433584,1.0872939549
5,5.1,0.1,2.0037593985,-23.6879699248,1.08531779352
5,5.1,0.1,2.00877192982,-23.9385964912,1.08338227893
5,5.1,0.1,2.01378446115,-24.1892230576,1.08148675907
5,5.1,0.1,2.01879699248,-24.4398496241,1.07963058397
5,5.1,0.1,2.02380952381,-24.6904761905,1.07781310617
5,5.1,0.1,2.02882205514,-24.9411027569,1.0760336811
5,5.1,0.1,2.03383458647,-25.1917293233,1.07429166753
5,5.1,0.1,2.03884711779,-25.4423558897,1.07258642787
5,5.1,0.1,2.04385964912,-25.6929824561,1.07091732859
5,5.1,0.1,2.04887218045,-25.9436090226,1.0692837405
5,5.1,0.1,2.05388471178,-26.194235589,1.06768503905
5,5.1,0.1,2.05889724311,-26.4448621554,1.06612060466
5,5.1,0.1,2.06390977444,-26.6954887218,1.06458982295
5,5.1,0.1,2.06892230576,-26.9461152882,1.06309208501
5,5.1,0.1,2.07393483709,-27.1967418546,1.06162678763
5,5.1,0.1,2.07894736842,-27.4473684211,1.06019333351
5,5.1,0.1,2.08395989975,-27.6979949875,1.05879113147
5,5.1,0.1,2.08897243108,-27.9486215539,1.0574195966
5,5.1,0.1,2.09398496241,-28.1992481203,1.05607815048
5,5.1,0.1,2.09899749373,-28.4498746867,1.0547662213
5,5.1,0.1,2.10401002506,-28.7005012531,1.05348324399
5,5.1,0.1,2.10902255639,-28.9511278195,1.05222866038
5,5.1,0.1,2.11403508772,-29.201754386,1.05100191929
5,5.1,0.1,2.11904761905,-29.4523809524,1.04980247662
5,5.1,0.1,2.12406015038,-29.7030075188,1.04862979545
5,5.1,0.1,2.1290726817,-29.9536340852,1.04748334614
5,5.1,0.1,2.13408521303,-30.2042606516,1.04636260635
5,5.1,0.1,2.13909774436,-30.454887218,1.04526706112
5,5.1,0.1,2.14411027569,-30.7055137845,1.04419620292
5,5.1,0.1,2.14912280702,-30.9561403509,1.04314953167
5,5.1,0.1,2.15413533835,-31.2067669173,1.04212655479
5,5.1,0.1,2.15914786967,-31.4573934837,1.04112678719
5,5.1,0.1,2.164160401,-31.7080200501,1.0401497513
5,5.1,0.1,2.16917293233,-31.9586466165,1.03919497706
5,5.1,0.1,2.17418546366,-32.209273183,1.03826200192
5,5.1,0.1,2.17919799499,-32.4598997494,1.03735037084
5,5.1,0.1,2.18421052632,-32.7105263158,1.03645963625
5,5.1,0.1,2.18922305764,-32.9611528822,1.03558935806
5,5.1,0.1,2.19423558897,-33.2117794486,1.03473910358
5,5.1,0.1,2.1992481203,-33.462406015,1.03390844753
5,5.1,0.1,2.20426065163,-33.7130325815,1.03309697198
5,5.1,0.1,2.20927318296,-33.9636591479,1.0323042663
5,5.1,0.1,2.21428571429,-34.2142857143,1.03152992713
5,5.1,0.1,2.21929824561,-34.4649122807,1.0307735583
5,5.1,0.1,2.22431077694,-34.7155388471,1.03003477081
5,5.1,0.1,2.22932330827,-34.9661654135,1.02931318273
5,5.1,0.1,2.2343358396,-35.2167919799,1.02860841917
5,5.1,0.1,2.23934837093,-35.4674185464,1.02792011216
5,5.1,0.1,2.24436090226,-35.7180451128,1.02724790067
5,5.1,0.1,2.24937343358,-35.9686716792,1.02659143044
5,5.1,0.1,2.25438596491,-36.2192982456,1.02595035397
5,5.1,0.1,2.25939849624,-36.469924812,1.02532433042
5,5.1,0.1,2.26441102757,-36.7205513784,1.02471302554
5,5.1,0.1,2.2694235589,-36.9711779449,1.02411611157
5,5.1,0.1,2.27443609023,-37.2218045113,1.0235332672
5,5.1,0.1,2.27944862155,-37.4724310777,1.02296417742
5,5.1,0.1,2.28446115288,-37.7230576441,1.02240853351
5,5.1,0.1,2.28947368421,-37.9736842105,1.02186603291
5,5.1,0.1,2.29448621554,-38.2243107769,1.02133637913
5,5.1,0.1,2.29949874687,-38.4749373434,1.0208192817
5,5.1,0.1,2.3045112782,-38.7255639098,1.02031445603
5,5.1,0.1,2.30952380952,-38.9761904762,1.01982162338
5,5.1,0.1,2.31453634085,-39.2268170426,1.01934051073
5,5.1,0.1,2.31954887218,-39.477443609,1.01887085069
5,5.1,0.1,2.32456140351,-39.7280701754,1.01841238146
5,5.1,0.1,2.32957393484,-39.9786967419,1.01796484667
5,5.1,0.1,2.33458646617,-40.2293233083,1.01752799535
5,5.1,0.1,2.33959899749,-40.4799498747,1.0171015818
5,5.1,0.1,2.34461152882,-40.7305764411,1.01668536555
5,5.1,0.1,2.34962406015,-40.9812030075,1.01627911121
5,5.1,0.1,2.35463659148,-41.2318295739,1.01588258844
5,5.1,0.1,2.35964912281,-41.4824561404,1.01549557181
5,5.1,0.1,2.36466165414,-41.7330827068,1.01511784077
5,5.1,0.1,2.36967418546,-41.9837092732,1.01474917952
5,5.1,0.1,2.37468671679,-42.2343358396,1.01438937692
5,5.1,0.1,2.37969924812,-42.484962406,1.01403822646
5,5.1,0.1,2.38471177945,-42.7355889724,1.01369552611
5,5.1,0.1,2.38972431078,-42.9862155388,1.01336107828
5,5.1,0.1,2.39473684211,-43.2368421053,1.01303468972
5,5.1,0.1,2.39974937343,-43.4874686717,1.01271617144
5,5.1,0.1,2.40476190476,-43.7380952381,1.01240533863
5,5.1,0.1,2.40977443609,-43.9887218045,1.01210201057
5,5.1,0.1,2.41478696742,-44.2393483709,1.01180601058
5,5.1,0.1,2.41979949875,-44.4899749373,1.0115171659
5,5.1,0.1,2.42481203008,-44.7406015038,1.01123530766
5,5.1,0.1,2.4298245614,-44.9912280702,1.01096027076
5,5.1,0.1,2.43483709273,-45.2418546366,1.01069189381
5,5.1,0.1,2.43984962406,-45.492481203,1.01043001908
5,5.1,0.1,2.44486215539,-45.7431077694,1.01017449238
5,5.1,0.1,2.44987468672,-45.9937343358,1.00992516303
5,5.1,0.1,2.45488721805,-46.2443609023,1.00968188377
5,5.1,0.1,2.45989974937,-46.4949874687,1.00944451068
5,5.1,0.1,2.4649122807,-46.7456140351,1.00921290315
5,5.1,0.1,2.46992481203,-46.9962406015,1.00898692375
5,5.1,0.1,2.47493734336,-47.2468671679,1.00876643822
5,5.1,0.1,2.47994987469,-47.4974937343,1.00855131537
5,5.1,0.1,2.48496240602,-47.7481203008,1.00834142704
5,5.1,0.1,2.48997493734,-47.9987468672,1.00813664802
5,5.1,0.1,2.49498746867,-48.2493734336,1.00793685598
5,5.1,0.1,2.5,-48.5,1.00774193143
10,10.1,0.1,0.5,101.5,1.99996076261
10,10.1,0.1,0.505012531328,100.998746867,1.99995874578
10,10.1,0.1,0.510025062657,100.497493734,1.99995662529
10,10.1,0.1,0.515037593985,99.9962406015,1.99995439581
10,10.1,0.1,0.520050125313,99.4949874687,1.99995205173
10,10.1,0.1,0.525062656642,98.9937343358,1.99994958718
10,10.1,0.1,0.53007518797,98.492481203,1.99994699596
10,10.1,0.1,0.535087719298,97.9912280702,1.99994427155
10,10.1,0.1,0.540100250627,97.4899749373,1.99994140712
10,10.1,0.1,0.545112781955,96.9887218045,1.99993839546
10,10.1,0.1,0.550125313283,96.4874686717,1.99993522902
10,10.1,0.1,0.555137844612,95.9862155388,1.99993189983
10,10.1,0.1,0.56015037594,95.484962406,1.99992839954
10,10.1,0.1,0.565162907268,94.9837092732,1.99992471935
10,10.1,0.1,0.570175438596,94.4824561404,1.99992085002
10,10.1,0.1,0.575187969925,93.9812030075,1.99991678182
10,10.1,0.1,0.580200501253,93.4799498747,1.99991250455
10,10.1,0.1,0.585213032581,92.9786967419,1.99990800744
10,10.1,0.1,0.59022556391,92.477443609,1.99990327922
10,10.1,0.1,0.595238095238,91.9761904762,1.99989830801
10,10.1,0.1,0.600250626566,91.4749373434,1.99989308131
10,10.1,0.1,0.605263157895,90.9736842105,1.999887586
10,10.1,0.1,0.610275689223,90.4724310777,1.99988180829
10,10.1,0.1,0.615288220551,89.9711779449,1.99987573365
10,10.1,0.1,0.62030075188,89.469924812,1.99986934684
10,10.1,0.1,0.625313283208,88.9686716792,1.99986263182
10,10.1,0.1,0.630325814536,88.4674185464,1.99985557173
10,10.1,0.1,0.635338345865,87.9661654135,1.99984814883
10,10.1,0.1,0.640350877193,87.4649122807,1.9998403445
10,10.1,0.1,0.645363408521,86.9636591479,1.99983213913
10,10.1,0.1,0.65037593985,86.462406015,1.99982351213
10,10.1,0.1,0.655388471178,85.9611528822,1.99981444184
10,10.1,0.1,0.660401002506,85.4598997494,1.99980490548
10,10.1,0.1,0.665413533835,84.9586466165,1.99979487913
10,10.1,0.1,0.670426065163,84.4573934837,1.99978433761
10,10.1,0.1,0.675438596491,83.9561403509,1.99977325446
10,10.1,0.1,0.68045112782,83.454887218,1.99976160188
10,10.1,0.1,0.685463659148,82.9536340852,1.99974935061
10,10.1,0.1,0.690476190476,82.4523809524,1.99973646992
10,10.1,0.1,0.695488721805,81.9511278195,1.99972292748
10,10.1,0.1,0.700501253133,81.4498746867,1.99970868932
10,10.1,0.1,0.705513784461,80.9486215539,1.99969371971
10,10.1,0.1,0.710526315789,80.4473684211,1.99967798111
10,10.1,0.1,0.715538847118,79.9461152882,1.99966143403
10,10.1,0.1,0.720551378446,79.4448621554,1.99964403698
10,10.1,0.1,0.725563909774,78.9436090226,1.99962574632
10,10.1,0.1,0.730576441103,78.4423558897,1.99960651619
10,10.1,0.1,0.735588972431,77.9411027569,1.99958629838
10,10.1,0.1,0.740601503759,77.4398496241,1.9995650422
10,10.1,0.1,0.745614035088,76.9385964912,1.99954269436
10,10.1,0.1,0.750626566416,76.4373433584,1.99951919886
10,10.1,0.1,0.755639097744,75.9360902256,1.99949449682
10,10.1,0.1,0.760651629073,75.4348370927,1.99946852634
10,10.1,0.1,0.765664160401,74.9335839599,1.99944122236
10,10.1,0.1,0.770676691729,74.4323308271,1.99941251649
10,10.1,0.1,0.775689223058,73.9310776942,1.99938233684
10,10.1,0.1,0.780701754386,73.4298245614,1.99935060783
10,10.1,0.1,0.785714285714,72.9285714286,1.99931725004
10,10.1,0.1,0.790726817043,72.4273182957,1.99928217996
10,10.1,0.1,0.795739348371,71.9260651629,1.99924530984
10,10.1,0.1,0.800751879699,71.4248120301,1.99920654743
10,10.1,0.1,0.805764411028,70.9235588972,1.99916579576
10,10.1,0.1,0.810776942356,70.4223057644,1.99912295293
10,10.1,0.1,0.815789473684,69.9210526316,1.99907791182
10,10.1,0.1,0.820802005013,69.4197994987,1.99903055986
10,10.1,0.1,0.825814536341,68.9185463659,1.99898077871
10,10.1,0.1,0.830827067669,68.4172932331,1.99892844403
10,10.1,0.1,0.835839598997,67.9160401003,1.99887342511
10,10.1,0.1,0.840852130326,67.4147869674,1.9988155846
10,10.1,0.1,0.845864661654,66.9135338346,1.99875477816
10,10.1,0.1,0.850877192982,66.4122807018,1.99869085408
10,10.1,0.1,0.855889724311,65.9110275689,1.99862365295
10,10.1,0.1,0.860902255639,65.4097744361,1.99855300726
10,10.1,0.1,0.865914786967,64.9085213033,1.99847874096
10,10.1,0.1,0.870927318296,64.4072681704,1.99840066909
10,10.1,0.1,0.875939849624,63.9060150376,1.99831859728
10,10.1,0.1,0.880952380952,63.4047619048,1.99823232131
10,10.1,0.1,0.885964912281,62.9035087719,1.99814162659
10,10.1,0.1,0.890977443609,62.4022556391,1.9980462877
10,10.1,0.1,0.895989974937,61.9010025063,1.99794606778
10,10.1,0.1,0.901002506266,61.3997493734,1.99784071798
10,10.1,0.1,0.906015037594,60.8984962406,1.99772997691
10,10.1,0.1,0.911027568922,60.3972431078,1.99761356997
10,10.1,0.1,0.916040100251,59.8959899749,1.99749120869
10,10.1,0.1,0.921052631579,59.3947368421,1.99736259008
10,10.1,0.1,0.926065162907,58.8934837093,1.99722739591
10,10.1,0.1,0.931077694236,58.3922305764,1.99708529192
10,10.1,0.1,0.936090225564,57.8909774436,1.99693592709
10,10.1,0.1,0.941102756892,57.3897243108,1.99677893278
10,10.1,0.1,0.946115288221,56.8884711779,1.99661392187
10,10.1,0.1,0.951127819549,56.3872180451,1.99644048789
10,10.1,0.1,0.956140350877,55.8859649123,1.99625820405
10,10.1,0.1,0.961152882206,55.3847117794,1.99606662227
10,10.1,0.1,0.966165413534,54.8834586466,1.99586527215
10,10.1,0.1,0.971177944862,54.3822055138,1.9956536599
10,10.1,0.1,0.97619047619,53.880952381,1.99543126723
10,10.1,0.1,0.981203007519,53.3796992481,1.99519755014
10,10.1,0.1,0.986215538847,52.8784461153,1.99495193775
10,10.1,0.1,0.991228070175,52.3771929825,1.99469383101
10,10.1,0.1,0.996240601504,51.8759398496,1.99442260134
10,10.1,0.1,1.00125313283,51.3746867168,1.9941375893
10,10.1,0.1,1.00626566416,50.873433584,1.9938381031
10,10.1,0.1,1.01127819549,50.3721804511,1.99352341716
10,10.1,0.1,1.01629072682,49.8709273183,1.99319277048
10,10.1,0.1,1.02130325815,49.3696741855,1.99284536507
10,10.1,0.1,1.02631578947,48.8684210526,1.99248036425
10,10.1,0.1,1.0313283208,48.3671679198,1.9920968909
10,10.1,0.1,1.03634085213,47.865914787,1.99169402563
10,10.1,0.1,1.04135338346,47.3646616541,1.99127080492
10,10.1,0.1,1.04636591479,46.8634085213,1.99082621917
10,10.1,0.1,1.05137844612,46.3621553885,1.99035921067
10,10.1,0.1,1.05639097744,45.8609022556,1.98986867151
10,10.1,0.1,1.06140350877,45.3596491228,1.98935344145
10,10.1,0.1,1.0664160401,44.85839599,1.98881230568
10,10.1,0.1,1.07142857143,44.3571428571,1.98824399253
10,10.1,0.1,1.07644110276,43.8558897243,1.98764717112
10,10.1,0.1,1.08145363409,43.3546365915,1.98702044892
10,10.1,0.1,1.08646616541,42.8533834586,1.98636236931
10,10.1,0.1,1.09147869674,42.3521303258,1.98567140899
10,10.1,0.1,1.09649122807,41.850877193,1.98494597539
10,10.1,0.1,1.1015037594,41.3496240602,1.98418440403
10,10.1,0.1,1.10651629073,40.8483709273,1.98338495581
10,10.1,0.1,1.11152882206,40.3471177945,1.98254581423
10,10.1,0.1,1.11654135338,39.8458646617,1.98166508268
10,10.1,0.1,1.12155388471,39.3446115288,1.98074078154
10,10.1,0.1,1.12656641604,38.843358396,1.97977084542
10,10.1,0.1,1.13157894737,38.3421052632,1.97875312029
10,10.1,0.1,1.1365914787,37.8408521303,1.97768536064
10,10.1,0.1,1.14160401003,37.3395989975,1.97656522664
10,10.1,0.1,1.14661654135,36.8383458647,1.97539028141
10,10.1,0.1,1.15162907268,36.3370927318,1.97415798818
10,10.1,0.1,1.15664160401,35.835839599,1.97286570769
10,10.1,0.1,1.16165413534,35.3345864662,1.97151069552
10,10.1,0.1,1.16666666667,34.8333333333,1.97009009967
10,10.1,0.1,1.17167919799,34.3320802005,1.96860095813
10,10.1,0.1,1.17669172932,33.8308270677,1.96704019676
10,10.1,0.1,1.18170426065,33.3295739348,1.9654046272
10,10.1,0.1,1.18671679198,32.828320802,1.96369094515
10,10.1,0.1,1.19172932331,32.3270676692,1.96189572881
10,10.1,0.1,1.19674185464,31.8258145363,1.96001543768
10,10.1,0.1,1.20175438596,31.3245614035,1.95804641164
10,10.1,0.1,1.20676691729,30.8233082707,1.95598487047
10,10.1,0.1,1.21177944862,30.3220551378,1.95382691379
10,10.1,0.1,1.21679197995,29.820802005,1.95156852144
10,10.1,0.1,1.22180451128,29.3195488722,1.94920555449
10,10.1,0.1,1.22681704261,28.8182957393,1.94673375676
10,10.1,0.1,1.23182957393,28.3170426065,1.94414875705
10,10.1,0.1,1.23684210526,27.8157894737,1.94144607209
10,10.1,0.1,1.24185463659,27.3145363409,1.93862111029
10,10.1,0.1,1.24686716792,26.813283208,1.93566917631
10,10.1,0.1,1.25187969925,26.3120300752,1.93258547665
10,10.1,0.1,1.25689223058,25.8107769424,1.92936512615
10,10.1,0.1,1.2619047619,25.3095238095,1.92600315568
10,10.1,0.1,1.26691729323,24.8082706767,1.92249452091
10,10.1,0.1,1.27192982456,24.3070175439,1.91883411237
10,10.1,0.1,1.27694235589,23.805764411,1.91501676679
10,10.1,0.1,1.28195488722,23.3045112782,1.91103727987
10,10.1,0.1,1.28696741855,22.8032581454,1.90689042047
10,10.1,0.1,1.29197994987,22.3020050125,1.9025709463
10,10.1,0.1,1.2969924812,21.8007518797,1.89807362129
10,10.1,0.1,1.30200501253,21.2994987469,1.89339323446
10,10.1,0.1,1.30701754386,20.798245614,1.88852462057
10,10.1,0.1,1.31203007519,20.2969924812,1.88346268237
10,10.1,0.1,1.31704260652,19.7957393484,1.87820241467
10,10.1,0.1,1.32205513784,19.2944862155,1.87273893006
10,10.1,0.1,1.32706766917,18.7932330827,1.8670674863
10,10.1,0.1,1.3320802005,18.2919799499,1.86118351549
10,10.1,0.1,1.33709273183,17.790726817,1.85508265467
10,10.1,0.1,1.34210526316,17.2894736842,1.84876077807
10,10.1,0.1,1.34711779449,16.7882205514,1.84221403067
10,10.1,0.1,1.35213032581,16.2869674185,1.83543886307
10,10.1,0.1,1.35714285714,15.7857142857,1.8284320674
10,10.1,0.1,1.36215538847,15.2844611529,1.82119081414
10,10.1,0.1,1.3671679198,14.7832080201,1.81371268954
10,10.1,0.1,1.37218045113,14.2819548872,1.80599573344
10,10.1,0.1,1.37719298246,13.7807017544,1.79803847712
10,10.1,0.1,1.38220551378,13.2794486216,1.78983998092
10,10.1,0.1,1.38721804511,12.7781954887,1.78139987115
10,10.1,0.1,1.39223057644,12.2769423559,1.77271837599
10,10.1,0.1,1.39724310777,11.7756892231,1.76379635993
10,10.1,0.1,1.4022556391,11.2744360902,1.75463535623
10,10.1,0.1,1.40726817043,10.7731829574,1.7452375971
10,10.1,0.1,1.41228070175,10.2719298246,1.7356060409
10,10.1,0.1,1.41729323308,9.77067669173,1.72574439612
10,10.1,0.1,1.42230576441,9.2694235589,1.71565714146
10,10.1,0.1,1.42731829574,8.76817042607,1.70534954169
10,10.1,0.1,1.43233082707,8.26691729323,1.69482765874
10,10.1,0.1,1.4373433584,7.7656641604,1.68409835774
10,10.1,0.1,1.44235588972,7.26441102757,1.67316930749
10,10.1,0.1,1.44736842105,6.76315789474,1.66204897512
10,10.1,0.1,1.45238095238,6.2619047619,1.65074661467
10,10.1,0.1,1.45739348371,5.76065162907,1.63927224938
10,10.1,0.1,1.46240601504,5.25939849624,1.62763664762
10,10.1,0.1,1.46741854637,4.75814536341,1.6158512923
10,10.1,0.1,1.47243107769,4.25689223058,1.60392834395
10,10.1,0.1,1.47744360902,3.75563909774,1.59188059756
10,10.1,0.1,1.48245614035,3.25438596491,1.57972143335
10,10.1,0.1,1.48746867168,2.75313283208,1.56746476195
10,10.1,0.1,1.49248120301,2.25187969925,1.55512496427
10,10.1,0.1,1.49749373434,1.75062656642,1.5427168266
10,10.1,0.1,1.50250626566,1.24937343358,1.53025547166
10,10.1,0.1,1.50751879699,0.748120300752,1.51775628606
10,10.1,0.1,1.51253132832,0.24686716792,1.50523484504
10,10.1,0.1,1.51754385965,-0.254385964912,1.4927068352
10,10.1,0.1,1.52255639098,-0.755639097744,1.48018797606
10,10.1,0.1,1.52756892231,-1.25689223058,1.46769394131
10,10.1,0.1,1.53258145363,-1.75814536341,1.45524028044
10,10.1,0.1,1.53759398496,-2.25939849624,1.44284234181
10,10.1,0.1,1.54260651629,-2.76065162907,1.43051519773
10,10.1,0.1,1.54761904762,-3.2619047619,1.41827357255
10,10.1,0.1,1.55263157895,-3.76315789474,1.40613177422
10,10.1,0.1,1.55764411028,-4.26441102757,1.39410363021
10,10.1,0.1,1.5626566416,-4.7656641604,1.38220242821
10,10.1,0.1,1.56766917293,-5.26691729323,1.37044086217
10,10.1,0.1,1.57268170426,-5.76817042607,1.35883098408
10,10.1,0.1,1.57769423559,-6.2694235589,1.34738416181
10,10.1,0.1,1.58270676692,-6.77067669173,1.33611104321
10,10.1,0.1,1.58771929825,-7.27192982456,1.32502152662
10,10.1,0.1,1.59273182957,-7.77318295739,1.31412473783
10,10.1,0.1,1.5977443609,-8.27443609023,1.30342901342
10,10.1,0.1,1.60275689223,-8.77568922306,1.29294189032
10,10.1,0.1,1.60776942356,-9.27694235589,1.28267010151
10,10.1,0.1,1.61278195489,-9.77819548872,1.27261957739
10,10.1,0.1,1.61779448622,-10.2794486216,1.26279545267
10,10.1,0.1,1.62280701754,-10.7807017544,1.25320207828
10,10.1,0.1,1.62781954887,-11.2819548872,1.24384303796
10,10.1,0.1,1.6328320802,-11.7832080201,1.23472116903
10,10.1,0.1,1.63784461153,-12.2844611529,1.22583858689
10,10.1,0.1,1.64285714286,-12.7857142857,1.21719671278
10,10.1,0.1,1.64786967419,-13.2869674185,1.20879630433
10,10.1,0.1,1.65288220551,-13.7882205514,1.20063748844
10,10.1,0.1,1.65789473684,-14.2894736842,1.19271979592
10,10.1,0.1,1.66290726817,-14.790726817,1.18504219761
10,10.1,0.1,1.6679197995,-15.2919799499,1.17760314145
10,10.1,0.1,1.67293233083,-15.7932330827,1.17040059015
10,10.1,0.1,1.67794486216,-16.2944862155,1.16343205906
10,10.1,0.1,1.68295739348,-16.7957393484,1.15669465392
10,10.1,0.1,1.68796992481,-17.2969924812,1.15018510825
10,10.1,0.1,1.69298245614,-17.798245614,1.14389981997
10,10.1,0.1,1.69799498747,-18.2994987469,1.13783488724
10,10.1,0.1,1.7030075188,-18.8007518797,1.13198614303
10,10.1,0.1,1.70802005013,-19.3020050125,1.12634918854
10,10.1,0.1,1.71303258145,-19.8032581454,1.12091942515
10,10.1,0.1,1.71804511278,-20.3045112782,1.11569208481
10,10.1,0.1,1.72305764411,-20.805764411,1.11066225894
10,10.1,0.1,1.72807017544,-21.3070175439,1.10582492547
10,10.1,0.1,1.73308270677,-21.8082706767,1.10117497441
10,10.1,0.1,1.7380952381,-22.3095238095,1.09670723149
10,10.1,0.1,1.74310776942,-22.8107769424,1.09241648026
10,10.1,0.1,1.74812030075,-23.3120300752,1.08829748235
10,10.1,0.1,1.75313283208,-23.813283208,1.08434499617
10,10.1,0.1,1.75814536341,-24.3145363409,1.08055379396
10,10.1,0.1,1.76315789474,-24.8157894737,1.0769186772
10,10.1,0.1,1.76817042607,-25.3170426065,1.07343449066
10,10.1,0.1,1.77318295739,-25.8182957393,1.0700961348
10,10.1,0.1,1.77819548872,-26.3195488722,1.06689857699
10,10.1,0.1,1.78320802005,-26.820802005,1.06383686134
10,10.1,0.1,1.78822055138,-27.3220551378,1.06090611726
10,10.1,0.1,1.79323308271,-27.8233082707,1.05810156694
10,10.1,0.1,1.79824561404,-28.3245614035,1.05541853175
10,10.1,0.1,1.80325814536,-28.8258145363,1.05285243759
10,10.1,0.1,1.80827067669,-29.3270676692,1.05039881938
10,10.1,0.1,1.81328320802,-29.828320802,1.04805332463
10,10.1,0.1,1.81829573935,-30.3295739348,1.04581171631
10,10.1,0.1,1.82330827068,-30.8308270677,1.04366987489
10,10.1,0.1,1.82832080201,-31.3320802005,1.04162379986
10,10.1,0.1,1.83333333333,-31.8333333333,1.03966961056
10,10.1,0.1,1.83834586466,-32.3345864662,1.03780354652
10,10.1,0.1,1.84335839599,-32.835839599,1.03602196733
10,10.1,0.1,1.84837092732,-33.3370927318,1.03432135205
10,10.1,0.1,1.85338345865,-33.8383458647,1.03269829829
10,10.1,0.1,1.85839598997,-34.3395989975,1.0311495209
10,10.1,0.1,1.8634085213,-34.8408521303,1.02967185044
10,10.1,0.1,1.86842105263,-35.3421052632,1.02826223132
10,10.1,0.1,1.87343358396,-35.843358396,1.02691771977
10,10.1,0.1,1.87844611529,-36.3446115288,1.02563548162
10,10.1,0.1,1.88345864662,-36.8458646617,1.02441278992
10,10.1,0.1,1.88847117794,-37.3471177945,1.02324702243
10,10.1,0.1,1.89348370927,-37.8483709273,1.02213565897
10,10.1,0.1,1.8984962406,-38.3496240602,1.0210762788
10,10.1,0.1,1.90350877193,-38.850877193,1.02006655778
10,10.1,0.1,1.90852130326,-39.3521303258,1.01910426563
10,10.1,0.1,1.91353383459,-39.8533834586,1.01818726307
10,10.1,0.1,1.91854636591,-40.3546365915,1.01731349901
10,10.1,0.1,1.92355889724,-40.8558897243,1.01648100766
10,10.1,0.1,1.92857142857,-41.3571428571,1.01568790576
10,10.1,0.1,1.9335839599,-41.85839599,1.01493238973
10,10.1,0.1,1.93859649123,-42.3596491228,1.0142127329
10,10.1,0.1,1.94360902256,-42.8609022556,1.01352728281
10,10.1,0.1,1.94862155388,-43.3621553885,1.01287445845
10,10.1,0.1,1.95363408521,-43.8634085213,1.01225274764
10,10.1,0.1,1.95864661654,-44.3646616541,1.01166070447
10,10.1,0.1,1.96365914787,-44.865914787,1.01109694672
10,10.1,0.1,1.9686716792,-45.3671679198,1.01056015339
10,10.1,0.1,1.97368421053,-45.8684210526,1.01004906232
10,10.1,0.1,1.97869674185,-46.3696741855,1.00956246782
10,10.1,0.1,1.98370927318,-46.8709273183,1.0090992184
10,10.1,0.1,1.98872180451,-47.3721804511,1.00865821454
10,10.1,0.1,1.99373433584,-47.873433584,1.00823840658
10,10.1,0.1,1.99874686717,-48.3746867168,1.00783879263
10,10.1,0.1,2.0037593985,-48.8759398496,1.00745841655
10,10.1,0.1,2.00877192982,-49.3771929825,1.00709636603
10,10.1,0.1,2.01378446115,-49.8784461153,1.00675177071
10,10.1,0.1,2.01879699248,-50.3796992481,1.00642380038
10,10.1,0.1,2.02380952381,-50.880952381,1.00611166326
10,10.1,0.1,2.02882205514,-51.3822055138,1.00581460427
10,10.1,0.1,2.03383458647,-51.8834586466,1.00553190348
10,10.1,0.1,2.03884711779,-52.3847117794,1.00526287453
10,10.1,0.1,2.04385964912,-52.8859649123,1.00500686314
10,10.1,0.1,2.04887218045,-53.3872180451,1.00476324568
10,10.1,0.1,2.05388471178,-53.8884711779,1.00453142782
10,10.1,0.1,2.05889724311,-54.3897243108,1.00431084317
10,10.1,0.1,2.06390977444,-54.8909774436,1.00410095206
10,10.1,0.1,2.06892230576,-55.3922305764,1.00390124028
10,10.1,0.1,2.07393483709,-55.8934837093,1.00371121797
10,10.1,0.1,2.07894736842,-56.3947368421,1.00353041847
10,10.1,0.1,2.08395989975,-56.8959899749,1.00335839727
10,10.1,0.1,2.08897243108,-57.3972431078,1.00319473098
10,10.1,0.1,2.09398496241,-57.8984962406,1.00303901637
10,10.1,0.1,2.09899749373,-58.3997493734,1.00289086944
10,10.1,0.1,2.10401002506,-58.9010025063,1.00274992447
10,10.1,0.1,2.10902255639,-59.4022556391,1.00261583327
10,10.1,0.1,2.11403508772,-59.9035087719,1.00248826427
10,10.1,0.1,2.11904761905,-60.4047619048,1.00236690177
10,10.1,0.1,2.12406015038,-60.9060150376,1.00225144524
10,10.1,0.1,2.1290726817,-61.4072681704,1.00214160853
10,10.1,0.1,2.13408521303,-61.9085213033,1.00203711925
10,10.1,0.1,2.13909774436,-62.4097744361,1.0019377181
10,10.1,0.1,2.14411027569,-62.9110275689,1.00184315827
10,10.1,0.1,2.14912280702,-63.4122807018,1.0017532048
10,10.1,0.1,2.15413533835,-63.9135338346,1.00166763408
10,10.1,0.1,2.15914786967,-64.4147869674,1.00158623327
10,10.1,0.1,2.164160401,-64.9160401003,1.00150879979
10,10.1,0.1,2.16917293233,-65.4172932331,1.00143514087
10,10.1,0.1,2.17418546366,-65.9185463659,1.00136507302
10,10.1,0.1,2.17919799499,-66.4197994987,1.00129842164
10,10.1,0.1,2.18421052632,-66.9210526316,1.00123502057
10,10.1,0.1,2.18922305764,-67.4223057644,1.00117471169
10,10.1,0.1,2.19423558897,-67.9235588972,1.00111734453
10,10.1,0.1,2.1992481203,-68.4248120301,1.00106277591
10,10.1,0.1,2.20426065163,-68.9260651629,1.00101086961
10,10.1,0.1,2.20927318296,-69.4273182957,1.00096149599
10,10.1,0.1,2.21428571429,-69.9285714286,1.0009145317
10,10.1,0.1,2.21929824561,-70.4298245614,1.00086985938
10,10.1,0.1,2.22431077694,-70.9310776942,1.00082736737
10,10.1,0.1,2.22932330827,-71.4323308271,1.00078694942
10,10.1,0.1,2.2343358396,-71.9335839599,1.00074850447
10,10.1,0.1,2.23934837093,-72.4348370927,1.00071193633
10,10.1,0.1,2.24436090226,-72.9360902256,1.00067715352
10,10.1,0.1,2.24937343358,-73.4373433584,1.00064406898
10,10.1,0.1,2.25438596491,-73.9385964912,1.0006125999
10,10.1,0.1,2.25939849624,-74.4398496241,1.0005826675
10,10.1,0.1,2.26441102757,-74.9411027569,1.00055419682
10,10.1,0.1,2.2694235589,-75.4423558897,1.00052711656
10,10.1,0.1,2.27443609023,-75.9436090226,1.00050135888
10,10.1,0.1,2.27944862155,-76.4448621554,1.00047685926
10,10.1,0.1,2.28446115288,-76.9461152882,1.0004535563
10,10.1,0.1,2.28947368421,-77.4473684211,1.00043139161
10,10.1,0.1,2.29448621554,-77.9486215539,1.00041030964
10,10.1,0.1,2.29949874687,-78.4498746867,1.00039025753
10,10.1,0.1,2.3045112782,-78.9511278195,1.00037118502
10,10.1,0.1,2.30952380952,-79.4523809524,1.00035304428
10,10.1,0.1,2.31453634085,-79.9536340852,1.00033578983
10,10.1,0.1,2.31954887218,-80.454887218,1.00031937839
10,10.1,0.1,2.32456140351,-80.9561403509,1.0003037688
10,10.1,0.1,2.32957393484,-81.4573934837,1.00028892191
10,10.1,0.1,2.33458646617,-81.9586466165,1.00027480046
10,10.1,0.1,2.33959899749,-82.4598997494,1.00026136905
10,10.1,0.1,2.34461152882,-82.9611528822,1.00024859395
10,10.1,0.1,2.34962406015,-83.462406015,1.00023644313
10,10.1,0.1,2.35463659148,-83.9636591479,1.00022488608
10,10.1,0.1,2.35964912281,-84.4649122807,1.00021389381
10,10.1,0.1,2.36466165414,-84.9661654135,1.00020343872
10,10.1,0.1,2.36967418546,-85.4674185464,1.00019349457
10,10.1,0.1,2.37468671679,-85.9686716792,1.00018403641
10,10.1,0.1,2.37969924812,-86.469924812,1.00017504049
10,10.1,0.1,2.38471177945,-86.9711779449,1.00016648422
10,10.1,0.1,2.38972431078,-87.4724310777,1.00015834614
10,10.1,0.1,2.39473684211,-87.9736842105,1.0001506058
10,10.1,0.1,2.39974937343,-88.4749373434,1.00014324377
10,10.1,0.1,2.40476190476,-88.9761904762,1.00013624157
10,10.1,0.1,2.40977443609,-89.477443609,1.00012958162
10,10.1,0.1,2.41478696742,-89.9786967419,1.00012324718
10,10.1,0.1,2.41979949875,-90.4799498747,1.00011722236
10,10.1,0.1,2.42481203008,-90.9812030075,1.00011149203
10,10.1,0.1,2.4298245614,-91.4824561404,1.00010604179
10,10.1,0.1,2.43483709273,-91.9837092732,1.00010085795
10,10.1,0.1,2.43984962406,-92.484962406,1.0000959275
10,10.1,0.1,2.44486215539,-92.9862155388,1.00009123806
10,10.1,0.1,2.44987468672,-93.4874686717,1.00008677784
10,10.1,0.1,2.45488721805,-93.9887218045,1.00008253564
10,10.1,0.1,2.45989974937,-94.4899749373,1.00007850081
10,10.1,0.1,2.4649122807,-94.9912280702,1.00007466321
10,10.1,0.1,2.46992481203,-95.492481203,1.0000710132
10,10.1,0.1,2.47493734336,-95.9937343358,1.00006754162
10,10.1,0.1,2.47994987469,-96.4949874687,1.00006423973
10,10.1,0.1,2.48496240602,-96.9962406015,1.00006109926
10,10.1,0.1,2.48997493734,-97.4974937343,1.00005811231
10,10.1,0.1,2.49498746867,-97.9987468672,1.00005527137
10,10.1,0.1,2.5,-98.5,1.0000525693
20,20.1,0.1,0.5,201.5,1.99999999822
20,20.1,0.1,0.505012531328,200.497493734,1.99999999803
20,20.1,0.1,0.510025062657,199.494987469,1.99999999782
20,20.1,0.1,0.515037593985,198.492481203,1.99999999759
20,20.1,0.1,0.520050125313,197.489974937,1.99999999734
20,20.1,0.1,0.525062656642,196.487468672,1.99999999706
20,20.1,0.1,0.53007518797,195.484962406,1.99999999675
20,20.1,0.1,0.535087719298,194.48245614,1.99999999641
20,20.1,0.1,0.540100250627,193.479949875,1.99999999603
20,20.1,0.1,0.545112781955,192.477443609,1.99999999561
20,20.1,0.1,0.550125313283,191.474937343,1.99999999515
20,20.1,0.1,0.555137844612,190.472431078,1.99999999463
20,20.1,0.1,0.56015037594,189.469924812,1.99999999407
20,20.1,0.1,0.565162907268,188.467418546,1.99999999344
20,20.1,0.1,0.570175438596,187.464912281,1.99999999275
20,20.1,0.1,0.575187969925,186.462406015,1.99999999199
20,20.1,0.1,0.580200501253,185.459899749,1.99999999114
20,20.1,0.1,0.585213032581,184.457393484,1.99999999021
20,20.1,0.1,0.59022556391,183.454887218,1.99999998917
20,20.1,0.1,0.595238095238,182.452380952,1.99999998803
20,20.1,0.1,0.600250626566,181.449874687,1.99999998677
20,20.1,0.1,0.605263157895,180.447368421,1.99999998538
20,20.1,0.1,0.610275689223,179.444862155,1.99999998383
20,20.1,0.1,0.615288220551,178.44235589,1.99999998213
20,20.1,0.1,0.62030075188,177.439849624,1.99999998024
20,20.1,0.1,0.625313283208,176.437343358,1.99999997816
20,20.1,0.1,0.630325814536,175.434837093,1.99999997586
20,20.1,0.1,0.635338345865,174.432330827,1.99999997331
20,20.1,0.1,0.640350877193,173.429824561,1.9999999705
20,20.1,0.1,0.645363408521,172.427318296,1.99999996739
20,20.1,0.1,0.65037593985,171.42481203,1.99999996395
20,20.1,0.1,0.655388471178,170.422305764,1.99999996015
20,20.1,0.1,0.660401002506,169.419799499,1.99999995594
20,20.1,0.1,0.665413533835,168.417293233,1.9999999513
20,20.1,0.1,0.670426065163,167.414786967,1.99999994616
20,20.1,0.1,0.675438596491,166.412280702,1.99999994049
20,20.1,0.1,0.68045112782,165.409774436,1.99999993421
20,20.1,0.1,0.685463659148,164.40726817,1.99999992727
20,20.1,0.1,0.690476190476,163.404761905,1.99999991961
20,20.1,0.1,0.695488721805,162.402255639,1.99999991113
20,20.1,0.1,0.700501253133,161.399749373,1.99999990176
20,20.1,0.1,0.705513784461,160.397243108,1.9999998914
20,20.1,0.1,0.710526315789,159.394736842,1.99999987994
20,20.1,0.1,0.715538847118,158.392230576,1.99999986729
20,20.1,0.1,0.720551378446,157.389724311,1.99999985329
20,20.1,0.1,0.725563909774,156.387218045,1.99999983782
20,20.1,0.1,0.730576441103,155.384711779,1.99999982072
20,20.1,0.1,0.735588972431,154.382205514,1.99999980181
20,20.1,0.1,0.740601503759,153.379699248,1.99999978092
20,20.1,0.1,0.745614035088,152.377192982,1.99999975781
20,20.1,0.1,0.750626566416,151.374686717,1.99999973228
20,20.1,0.1,0.755639097744,150.372180451,1.99999970405
20,20.1,0.1,0.760651629073,149.369674185,1.99999967284
20,20.1,0.1,0.765664160401,148.36716792,1.99999963834
20,20.1,0.1,0.770676691729,147.364661654,1.9999996002
20,20.1,0.1,0.775689223058,146.362155388,1.99999955804
20,20.1,0.1,0.780701754386,145.359649123,1.99999951144
20,20.1,0.1,0.785714285714,144.357142857,1.99999945992
20,20.1,0.1,0.790726817043,143.354636591,1.99999940297
20,20.1,0.1,0.795739348371,142.352130326,1.99999934002
20,20.1,0.1,0.800751879699,141.34962406,1.99999927043
20,20.1,0.1,0.805764411028,140.347117794,1.99999919349
20,20.1,0.1,0.810776942356,139.344611529,1.99999910845
20,20.1,0.1,0.815789473684,138.342105263,1.99999901444
20,20.1,0.1,0.820802005013,137.339598997,1.99999891051
20,20.1,0.1,0.825814536341,136.337092732,1.99999879563
20,20.1,0.1,0.830827067669,135.334586466,1.99999866863
20,20.1,0.1,0.835839598997,134.332080201,1.99999852824
20,20.1,0.1,0.840852130326,133.329573935,1.99999837304
20,20.1,0.1,0.845864661654,132.327067669,1.99999820149
20,20.1,0.1,0.850877192982,131.324561404,1.99999801184
20,20.1,0.1,0.855889724311,130.322055138,1.99999780219
20,20.1,0.1,0.860902255639,129.319548872,1.99999757044
20,20.1,0.1,0.865914786967,128.317042607,1.99999731424
20,20.1,0.1,0.870927318296,127.314536341,1.99999703104
20,20.1,0.1,0.875939849624,126.312030075,1.99999671797
20,20.1,0.1,0.880952380952,125.30952381,1.99999637188
20,20.1,0.1,0.885964912281,124.307017544,1.99999598931
20,20.1,0.1,0.890977443609,123.304511278,1.99999556639
20,20.1,0.1,0.895989974937,122.302005013,1.99999509888
20,20.1,0.1,0.901002506266,121.299498747,1.99999458207
20,20.1,0.1,0.906015037594,120.296992481,1.99999401076
20,20.1,0.1,0.911027568922,119.294486216,1.99999337921
20,20.1,0.1,0.916040100251,118.29197995,1.99999268107
20,20.1,0.1,0.921052631579,117.289473684,1.99999190931
20,20.1,0.1,0.926065162907,116.286967419,1.99999105617
20,20.1,0.1,0.931077694236,115.284461153,1.99999011307
20,20.1,0.1,0.936090225564,114.281954887,1.99998907053
20,20.1,0.1,0.941102756892,113.279448622,1.99998791805
20,20.1,0.1,0.946115288221,112.276942356,1.99998664405
20,20.1,0.1,0.951127819549,111.27443609,1.99998523572
20,20.1,0.1,0.956140350877,110.271929825,1.99998367888
20,20.1,0.1,0.961152882206,109.269423559,1.99998195788
20,20.1,0.1,0.966165413534,108.266917293,1.99998005541
20,20.1,0.1,0.971177944862,107.264411028,1.99997795235
20,20.1,0.1,0.97619047619,106.261904762,1.99997562752
20,20.1,0.1,0.981203007519,105.259398496,1.99997305756
20,20.1,0.1,0.986215538847,104.256892231,1.99997021662
20,20.1,0.1,0.991228070175,103.254385965,1.99996707613
20,20.1,0.1,0.996240601504,102.251879699,1.99996360451
20,20.1,0.1,1.00125313283,101.249373434,1.99995976683
20,20.1,0.1,1.00626566416,100.246867168,1.99995552451
20,20.1,0.1,1.01127819549,99.2443609023,1.9999508349
20,20.1,0.1,1.01629072682,98.2418546366,1.99994565082
20,20.1,0.1,1.02130325815,97.2393483709,1.99993992015
20,20.1,0.1,1.02631578947,96.2368421053,1.99993358528
20,20.1,0.1,1.0313283208,95.2343358396,1.9999265825
20,20.1,0.1,1.03634085213,94.2318295739,1.9999188414
20,20.1,0.1,1.04135338346,93.2293233083,1.99991028417
20,20.1,0.1,1.04636591479,92.2268170426,1.99990082476
20,20.1,0.1,1.05137844612,91.2243107769,1.99989036808
20,20.1,0.1,1.05639097744,90.2218045113,1.99987880902
20,20.1,0.1,1.06140350877,89.2192982456,1.99986603139
20,20.1,0.1,1.0664160401,88.2167919799,1.99985190678
20,20.1,0.1,1.07142857143,87.2142857143,1.99983629321
20,20.1,0.1,1.07644110276,86.2117794486,1.99981903379
20,20.1,0.1,1.08145363409,85.209273183,1.9997999551
20,20.1,0.1,1.08646616541,84.2067669173,1.99977886544
20,20.1,0.1,1.09147869674,83.2042606516,1.99975555297
20,20.1,0.1,1.09649122807,82.201754386,1.9997297835
20,20.1,0.1,1.1015037594,81.1992481203,1.99970129825
20,20.1,0.1,1.10651629073,80.1967418546,1.99966981117
20,20.1,0.1,1.11152882206,79.194235589,1.99963500616
20,20.1,0.1,1.11654135338,78.1917293233,1.99959653385
20,20.1,0.1,1.12155388471,77.1892230576,1.99955400817
20,20.1,0.1,1.12656641604,76.186716792,1.99950700246
20,20.1,0.1,1.13157894737,75.1842105263,1.99945504524
20,20.1,0.1,1.1365914787,74.1817042607,1.99939761552
20,20.1,0.1,1.14160401003,73.179197995,1.99933413765
20,20.1,0.1,1.14661654135,72.1766917293,1.99926397557
20,20.1,0.1,1.15162907268,71.1741854637,1.9991864265
20,20.1,0.1,1.15664160401,70.171679198,1.99910071407
20,20.1,0.1,1.16165413534,69.1691729323,1.99900598056
20,20.1,0.1,1.16666666667,68.1666666667,1.99890127852
20,20.1,0.1,1.17167919799,67.164160401,1.99878556143
20,20.1,0.1,1.17669172932,66.1616541353,1.99865767342
20,20.1,0.1,1.18170426065,65.1591478697,1.99851633803
20,20.1,0.1,1.18671679198,64.156641604,1.99836014571
20,20.1,0.1,1.19172932331,63.1541353383,1.99818754012
20,20.1,0.1,1.19674185464,62.1516290727,1.99799680313
20,20.1,0.1,1.20175438596,61.149122807,1.9977860382
20,20.1,0.1,1.20676691729,60.1466165414,1.99755315221
20,20.1,0.1,1.21177944862,59.1441102757,1.99729583545
20,20.1,0.1,1.21679197995,58.14160401,1.99701153973
20,20.1,0.1,1.22180451128,57.1390977444,1.99669745434
20,20.1,0.1,1.22681704261,56.1365914787,1.9963504797
20,20.1,0.1,1.23182957393,55.134085213,1.99596719855
20,20.1,0.1,1.23684210526,54.1315789474,1.9955438445
20,20.1,0.1,1.24185463659,53.1290726817,1.99507626762
20,20.1,0.1,1.24686716792,52.126566416,1.99455989702
20,20.1,0.1,1.25187969925,51.1240601504,1.99398970001
20,20.1,0.1,1.25689223058,50.1215538847,1.9933601379
20,20.1,0.1,1.2619047619,49.119047619,1.99266511794
20,20.1,0.1,1.26691729323,48.1165413534,1.99189794142
20,20.1,0.1,1.27192982456,47.1140350877,1.99105124763
20,20.1,0.1,1.27694235589,46.1115288221,1.99011695368
20,20.1,0.1,1.28195488722,45.1090225564,1.9890861899
20,20.1,0.1,1.28696741855,44.1065162907,1.98794923092
20,20.1,0.1,1.29197994987,43.1040100251,1.98669542241
20,20.1,0.1,1.2969924812,42.1015037594,1.98531310366
20,20.1,0.1,1.30200501253,41.0989974937,1.98378952621
20,20.1,0.1,1.30701754386,40.0964912281,1.98211076895
20,20.1,0.1,1.31203007519,39.0939849624,1.98026165037
20,20.1,0.1,1.31704260652,38.0914786967,1.97822563877
20,20.1,0.1,1.32205513784,37.0889724311,1.97598476161
20,20.1,0.1,1.32706766917,36.0864661654,1.97351951538
20,20.1,0.1,1.3320802005,35.0839598997,1.97080877808
20,20.1,0.1,1.33709273183,34.0814536341,1.9678297265
20,20.1,0.1,1.34210526316,33.0789473684,1.96455776133
20,20.1,0.1,1.34711779449,32.0764411028,1.96096644354
20,20.1,0.1,1.35213032581,31.0739348371,1.95702744641
20,20.1,0.1,1.35714285714,30.0714285714,1.95271052799
20,20.1,0.1,1.36215538847,29.0689223058,1.94798353001
20,20.1,0.1,1.3671679198,28.0664160401,1.94281240971
20,20.1,0.1,1.37218045113,27.0639097744,1.93716131219
20,20.1,0.1,1.37719298246,26.0614035088,1.93099269145
20,20.1,0.1,1.38220551378,25.0588972431,1.92426748928
20,20.1,0.1,1.38721804511,24.0563909774,1.91694538118
20,20.1,0.1,1.39223057644,23.0538847118,1.90898509931
20,20.1,0.1,1.39724310777,22.0513784461,1.90034484166
20,20.1,0.1,1.4022556391,21.0488721805,1.89098277634
20,20.1,0.1,1.40726817043,20.0463659148,1.88085764824
20,20.1,0.1,1.41228070175,19.0438596491,1.869929493
20,20.1,0.1,1.41729323308,18.0413533835,1.85816046014
20,20.1,0.1,1.42230576441,17.0388471178,1.84551574263
20,20.1,0.1,1.42731829574,16.0363408521,1.83196460489
20,20.1,0.1,1.43233082707,15.0338345865,1.81748149434
20,20.1,0.1,1.4373433584,14.0313283208,1.80204721437
20,20.1,0.1,1.44235588972,13.0288220551,1.78565012799
20,20.1,0.1,1.44736842105,12.0263157895,1.76828735328
20,20.1,0.1,1.45238095238,11.0238095238,1.74996590351
20,20.1,0.1,1.45739348371,10.0213032581,1.73070371793
20,20.1,0.1,1.46240601504,9.01879699248,1.71053052462
20,20.1,0.1,1.46741854637,8.01629072682,1.689488475
20,20.1,0.1,1.47243107769,7.01378446115,1.66763249146
20,20.1,0.1,1.47744360902,6.01127819549,1.64503027674
20,20.1,0.1,1.48245614035,5.00877192982,1.62176194453
20,20.1,0.1,1.48746867168,4.00626566416,1.59791924735
20,20.1,0.1,1.49248120301,3.0037593985,1.57360439753
20,20.1,0.1,1.49749373434,2.00125313283,1.54892849981
20,20.1,0.1,1.50250626566,0.998746867168,1.52400963777
20,20.1,0.1,1.50751879699,-0.00375939849619,1.4989706786
20,20.1,0.1,1.51253132832,-1.00626566416,1.47393687998
20,20.1,0.1,1.51754385965,-2.00877192982,1.4490333965
20,20.1,0.1,1.52255639098,-3.01127819549,1.4243827905
20,20.1,0.1,1.52756892231,-4.01378446115,1.40010265164
20,20.1,0.1,1.53258145363,-5.01629072682,1.37630342188
20,20.1,0.1,1.53759398496,-6.01879699248,1.35308650822
20,20.1,0.1,1.54260651629,-7.02130325815,1.33054274597
20,20.1,0.1,1.54761904762,-8.02380952381,1.3087512527
20,20.1,0.1,1.55263157895,-9.02631578947,1.28777868973
20,20.1,0.1,1.55764411028,-10.0288220551,1.26767892497
20,20.1,0.1,1.5626566416,-11.0313283208,1.2484930718
20,20.1,0.1,1.56766917293,-12.0338345865,1.23024986236
20,20.1,0.1,1.57268170426,-13.0363408521,1.21296630303
20,20.1,0.1,1.57769423559,-14.0388471178,1.19664855339
20,20.1,0.1,1.58270676692,-15.0413533835,1.18129296816
20,20.1,0.1,1.58771929825,-16.0438596491,1.16688724381
20,20.1,0.1,1.59273182957,-17.0463659148,1.15341161634
20,20.1,0.1,1.5977443609,-18.0488721805,1.14084006379
20,20.1,0.1,1.60275689223,-19.0513784461,1.12914147516
20,20.1,0.1,1.60776942356,-20.0538847118,1.11828075592
20,20.1,0.1,1.61278195489,-21.0563909774,1.10821984825
20,20.1,0.1,1.61779448622,-22.0588972431,1.09891865222
20,20.1,0.1,1.62280701754,-23.0614035088,1.09033583987
20,20.1,0.1,1.62781954887,-24.0639097744,1.08242956033
20,20.1,0.1,1.6328320802,-25.0664160401,1.07515803782
20,20.1,0.1,1.63784461153,-26.0689223058,1.06848006779
20,20.1,0.1,1.64285714286,-27.0714285714,1.06235541872
20,20.1,0.1,1.64786967419,-28.0739348371,1.05674514834
20,20.1,0.1,1.65288220551,-29.0764411028,1.0516118437
20,20.1,0.1,1.65789473684,-30.0789473684,1.04691979491
20,20.1,0.1,1.66290726817,-31.0814536341,1.04263511193
20,20.1,0.1,1.6679197995,-32.0839598997,1.03872579321
20,20.1,0.1,1.67293233083,-33.0864661654,1.03516175461
20,20.1,0.1,1.67794486216,-34.0889724311,1.03191482583
20,20.1,0.1,1.68295739348,-35.0914786967,1.02895872105
20,20.1,0.1,1.68796992481,-36.0939849624,1.02626898944
20,20.1,0.1,1.69298245614,-37.0964912281,1.02382295052
20,20.1,0.1,1.69799498747,-38.0989974937,1.02159961846
20,20.1,0.1,1.7030075188,-39.1015037594,1.0195796189
20,20.1,0.1,1.70802005013,-40.1040100251,1.01774510105
20,20.1,0.1,1.71303258145,-41.1065162907,1.01607964758
20,20.1,0.1,1.71804511278,-42.1090225564,1.0145681839
20,20.1,0.1,1.72305764411,-43.1115288221,1.01319688851
20,20.1,0.1,1.72807017544,-44.1140350877,1.01195310545
20,20.1,0.1,1.73308270677,-45.1165413534,1.01082525973
20,20.1,0.1,1.7380952381,-46.119047619,1.00980277621
20,20.1,0.1,1.74310776942,-47.1215538847,1.00887600252
20,20.1,0.1,1.74812030075,-48.1240601504,1.00803613616
20,20.1,0.1,1.75313283208,-49.126566416,1.00727515595
20,20.1,0.1,1.75814536341,-50.1290726817,1.00658575779
20,20.1,0.1,1.76315789474,-51.1315789474,1.0059612948
20,20.1,0.1,1.76817042607,-52.134085213,1.00539572166
20,20.1,0.1,1.77318295739,-53.1365914787,1.00488354299
20,20.1,0.1,1.77819548872,-54.1390977444,1.00441976569
20,20.1,0.1,1.78320802005,-55.14160401,1.00399985493
20,20.1,0.1,1.78822055138,-56.1441102757,1.00361969366
20,20.1,0.1,1.79323308271,-57.1466165414,1.00327554542
20,20.1,0.1,1.79824561404,-58.149122807,1.00296402022
20,20.1,0.1,1.80325814536,-59.1516290727,1.00268204326
20,20.1,0.1,1.80827067669,-60.1541353383,1.00242682634
20,20.1,0.1,1.81328320802,-61.156641604,1.00219584174
20,20.1,0.1,1.81829573935,-62.1591478697,1.00198679837
20,20.1,0.1,1.82330827068,-63.1616541353,1.00179761997
20,20.1,0.1,1.82832080201,-64.164160401,1.00162642533
20,20.1,0.1,1.83333333333,-65.1666666667,1.00147151019
20,20.1,0.1,1.83834586466,-66.1691729323,1.00133133085
20,20.1,0.1,1.84335839599,-67.171679198,1.00120448918
20,20.1,0.1,1.84837092732,-68.1741854637,1.00108971908
20,20.1,0.1,1.85338345865,-69.1766917293,1.00098587407
20,20.1,0.1,1.85839598997,-70.179197995,1.00089191615
20,20.1,0.1,1.8634085213,-71.1817042607,1.00080690557
20,20.1,0.1,1.86842105263,-72.1842105263,1.00072999163
20,20.1,0.1,1.87343358396,-73.186716792,1.00066040424
20,20.1,0.1,1.87844611529,-74.1892230576,1.00059744639
20,20.1,0.1,1.88345864662,-75.1917293233,1.00054048721
20,20.1,0.1,1.88847117794,-76.194235589,1.00048895572
20,20.1,0.1,1.89348370927,-77.1967418546,1.00044233521
20,20.1,0.1,1.8984962406,-78.1992481203,1.00040015805
20,20.1,0.1,1.90350877193,-79.201754386,1.00036200107
20,20.1,0.1,1.90852130326,-80.2042606516,1.00032748135
20,20.1,0.1,1.91353383459,-81.2067669173,1.00029625239
20,20.1,0.1,1.91854636591,-82.209273183,1.00026800065
20,20.1,0.1,1.92355889724,-83.2117794486,1.00024244245
20,20.1,0.1,1.92857142857,-84.2142857143,1.0002193211
20,20.1,0.1,1.9335839599,-85.2167919799,1.00019840436
20,20.1,0.1,1.93859649123,-86.2192982456,1.0001794821
20,20.1,0.1,1.94360902256,-87.2218045113,1.00016236421
20,20.1,0.1,1.94862155388,-88.2243107769,1.00014687867
20,20.1,0.1,1.95363408521,-89.2268170426,1.00013286988
20,20.1,0.1,1.95864661654,-90.2293233083,1.00012019703
20,20.1,0.1,1.96365914787,-91.2318295739,1.00010873277
20,20.1,0.1,1.9686716792,-92.2343358396,1.00009836184
20,20.1,0.1,1.97368421053,-93.2368421053,1.00008898001
20,20.1,0.1,1.97869674185,-94.2393483709,1.00008049295
20,20.1,0.1,1.98370927318,-95.2418546366,1.00007281534
20,20.1,0.1,1.98872180451,-96.2443609023,1.00006586999
20,20.1,0.1,1.99373433584,-97.2468671679,1.00005958707
20,20.1,0.1,1.99874686717,-98.2493734336,1.00005390341
20,20.1,0.1,2.0037593985,-99.2518796992,1.00004876185
20,20.1,0.1,2.00877192982,-100.254385965,1.00004411069
20,20.1,0.1,2.01378446115,-101.256892231,1.00003990317
20,20.1,0.1,2.01879699248,-102.259398496,1.00003609697
20,20.1,0.1,2.02380952381,-103.261904762,1.00003265382
20,20.1,0.1,2.02882205514,-104.264411028,1.00002953909
20,20.1,0.1,2.03383458647,-105.266917293,1.00002672145
20,20.1,0.1,2.03884711779,-106.269423559,1.00002417257
20,20.1,0.1,2.04385964912,-107.271929825,1.00002186681
20,20.1,0.1,2.04887218045,-108.27443609,1.00001978099
20,20.1,0.1,2.05388471178,-109.276942356,1.00001789413
20,20.1,0.1,2.05889724311,-110.279448622,1.00001618725
20,20.1,0.1,2.06390977444,-111.281954887,1.00001464318
20,20.1,0.1,2.06892230576,-112.284461153,1.0000132464
20,20.1,0.1,2.07393483709,-113.286967419,1.00001198285
20,20.1,0.1,2.07894736842,-114.289473684,1.00001083982
20,20.1,0.1,2.08395989975,-115.29197995,1.00000980583
20,20.1,0.1,2.08897243108,-116.294486216,1.00000887047
20,20.1,0.1,2.09398496241,-117.296992481,1.00000802433
20,20.1,0.1,2.09899749373,-118.299498747,1.0000072589
20,20.1,0.1,2.10401002506,-119.302005013,1.00000656648
20,20.1,0.1,2.10902255639,-120.304511278,1.00000594011
20,20.1,0.1,2.11403508772,-121.307017544,1.00000537349
20,20.1,0.1,2.11904761905,-122.30952381,1.00000486092
20,20.1,0.1,2.12406015038,-123.312030075,1.00000439724
20,20.1,0.1,2.1290726817,-124.314536341,1.00000397779
20,20.1,0.1,2.13408521303,-125.317042607,1.00000359836
20,20.1,0.1,2.13909774436,-126.319548872,1.00000325511
20,20.1,0.1,2.14411027569,-127.322055138,1.00000294461
20,20.1,0.1,2.14912280702,-128.324561404,1.00000266373
20,20.1,0.1,2.15413533835,-129.327067669,1.00000240964
20,20.1,0.1,2.15914786967,-130.329573935,1.00000217978
20,20.1,0.1,2.164160401,-131.332080201,1.00000197186
20,20.1,0.1,2.16917293233,-132.334586466,1.00000178376
20,20.1,0.1,2.17418546366,-133.337092732,1.00000161361
20,20.1,0.1,2.17919799499,-134.339598997,1.00000145969
20,20.1,0.1,2.18421052632,-135.342105263,1.00000132045
20,20.1,0.1,2.18922305764,-136.344611529,1.00000119449
20,20.1,0.1,2.19423558897,-137.347117794,1.00000108055
20,20.1,0.1,2.1992481203,-138.34962406,1.00000097748
20,20.1,0.1,2.20426065163,-139.352130326,1.00000088424
20,20.1,0.1,2.20927318296,-140.354636591,1.00000079989
20,20.1,0.1,2.21428571429,-141.357142857,1.00000072359
20,20.1,0.1,2.21929824561,-142.359649123,1.00000065457
20,20.1,0.1,2.22431077694,-143.362155388,1.00000059213
20,20.1,0.1,2.22932330827,-144.364661654,1.00000053565
20,20.1,0.1,2.2343358396,-145.36716792,1.00000048455
20,20.1,0.1,2.23934837093,-146.369674185,1.00000043833
20,20.1,0.1,2.24436090226,-147.372180451,1.00000039652
20,20.1,0.1,2.24937343358,-148.374686717,1.00000035869
20,20.1,0.1,2.25438596491,-149.377192982,1.00000032448
20,20.1,0.1,2.25939849624,-150.379699248,1.00000029353
20,20.1,0.1,2.26441102757,-151.382205514,1.00000026553
20,20.1,0.1,2.2694235589,-152.384711779,1.0000002402
20,20.1,0.1,2.27443609023,-153.387218045,1.00000021729
20,20.1,0.1,2.27944862155,-154.389724311,1.00000019656
20,20.1,0.1,2.28446115288,-155.392230576,1.00000017781
20,20.1,0.1,2.28947368421,-156.394736842,1.00000016085
20,20.1,0.1,2.29448621554,-157.397243108,1.00000014551
20,20.1,0.1,2.29949874687,-158.399749373,1.00000013163
20,20.1,0.1,2.3045112782,-159.402255639,1.00000011907
20,20.1,0.1,2.30952380952,-160.404761905,1.00000010771
20,20.1,0.1,2.31453634085,-161.40726817,1.00000009744
20,20.1,0.1,2.31954887218,-162.409774436,1.00000008814
20,20.1,0.1,2.32456140351,-163.412280702,1.00000007974
20,20.1,0.1,2.32957393484,-164.414786967,1.00000007213
20,20.1,0.1,2.33458646617,-165.417293233,1.00000006525
20,20.1,0.1,2.33959899749,-166.419799499,1.00000005902
20,20.1,0.1,2.34461152882,-167.422305764,1.00000005339
20,20.1,0.1,2.34962406015,-168.42481203,1.0000000483
20,20.1,0.1,2.35463659148,-169.427318296,1.00000004369
20,20.1,0.1,2.35964912281,-170.429824561,1.00000003953
20,20.1,0.1,2.36466165414,-171.432330827,1.00000003576
20,20.1,0.1,2.36967418546,-172.434837093,1.00000003234
20,20.1,0.1,2.37468671679,-173.437343358,1.00000002926
20,20.1,0.1,2.37969924812,-174.439849624,1.00000002647
20,20.1,0.1,2.38471177945,-175.44235589,1.00000002394
20,20.1,0.1,2.38972431078,-176.444862155,1.00000002166
20,20.1,0.1,2.39473684211,-177.447368421,1.00000001959
20,20.1,0.1,2.39974937343,-178.449874687,1.00000001772
20,20.1,0.1,2.40476190476,-179.452380952,1.00000001603
20,20.1,0.1,2.40977443609,-180.454887218,1.0000000145
20,20.1,0.1,2.41478696742,-181.457393484,1.00000001312
20,20.1,0.1,2.41979949875,-182.459899749,1.00000001187
20,20.1,0.1,2.42481203008,-183.462406015,1.00000001074
20,20.1,0.1,2.4298245614,-184.464912281,1.00000000971
20,20.1,0.1,2.43483709273,-185.467418546,1.00000000879
20,20.1,0.1,2.43984962406,-186.469924812,1.00000000795
20,20.1,0.1,2.44486215539,-187.472431078,1.00000000719
20,20.1,0.1,2.44987468672,-188.474937343,1.0000000065
20,20.1,0.1,2.45488721805,-189.477443609,1.00000000588
20,20.1,0.1,2.45989974937,-190.479949875,1.00000000532
20,20.1,0.1,2.4649122807,-191.48245614,1.00000000481
20,20.1,0.1,2.46992481203,-192.484962406,1.00000000436
20,20.1,0.1,2.47493734336,-193.487468672,1.00000000394
20,20.1,0.1,2.47994987469,-194.489974937,1.00000000356
20,20.1,0.1,2.48496240602,-195.492481203,1.00000000322
20,20.1,0.1,2.48997493734,-196.494987469,1.00000000292
20,20.1,0.1,2.49498746867,-197.497493734,1.00000000264
20,20.1,0.1,2.5,-198.5,1.00000000239
