architecture,input_bit,beta1,expected_output_bit,time,beta_virtual,target_output_beta,output_excited_population,output_beta_effective,decoded_output_bit,is_correct,drive_power
direct_three_qubit,0,1.0,1,0.0,101.5,1.9999607626096199,0.4625701546562504,1.5000000000000013,1,True,0.0
direct_three_qubit,0,1.0,1,0.15,101.5,1.9999607626096199,0.46234912586256627,1.5088912730189465,1,True,0.0
direct_three_qubit,0,1.0,1,0.3,101.5,1.9999607626096199,0.4621317995128298,1.5176341891419636,1,True,0.0
direct_three_qubit,0,1.0,1,0.44999999999999996,101.5,1.9999607626096199,0.46191834401204007,1.5262219467623106,1,True,0.0
direct_three_qubit,0,1.0,1,0.6,101.5,1.9999607626096199,0.4617086650602654,1.5346583128807991,1,True,0.0
direct_three_qubit,0,1.0,1,0.75,101.5,1.9999607626096199,0.46150264009831704,1.542948192785973,1,True,0.0
direct_three_qubit,0,1.0,1,0.8999999999999999,101.5,1.9999607626096199,0.4613002666563348,1.5510916606901106,1,True,0.0
direct_three_qubit,0,1.0,1,1.05,101.5,1.9999607626096199,0.4611015447343187,1.559088691631453,1,True,0.0
direct_three_qubit,0,1.0,1,1.2,101.5,1.9999607626096199,0.4609064622122422,1.5669397486412744,1,True,0.0
direct_three_qubit,0,1.0,1,1.3499999999999999,101.5,1.9999607626096199,0.46071488980736763,1.5746500107109191,1,True,0.0
direct_three_qubit,0,1.0,1,1.5,101.5,1.9999607626096199,0.46052674299685853,1.5822228566807384,1,True,0.0
direct_three_qubit,0,1.0,1,1.65,101.5,1.9999607626096199,0.4603419594274567,1.5896607740136182,1,True,0.0
direct_three_qubit,0,1.0,1,1.7999999999999998,101.5,1.9999607626096199,0.460160476745904,1.5969662509689537,1,True,0.0
direct_three_qubit,0,1.0,1,1.95,101.5,1.9999607626096199,0.45998223259894216,1.604141776593169,1,True,0.0
direct_three_qubit,0,1.0,1,2.1,101.5,1.9999607626096199,0.45980716463331317,1.6111898407098426,1,True,0.0
direct_three_qubit,0,1.0,1,2.25,101.5,1.9999607626096199,0.459635210495759,1.6181129339094404,1,True,0.0
direct_three_qubit,0,1.0,1,2.4,101.5,1.9999607626096199,0.4594663195370697,1.6249130762797386,1,True,0.0
direct_three_qubit,0,1.0,1,2.55,101.5,1.9999607626096199,0.45930045135796804,1.6315918758196115,1,True,0.0
direct_three_qubit,0,1.0,1,2.6999999999999997,101.5,1.9999607626096199,0.4591375510417203,1.6381515256778356,1,True,0.0
direct_three_qubit,0,1.0,1,2.85,101.5,1.9999607626096199,0.45897756351016156,1.6445942261697557,1,True,0.0
direct_three_qubit,0,1.0,1,3.0,101.5,1.9999607626096199,0.45882043368512737,1.650922178268049,1,True,0.0
direct_three_qubit,0,1.0,1,3.15,101.5,1.9999607626096199,0.458666106488453,1.6571375835929558,1,True,0.0
direct_three_qubit,0,1.0,1,3.3,101.5,1.9999607626096199,0.45851452684197425,1.6632426444022081,1,True,0.0
direct_three_qubit,0,1.0,1,3.4499999999999997,101.5,1.9999607626096199,0.45836564145989517,1.6692394913855486,1,True,0.0
direct_three_qubit,0,1.0,1,3.5999999999999996,101.5,1.9999607626096199,0.4582194160462254,1.6751294909021281,1,True,0.0
direct_three_qubit,0,1.0,1,3.75,101.5,1.9999607626096199,0.45807580663431524,1.6809143993209454,1,True,0.0
direct_three_qubit,0,1.0,1,3.9,101.5,1.9999607626096199,0.4579347647087323,1.6865961567735084,1,True,0.0
direct_three_qubit,0,1.0,1,4.05,101.5,1.9999607626096199,0.45779624175404304,1.6921767039323694,1,True,0.0
direct_three_qubit,0,1.0,1,4.2,101.5,1.9999607626096199,0.45766018925481505,1.697657982001949,1,True,0.0
direct_three_qubit,0,1.0,1,4.35,101.5,1.9999607626096199,0.4575265586956152,1.7030419327094464,1,True,0.0
direct_three_qubit,0,1.0,1,4.5,101.5,1.9999607626096199,0.45739530156101066,1.7083304982955534,1,True,0.0
direct_three_qubit,0,1.0,1,4.6499999999999995,101.5,1.9999607626096199,0.45726637898234745,1.7135252327946089,1,True,0.0
direct_three_qubit,0,1.0,1,4.8,101.5,1.9999607626096199,0.4571397623879786,1.7186272757387122,1,True,0.0
direct_three_qubit,0,1.0,1,4.95,101.5,1.9999607626096199,0.4570154099597758,1.7236383008130514,1,True,0.0
direct_three_qubit,0,1.0,1,5.1,101.5,1.9999607626096199,0.45689327964243925,1.7285599916955858,1,True,0.0
direct_three_qubit,0,1.0,1,5.25,101.5,1.9999607626096199,0.45677332938066906,1.7333940324929127,1,True,0.0
direct_three_qubit,0,1.0,1,5.3999999999999995,101.5,1.9999607626096199,0.45665551711916486,1.7381421077324073,1,True,0.0
direct_three_qubit,0,1.0,1,5.55,101.5,1.9999607626096199,0.4565398008026271,1.7428059023542308,1,True,0.0
direct_three_qubit,0,1.0,1,5.7,101.5,1.9999607626096199,0.4564261391307068,1.7473870712743227,1,True,0.0
direct_three_qubit,0,1.0,1,5.85,101.5,1.9999607626096199,0.45631450087730535,1.7518868637309506,1,True,0.0
direct_three_qubit,0,1.0,1,6.0,101.5,1.9999607626096199,0.45620485182228654,1.756306649971431,1,True,0.0
direct_three_qubit,0,1.0,1,6.1499999999999995,101.5,1.9999607626096199,0.4560971559863905,1.7606478714893974,1,True,0.0
direct_three_qubit,0,1.0,1,6.3,101.5,1.9999607626096199,0.4559913780395543,1.764911943947048,1,True,0.0
direct_three_qubit,0,1.0,1,6.45,101.5,1.9999607626096199,0.45588748330090956,1.7691002571639252,1,True,0.0
direct_three_qubit,0,1.0,1,6.6,101.5,1.9999607626096199,0.45578543773878416,1.7732141751056956,1,True,0.0
direct_three_qubit,0,1.0,1,6.75,101.5,1.9999607626096199,0.4556852079707018,1.7772550358733192,1,True,0.0
direct_three_qubit,0,1.0,1,6.8999999999999995,101.5,1.9999607626096199,0.4555867612633816,1.7812241516923673,1,True,0.0
direct_three_qubit,0,1.0,1,7.05,101.5,1.9999607626096199,0.45549006553273824,1.7851228089026134,1,True,0.0
direct_three_qubit,0,1.0,1,7.199999999999999,101.5,1.9999607626096199,0.4553950893438822,1.7889522679478005,1,True,0.0
direct_three_qubit,0,1.0,1,7.35,101.5,1.9999607626096199,0.45530180191111985,1.7927137633656522,1,True,0.0
direct_three_qubit,0,1.0,1,7.5,101.5,1.9999607626096199,0.4552101730979531,1.7964085037781412,1,True,0.0
direct_three_qubit,0,1.0,1,7.6499999999999995,101.5,1.9999607626096199,0.4551201734170795,1.8000376718819415,1,True,0.0
direct_three_qubit,0,1.0,1,7.8,101.5,1.9999607626096199,0.4550317740303922,1.8036024244391298,1,True,0.0
direct_three_qubit,0,1.0,1,7.949999999999999,101.5,1.9999607626096199,0.45494494674898023,1.8071038922680671,1,True,0.0
direct_three_qubit,0,1.0,1,8.1,101.5,1.9999607626096199,0.45485966403312833,1.8105431802345446,1,True,0.0
direct_three_qubit,0,1.0,1,8.25,101.5,1.9999607626096199,0.45477589899231646,1.8139213672431478,1,True,0.0
direct_three_qubit,0,1.0,1,8.4,101.5,1.9999607626096199,0.4546936253852208,1.8172395062287652,1,True,0.0
direct_three_qubit,0,1.0,1,8.549999999999999,101.5,1.9999607626096199,0.45461281761971306,1.8204986241483818,1,True,0.0
direct_three_qubit,0,1.0,1,8.7,101.5,1.9999607626096199,0.4545334507528606,1.8236997219730706,1,True,0.0
direct_three_qubit,0,1.0,1,8.85,101.5,1.9999607626096199,0.4544555004909264,1.826843774680163,1,True,0.0
direct_three_qubit,0,1.0,1,9.0,101.5,1.9999607626096199,0.45437894318936906,1.8299317312456425,1,True,0.0
direct_three_qubit,0,1.0,1,9.15,101.5,1.9999607626096199,0.4543037526315464,1.8329646445738934,1,True,0.0
direct_three_qubit,0,1.0,1,9.299999999999999,101.5,1.9999607626096199,0.45422989607646974,1.8359438309339595,1,True,0.0
direct_three_qubit,0,1.0,1,9.45,101.5,1.9999607626096199,0.454157349141882,1.8388702696207788,1,True,0.0
direct_three_qubit,0,1.0,1,9.6,101.5,1.9999607626096199,0.45408608855779314,1.8417448952290962,1,True,0.0
direct_three_qubit,0,1.0,1,9.75,101.5,1.9999607626096199,0.45401609159117595,1.8445686208524288,1,True,0.0
direct_three_qubit,0,1.0,1,9.9,101.5,1.9999607626096199,0.45394733604596554,1.8473423380768785,1,True,0.0
direct_three_qubit,0,1.0,1,10.049999999999999,101.5,1.9999607626096199,0.45387980026306024,1.850066916975046,1,True,0.0
direct_three_qubit,0,1.0,1,10.2,101.5,1.9999607626096199,0.4538134631203207,1.852743206100165,1,True,0.0
direct_three_qubit,0,1.0,1,10.35,101.5,1.9999607626096199,0.45374830403257055,1.8553720324803704,1,True,0.0
direct_three_qubit,0,1.0,1,10.5,101.5,1.9999607626096199,0.45368430295159606,1.8579542016130979,1,True,0.0
direct_three_qubit,0,1.0,1,10.65,101.5,1.9999607626096199,0.45362144036614593,1.8604904974597019,1,True,0.0
direct_three_qubit,0,1.0,1,10.799999999999999,101.5,1.9999607626096199,0.45355969730193174,1.8629816824401553,1,True,0.0
direct_three_qubit,0,1.0,1,10.95,101.5,1.9999607626096199,0.45349905532162804,1.865428497427919,1,True,0.0
direct_three_qubit,0,1.0,1,11.1,101.5,1.9999607626096199,0.4534394965248715,1.8678316617449957,1,True,0.0
direct_three_qubit,0,1.0,1,11.25,101.5,1.9999607626096199,0.4533810035482621,1.8701918731570513,1,True,0.0
direct_three_qubit,0,1.0,1,11.4,101.5,1.9999607626096199,0.4533235595653623,1.8725098078687576,1,True,0.0
direct_three_qubit,0,1.0,1,11.549999999999999,101.5,1.9999607626096199,0.45326714828669706,1.874786120519211,1,True,0.0
direct_three_qubit,0,1.0,1,11.7,101.5,1.9999607626096199,0.4532117539597541,1.8770214441775208,1,True,0.0
direct_three_qubit,0,1.0,1,11.85,101.5,1.9999607626096199,0.4531573613689841,1.8792163903384977,1,True,0.0
direct_three_qubit,0,1.0,1,12.0,101.5,1.9999607626096199,0.4531039558358004,1.8813715489185079,1,True,0.0
direct_three_qubit,0,1.0,1,12.15,101.5,1.9999607626096199,0.4530515232185788,1.8834874882514365,1,True,0.0
direct_three_qubit,0,1.0,1,12.299999999999999,101.5,1.9999607626096199,0.4530000499126579,1.885564755084779,1,True,0.0
direct_three_qubit,0,1.0,1,12.45,101.5,1.9999607626096199,0.4529495228066302,1.8876038763398173,1,True,0.0
direct_three_qubit,0,1.0,1,12.6,101.5,1.9999607626096199,0.4528999104655533,1.8896061185184347,1,True,0.0
direct_three_qubit,0,1.0,1,12.75,101.5,1.9999607626096199,0.4528511822518629,1.8915727160715705,1,True,0.0
direct_three_qubit,0,1.0,1,12.9,101.5,1.9999607626096199,0.4528033220534554,1.8935043173323718,1,True,0.0
direct_three_qubit,0,1.0,1,13.049999999999999,101.5,1.9999607626096199,0.452756314102803,1.8954015568052358,1,True,0.0
direct_three_qubit,0,1.0,1,13.2,101.5,1.9999607626096199,0.4527101429769537,1.8972650551627392,1,True,0.0
direct_three_qubit,0,1.0,1,13.35,101.5,1.9999607626096199,0.45266479359753115,1.8990954192426885,1,True,0.0
direct_three_qubit,0,1.0,1,13.5,101.5,1.9999607626096199,0.4526202512307348,1.9008932420452243,1,True,0.0
direct_three_qubit,0,1.0,1,13.65,101.5,1.9999607626096199,0.45257650148733986,1.9026591027300306,1,True,0.0
direct_three_qubit,0,1.0,1,13.799999999999999,101.5,1.9999607626096199,0.45253353032269733,1.904393566613607,1,True,0.0
direct_three_qubit,0,1.0,1,13.95,101.5,1.9999607626096199,0.45249132403673387,1.9060971851666435,1,True,0.0
direct_three_qubit,0,1.0,1,14.1,101.5,1.9999607626096199,0.452449869273952,1.9077704960114272,1,True,0.0
direct_three_qubit,0,1.0,1,14.25,101.5,1.9999607626096199,0.45240915302343,1.9094140229193817,1,True,0.0
direct_three_qubit,0,1.0,1,14.399999999999999,101.5,1.9999607626096199,0.45236916261882165,1.91102827580864,1,True,0.0
direct_three_qubit,0,1.0,1,14.549999999999999,101.5,1.9999607626096199,0.4523298857383572,1.9126137507416776,1,True,0.0
direct_three_qubit,0,1.0,1,14.7,101.5,1.9999607626096199,0.4522913104048417,1.914170929923094,1,True,0.0
direct_three_qubit,0,1.0,1,14.85,101.5,1.9999607626096199,0.4522534249856566,1.9157002816973512,1,True,0.0
direct_three_qubit,0,1.0,1,15.0,101.5,1.9999607626096199,0.45221621819275887,1.917202260546667,1,True,0.0
direct_three_qubit,0,1.0,1,15.149999999999999,101.5,1.9999607626096199,0.4521796790826814,1.9186773070889258,1,True,0.0
direct_three_qubit,0,1.0,1,15.299999999999999,101.5,1.9999607626096199,0.4521437970565325,1.9201258480756882,1,True,0.0
direct_three_qubit,0,1.0,1,15.45,101.5,1.9999607626096199,0.4521085618599969,1.9215482963902164,1,True,0.0
direct_three_qubit,0,1.0,1,15.6,101.5,1.9999607626096199,0.45207396358333424,1.922945051045634,1,True,0.0
direct_three_qubit,0,1.0,1,15.75,101.5,1.9999607626096199,0.45203999266138045,1.9243164971830506,1,True,0.0
direct_three_qubit,0,1.0,1,15.899999999999999,101.5,1.9999607626096199,0.45200663846027944,1.9256630631262297,1,True,0.0
direct_three_qubit,0,1.0,1,16.05,101.5,1.9999607626096199,0.4519738786103787,1.9269856510409082,1,True,0.0
direct_three_qubit,0,1.0,1,16.2,101.5,1.9999607626096199,0.4519416993455982,1.9282848158024972,1,True,0.0
direct_three_qubit,0,1.0,1,16.349999999999998,101.5,1.9999607626096199,0.45191009005320804,1.9295609850172901,1,True,0.0
direct_three_qubit,0,1.0,1,16.5,101.5,1.9999607626096199,0.4518790403662463,1.9308145764042457,1,True,0.0
direct_three_qubit,0,1.0,1,16.65,101.5,1.9999607626096199,0.4518485401635198,1.93204599779354,1,True,0.0
direct_three_qubit,0,1.0,1,16.8,101.5,1.9999607626096199,0.4518185795696035,1.9332556471251794,1,True,0.0
direct_three_qubit,0,1.0,1,16.95,101.5,1.9999607626096199,0.45178914895484085,1.9344439124476343,1,True,0.0
direct_three_qubit,0,1.0,1,17.099999999999998,101.5,1.9999607626096199,0.4517602389353437,1.9356111719165392,1,True,0.0
direct_three_qubit,0,1.0,1,17.25,101.5,1.9999607626096199,0.45173184037299224,1.9367577937933955,1,True,0.0
direct_three_qubit,0,1.0,1,17.4,101.5,1.9999607626096199,0.45170394437543526,1.9378841364443502,1,True,0.0
direct_three_qubit,0,1.0,1,17.55,101.5,1.9999607626096199,0.4516765422960896,1.9389905483390113,1,True,0.0
direct_three_qubit,0,1.0,1,17.7,101.5,1.9999607626096199,0.4516496257341406,1.9400773680492658,1,True,0.0
direct_three_qubit,0,1.0,1,17.849999999999998,101.5,1.9999607626096199,0.45162318653454203,1.9411449242481638,1,True,0.0
direct_three_qubit,0,1.0,1,18.0,101.5,1.9999607626096199,0.4515972167880161,1.9421935357088327,1,True,0.0
direct_three_qubit,0,1.0,1,18.15,101.5,1.9999607626096199,0.4515717088310532,1.9432235113034257,1,True,0.0
direct_three_qubit,0,1.0,1,18.3,101.5,1.9999607626096199,0.4515466552459125,1.9442351500020763,1,True,0.0
direct_three_qubit,0,1.0,1,18.45,101.5,1.9999607626096199,0.45152204886062125,1.9452287408719449,1,True,0.0
direct_three_qubit,0,1.0,1,18.599999999999998,101.5,1.9999607626096199,0.4514978827489749,1.9462045630762626,1,True,0.0
direct_three_qubit,0,1.0,1,18.75,101.5,1.9999607626096199,0.4514741502305377,1.9471628858733607,1,True,0.0
direct_three_qubit,0,1.0,1,18.9,101.5,1.9999607626096199,0.4514508448706422,1.9481039686158237,1,True,0.0
direct_three_qubit,0,1.0,1,19.05,101.5,1.9999607626096199,0.45142796048038913,1.9490280607496102,1,True,0.0
direct_three_qubit,0,1.0,1,19.2,101.5,1.9999607626096199,0.45140549111664763,1.9499354018132071,1,True,0.0
direct_three_qubit,0,1.0,1,19.349999999999998,101.5,1.9999607626096199,0.451383427230541,1.9508263769678418,1,True,0.0
direct_three_qubit,0,1.0,1,19.5,101.5,1.9999607626096199,0.45136175334331025,1.9517016108568652,1,True,0.0
direct_three_qubit,0,1.0,1,19.65,101.5,1.9999607626096199,0.4513404620722238,1.9525614012144454,1,True,0.0
direct_three_qubit,0,1.0,1,19.8,101.5,1.9999607626096199,0.4513195465747873,1.9534060239751239,1,True,0.0
direct_three_qubit,0,1.0,1,19.95,101.5,1.9999607626096199,0.45129900017869085,1.954235748216413,1,True,0.0
direct_three_qubit,0,1.0,1,20.099999999999998,101.5,1.9999607626096199,0.4512788163818105,1.9550508361580934,1,True,0.0
direct_three_qubit,0,1.0,1,20.25,101.5,1.9999607626096199,0.45125898885220667,1.9558515431616215,1,True,0.0
direct_three_qubit,0,1.0,1,20.4,101.5,1.9999607626096199,0.4512395114281251,1.956638117729506,1,True,0.0
direct_three_qubit,0,1.0,1,20.55,101.5,1.9999607626096199,0.45122037811799603,1.9574108015047245,1,True,0.0
direct_three_qubit,0,1.0,1,20.7,101.5,1.9999607626096199,0.45120158310043545,1.958169829270109,1,True,0.0
direct_three_qubit,0,1.0,1,20.849999999999998,101.5,1.9999607626096199,0.45118312072424394,1.9589154289478408,1,True,0.0
direct_three_qubit,0,1.0,1,21.0,101.5,1.9999607626096199,0.4511649855084072,1.9596478215988755,1,True,0.0
direct_three_qubit,0,1.0,1,21.15,101.5,1.9999607626096199,0.4511471721420961,1.9603672214224384,1,True,0.0
direct_three_qubit,0,1.0,1,21.3,101.5,1.9999607626096199,0.451129675484666,1.9610738357555282,1,True,0.0
direct_three_qubit,0,1.0,1,21.45,101.5,1.9999607626096199,0.45111249056565794,1.9617678650723946,1,True,0.0
direct_three_qubit,0,1.0,1,21.599999999999998,101.5,1.9999607626096199,0.45109561258479763,1.9624495029841043,1,True,0.0
direct_three_qubit,0,1.0,1,21.75,101.5,1.9999607626096199,0.45107903691199575,1.963118936238061,1,True,0.0
direct_three_qubit,0,1.0,1,21.9,101.5,1.9999607626096199,0.45106275908734816,1.9637763447175731,1,True,0.0
direct_three_qubit,0,1.0,1,22.05,101.5,1.9999607626096199,0.45104677482113587,1.9644219014414128,1,True,0.0
direct_three_qubit,0,1.0,1,22.2,101.5,1.9999607626096199,0.45103107999382447,1.9650557725634392,1,True,0.0
direct_three_qubit,0,1.0,1,22.349999999999998,101.5,1.9999607626096199,0.451015670656065,1.9656781173721438,1,True,0.0
direct_three_qubit,0,1.0,1,22.5,101.5,1.9999607626096199,0.45100054302869336,1.9662890882903235,1,True,0.0
direct_three_qubit,0,1.0,1,22.65,101.5,1.9999607626096199,0.4509856934308619,1.966888833777304,1,True,0.0
direct_three_qubit,0,1.0,1,22.8,101.5,1.9999607626096199,0.4509711113953359,1.9674777763904834,1,True,0.0
direct_three_qubit,0,1.0,1,22.95,101.5,1.9999607626096199,0.45095678793144933,1.9680562790639138,1,True,0.0
direct_three_qubit,0,1.0,1,23.099999999999998,101.5,1.9999607626096199,0.4509427183606862,1.9686245305804984,1,True,0.0
direct_three_qubit,0,1.0,1,23.25,101.5,1.9999607626096199,0.4509288981095815,1.969182715487476,1,True,0.0
direct_three_qubit,0,1.0,1,23.4,101.5,1.9999607626096199,0.4509153227097227,1.9697310140960516,1,True,0.0
direct_three_qubit,0,1.0,1,23.55,101.5,1.9999607626096199,0.4509019877977487,1.9702696024811805,1,True,0.0
direct_three_qubit,0,1.0,1,23.7,101.5,1.9999607626096199,0.4508888891153503,1.970798652481253,1,True,0.0
direct_three_qubit,0,1.0,1,23.849999999999998,101.5,1.9999607626096199,0.45087602250927006,1.971318331697835,1,True,0.0
direct_three_qubit,0,1.0,1,24.0,101.5,1.9999607626096199,0.45086338393130226,1.9718288034954148,1,True,0.0
direct_three_qubit,0,1.0,1,24.15,101.5,1.9999607626096199,0.45085096943829345,1.972330227001124,1,True,0.0
direct_three_qubit,0,1.0,1,24.3,101.5,1.9999607626096199,0.45083877519214105,1.9728227571045502,1,True,0.0
direct_three_qubit,0,1.0,1,24.45,101.5,1.9999607626096199,0.45082679745979537,1.9733065444574238,1,True,0.0
direct_three_qubit,0,1.0,1,24.599999999999998,101.5,1.9999607626096199,0.45081503261325745,1.9737817354734717,1,True,0.0
direct_three_qubit,0,1.0,1,24.75,101.5,1.9999607626096199,0.4508034771295809,1.9742484723281228,1,True,0.0
direct_three_qubit,0,1.0,1,24.9,101.5,1.9999607626096199,0.4507921275908706,1.9747068929583504,1,True,0.0
direct_three_qubit,0,1.0,1,25.05,101.5,1.9999607626096199,0.4507809806842838,1.975157131062419,1,True,0.0
direct_three_qubit,0,1.0,1,25.2,101.5,1.9999607626096199,0.45077003320202924,1.9755993160997032,1,True,0.0
direct_three_qubit,0,1.0,1,25.349999999999998,101.5,1.9999607626096199,0.450759282041367,1.9760335732905325,1,True,0.0
direct_three_qubit,0,1.0,1,25.5,101.5,1.9999607626096199,0.45074872420460965,1.9764600236159304,1,True,0.0
direct_three_qubit,0,1.0,1,25.65,101.5,1.9999607626096199,0.4507383567991212,1.976878783817481,1,True,0.0
direct_three_qubit,0,1.0,1,25.8,101.5,1.9999607626096199,0.4507281770373176,1.977289966397144,1,True,0.0
direct_three_qubit,0,1.0,1,25.95,101.5,1.9999607626096199,0.45071818223666643,1.9776936796170832,1,True,0.0
direct_three_qubit,0,1.0,1,26.099999999999998,101.5,1.9999607626096199,0.4507083690585583,1.9780900582434442,1,True,0.0
direct_three_qubit,0,1.0,1,26.25,101.5,1.9999607626096199,0.4506987294777537,1.9784794263517869,1,True,0.0
direct_three_qubit,0,1.0,1,26.4,101.5,1.9999607626096199,0.4506892592369792,1.9788619558251404,1,True,0.0
direct_three_qubit,0,1.0,1,26.55,101.5,1.9999607626096199,0.45067995509052705,1.9792377776903238,1,True,0.0
direct_three_qubit,0,1.0,1,26.7,101.5,1.9999607626096199,0.45067081385778757,1.9796070203479001,1,True,0.0
direct_three_qubit,0,1.0,1,26.849999999999998,101.5,1.9999607626096199,0.45066183242324964,1.9799698095720188,1,True,0.0
direct_three_qubit,0,1.0,1,27.0,101.5,1.9999607626096199,0.4506530077365008,1.9803262685103096,1,True,0.0
direct_three_qubit,0,1.0,1,27.15,101.5,1.9999607626096199,0.45064433681222726,1.9806765176837262,1,True,0.0
direct_three_qubit,0,1.0,1,27.3,101.5,1.9999607626096199,0.45063581673021325,1.9810206749864885,1,True,0.0
direct_three_qubit,0,1.0,1,27.45,101.5,1.9999607626096199,0.45062744463534227,1.9813588556858865,1,True,0.0
direct_three_qubit,0,1.0,1,27.599999999999998,101.5,1.9999607626096199,0.4506192177375956,1.9816911724222441,1,True,0.0
direct_three_qubit,0,1.0,1,27.75,101.5,1.9999607626096199,0.4506111333120537,1.9820177352087593,1,True,0.0
direct_three_qubit,0,1.0,1,27.9,101.5,1.9999607626096199,0.45060318869889493,1.982338651431434,1,True,0.0
direct_three_qubit,0,1.0,1,28.05,101.5,1.9999607626096199,0.4505953813033968,1.9826540258489345,1,True,0.0
direct_three_qubit,0,1.0,1,28.2,101.5,1.9999607626096199,0.4505877085959349,1.982963960592537,1,True,0.0
direct_three_qubit,0,1.0,1,28.349999999999998,101.5,1.9999607626096199,0.4505801681119838,1.9832685551659845,1,True,0.0
direct_three_qubit,0,1.0,1,28.5,101.5,1.9999607626096199,0.4505727574521161,1.983567906445454,1,True,0.0
direct_three_qubit,0,1.0,1,28.65,101.5,1.9999607626096199,0.45056547428200333,1.9838621086794066,1,True,0.0
direct_three_qubit,0,1.0,1,28.799999999999997,101.5,1.9999607626096199,0.45055831633241517,1.984151253488549,1,True,0.0
direct_three_qubit,0,1.0,1,28.95,101.5,1.9999607626096199,0.4505512813992203,1.9844354298657076,1,True,0.0
direct_three_qubit,0,1.0,1,29.099999999999998,101.5,1.9999607626096199,0.4505443673433855,1.9847147241757885,1,True,0.0
direct_three_qubit,0,1.0,1,29.25,101.5,1.9999607626096199,0.45053757209097633,1.984989220155678,1,True,0.0
direct_three_qubit,0,1.0,1,29.4,101.5,1.9999607626096199,0.450530893633157,1.9852589989141534,1,True,0.0
direct_three_qubit,0,1.0,1,29.549999999999997,101.5,1.9999607626096199,0.45052433030504596,1.985524127667311,1,True,0.0
direct_three_qubit,0,1.0,1,29.7,101.5,1.9999607626096199,0.4505178808230185,1.9857846582314693,1,True,0.0
direct_three_qubit,0,1.0,1,29.849999999999998,101.5,1.9999607626096199,0.45051154349803035,1.986040658801344,1,True,0.0
direct_three_qubit,0,1.0,1,30.0,101.5,1.9999607626096199,0.4505053166981554,1.9862921952655948,1,True,0.0
direct_three_qubit,0,1.0,1,30.15,101.5,1.9999607626096199,0.45049919886123213,1.9865393306959274,1,True,0.0
direct_three_qubit,0,1.0,1,30.299999999999997,101.5,1.9999607626096199,0.45049318849486425,1.9867821253470022,1,True,0.0
direct_three_qubit,0,1.0,1,30.45,101.5,1.9999607626096199,0.45048728417642125,1.9870206366563399,1,True,0.0
direct_three_qubit,0,1.0,1,30.599999999999998,101.5,1.9999607626096199,0.45048148455303755,1.9872549192443172,1,True,0.0
direct_three_qubit,0,1.0,1,30.75,101.5,1.9999607626096199,0.4504757883416128,1.9874850249140859,1,True,0.0
direct_three_qubit,0,1.0,1,30.9,101.5,1.9999607626096199,0.45047019432881197,1.9877110026515155,1,True,0.0
direct_three_qubit,0,1.0,1,31.049999999999997,101.5,1.9999607626096199,0.4504647013710653,1.987932898625147,1,True,0.0
direct_three_qubit,0,1.0,1,31.2,101.5,1.9999607626096199,0.45045930839456827,1.988150756186143,1,True,0.0
direct_three_qubit,0,1.0,1,31.349999999999998,101.5,1.9999607626096199,0.45045401439528154,1.9883646158682444,1,True,0.0
direct_three_qubit,0,1.0,1,31.5,101.5,1.9999607626096199,0.4504488184389312,1.9885745153877077,1,True,0.0
direct_three_qubit,0,1.0,1,31.65,101.5,1.9999607626096199,0.4504437196610082,1.9887804896432948,1,True,0.0
direct_three_qubit,0,1.0,1,31.799999999999997,101.5,1.9999607626096199,0.45043871726676926,1.9889825707161848,1,True,0.0
direct_three_qubit,0,1.0,1,31.95,101.5,1.9999607626096199,0.4504338105312362,1.9891807878699546,1,True,0.0
direct_three_qubit,0,1.0,1,32.1,101.5,1.9999607626096199,0.4504289987991956,1.9893751675505684,1,True,0.0
direct_three_qubit,0,1.0,1,32.25,101.5,1.9999607626096199,0.4504242814852001,1.989565733386284,1,True,0.0
direct_three_qubit,0,1.0,1,32.4,101.5,1.9999607626096199,0.45041965807356693,1.9897525061876602,1,True,0.0
direct_three_qubit,0,1.0,1,32.55,101.5,1.9999607626096199,0.4504151281183789,1.9899355039475037,1,True,0.0
direct_three_qubit,0,1.0,1,32.699999999999996,101.5,1.9999607626096199,0.4504106912434841,1.990114741840844,1,True,0.0
direct_three_qubit,0,1.0,1,32.85,101.5,1.9999607626096199,0.4504063469955185,1.9902902381623957,1,True,0.0
direct_three_qubit,0,1.0,1,33.0,101.5,1.9999607626096199,0.45040208866979703,1.9904622637451903,1,True,0.0
direct_three_qubit,0,1.0,1,33.15,101.5,1.9999607626096199,0.45039791168574117,1.9906310036157342,1,True,0.0
direct_three_qubit,0,1.0,1,33.3,101.5,1.9999607626096199,0.45039381459383443,1.9907965163145915,1,True,0.0
direct_three_qubit,0,1.0,1,33.449999999999996,101.5,1.9999607626096199,0.4503897959587187,1.9909588598110572,1,True,0.0
direct_three_qubit,0,1.0,1,33.6,101.5,1.9999607626096199,0.45038585435919454,1.9911180915031206,1,True,0.0
direct_three_qubit,0,1.0,1,33.75,101.5,1.9999607626096199,0.4503819883882207,1.9912742682174651,1,True,0.0
direct_three_qubit,0,1.0,1,33.9,101.5,1.9999607626096199,0.45037819665291445,1.9914274462094324,1,True,0.0
direct_three_qubit,0,1.0,1,34.05,101.5,1.9999607626096199,0.4503744777745517,1.991577681162986,1,True,0.0
direct_three_qubit,0,1.0,1,34.199999999999996,101.5,1.9999607626096199,0.45037083038856646,1.9917250281907355,1,True,0.0
direct_three_qubit,0,1.0,1,34.35,101.5,1.9999607626096199,0.45036725314455167,1.9918695418338557,1,True,0.0
direct_three_qubit,0,1.0,1,34.5,101.5,1.9999607626096199,0.4503637447062584,1.992011276062125,1,True,0.0
direct_three_qubit,0,1.0,1,34.65,101.5,1.9999607626096199,0.45036030375159614,1.9921502842738708,1,True,0.0
direct_three_qubit,0,1.0,1,34.8,101.5,1.9999607626096199,0.45035692897263324,1.9922866192959543,1,True,0.0
direct_three_qubit,0,1.0,1,34.949999999999996,101.5,1.9999607626096199,0.45035361907559573,1.9924203333837869,1,True,0.0
direct_three_qubit,0,1.0,1,35.1,101.5,1.9999607626096199,0.450350372780869,1.9925514782212486,1,True,0.0
direct_three_qubit,0,1.0,1,35.25,101.5,1.9999607626096199,0.4503471888229963,1.9926801049207312,1,True,0.0
direct_three_qubit,0,1.0,1,35.4,101.5,1.9999607626096199,0.45034406595067955,1.9928062640230917,1,True,0.0
direct_three_qubit,0,1.0,1,35.55,101.5,1.9999607626096199,0.45034100292677903,1.9929300054976455,1,True,0.0
direct_three_qubit,0,1.0,1,35.699999999999996,101.5,1.9999607626096199,0.45033799852831347,1.9930513787421502,1,True,0.0
direct_three_qubit,0,1.0,1,35.85,101.5,1.9999607626096199,0.4503350515464604,1.9931704325827717,1,True,0.0
direct_three_qubit,0,1.0,1,36.0,101.5,1.9999607626096199,0.4503321607865554,1.9932872152741028,1,True,0.0
direct_three_qubit,0,1.0,1,36.15,101.5,1.9999607626096199,0.4503293250680925,1.9934017744991357,1,True,0.0
direct_three_qubit,0,1.0,1,36.3,101.5,1.9999607626096199,0.4503265432247245,1.9935141573692265,1,True,0.0
direct_three_qubit,0,1.0,1,36.449999999999996,101.5,1.9999607626096199,0.4503238141042625,1.993624410424114,1,True,0.0
direct_three_qubit,0,1.0,1,36.6,101.5,1.9999607626096199,0.4503211365686757,1.9937325796318968,1,True,0.0
direct_three_qubit,0,1.0,1,36.75,101.5,1.9999607626096199,0.4503185094940925,1.9938387103889945,1,True,0.0
direct_three_qubit,0,1.0,1,36.9,101.5,1.9999607626096199,0.4503159317707993,1.9939428475201726,1,True,0.0
direct_three_qubit,0,1.0,1,37.05,101.5,1.9999607626096199,0.4503134023032408,1.9940450352785213,1,True,0.0
direct_three_qubit,0,1.0,1,37.199999999999996,101.5,1.9999607626096199,0.45031092001002043,1.994145317345427,1,True,0.0
direct_three_qubit,0,1.0,1,37.35,101.5,1.9999607626096199,0.4503084838239,1.9942437368305739,1,True,0.0
direct_three_qubit,0,1.0,1,37.5,101.5,1.9999607626096199,0.45030609269180005,1.9943403362719208,1,True,0.0
direct_three_qubit,0,1.0,1,37.65,101.5,1.9999607626096199,0.4503037455747988,1.994435157635736,1,True,0.0
direct_three_qubit,0,1.0,1,37.8,101.5,1.9999607626096199,0.45030144144813405,1.9945282423164967,1,True,0.0
direct_three_qubit,0,1.0,1,37.949999999999996,101.5,1.9999607626096199,0.45029917930120095,1.9946196311369884,1,True,0.0
direct_three_qubit,0,1.0,1,38.1,101.5,1.9999607626096199,0.4502969581375538,1.994709364348212,1,True,0.0
direct_three_qubit,0,1.0,1,38.25,101.5,1.9999607626096199,0.45029477697490533,1.9947974816294003,1,True,0.0
direct_three_qubit,0,1.0,1,38.4,101.5,1.9999607626096199,0.4502926348451263,1.9948840220880286,1,True,0.0
direct_three_qubit,0,1.0,1,38.55,101.5,1.9999607626096199,0.4502905307942463,1.9949690242597862,1,True,0.0
direct_three_qubit,0,1.0,1,38.699999999999996,101.5,1.9999607626096199,0.4502884639468159,1.9950525235083563,1,True,0.0
direct_three_qubit,0,1.0,1,38.85,101.5,1.9999607626096199,0.45028643388822154,1.9951345365801259,1,True,0.0
direct_three_qubit,0,1.0,1,39.0,101.5,1.9999607626096199,0.45028443986297473,1.9952150939927566,1,True,0.0
direct_three_qubit,0,1.0,1,39.15,101.5,1.9999607626096199,0.450282481031717,1.9952942296523657,1,True,0.0
direct_three_qubit,0,1.0,1,39.3,101.5,1.9999607626096199,0.4502805565708897,1.99537197682693,1,True,0.0
direct_three_qubit,0,1.0,1,39.449999999999996,101.5,1.9999607626096199,0.45027866567273533,1.9954483681462445,1,True,0.0
direct_three_qubit,0,1.0,1,39.6,101.5,1.9999607626096199,0.4502768075452959,1.9955234356019496,1,True,0.0
direct_three_qubit,0,1.0,1,39.75,101.5,1.9999607626096199,0.45027498141241445,1.995597210547483,1,True,0.0
direct_three_qubit,0,1.0,1,39.9,101.5,1.9999607626096199,0.45027318651373366,1.9956697236981342,1,True,0.0
direct_three_qubit,0,1.0,1,40.05,101.5,1.9999607626096199,0.45027142210469673,1.9957410051309867,1,True,0.0
direct_three_qubit,0,1.0,1,40.199999999999996,101.5,1.9999607626096199,0.45026968745654733,1.9958110842849215,1,True,0.0
direct_three_qubit,0,1.0,1,40.35,101.5,1.9999607626096199,0.45026798185632916,1.995879989960632,1,True,0.0
direct_three_qubit,0,1.0,1,40.5,101.5,1.9999607626096199,0.4502663046068865,1.9959477503205936,1,True,0.0
direct_three_qubit,0,1.0,1,40.65,101.5,1.9999607626096199,0.45026465502686397,1.996014392889063,1,True,0.0
direct_three_qubit,0,1.0,1,40.8,101.5,1.9999607626096199,0.4502630324507061,1.9960799445521038,1,True,0.0
direct_three_qubit,0,1.0,1,40.949999999999996,101.5,1.9999607626096199,0.4502614362286577,1.9961444315575483,1,True,0.0
direct_three_qubit,0,1.0,1,41.1,101.5,1.9999607626096199,0.4502598657267647,1.9962078795149774,1,True,0.0
direct_three_qubit,0,1.0,1,41.25,101.5,1.9999607626096199,0.4502583203268722,1.9962703133957764,1,True,0.0
direct_three_qubit,0,1.0,1,41.4,101.5,1.9999607626096199,0.4502567994266265,1.9963317575330632,1,True,0.0
direct_three_qubit,0,1.0,1,41.55,101.5,1.9999607626096199,0.45025530243947376,1.9963922356217305,1,True,0.0
direct_three_qubit,0,1.0,1,41.699999999999996,101.5,1.9999607626096199,0.45025382879466047,1.9964517707184275,1,True,0.0
direct_three_qubit,0,1.0,1,41.85,101.5,1.9999607626096199,0.4502523779372336,1.9965103852415382,1,True,0.0
direct_three_qubit,0,1.0,1,42.0,101.5,1.9999607626096199,0.4502509493280401,1.996568100971217,1,True,0.0
direct_three_qubit,0,1.0,1,42.15,101.5,1.9999607626096199,0.45024954244372767,1.9966249390493362,1,True,0.0
direct_three_qubit,0,1.0,1,42.3,101.5,1.9999607626096199,0.4502481567767439,1.9966809199795212,1,True,0.0
direct_three_qubit,0,1.0,1,42.449999999999996,101.5,1.9999607626096199,0.45024679183533695,1.9967360636271296,1,True,0.0
direct_three_qubit,0,1.0,1,42.6,101.5,1.9999607626096199,0.4502454471435551,1.9967903892192547,1,True,0.0
direct_three_qubit,0,1.0,1,42.75,101.5,1.9999607626096199,0.450244122241247,1.9968439153447117,1,True,0.0
direct_three_qubit,0,1.0,1,42.9,101.5,1.9999607626096199,0.45024281668406163,1.9968966599540452,1,True,0.0
direct_three_qubit,0,1.0,1,43.05,101.5,1.9999607626096199,0.45024153004344825,1.9969486403595211,1,True,0.0
direct_three_qubit,0,1.0,1,43.199999999999996,101.5,1.9999607626096199,0.45024026190665645,1.9969998732351246,1,True,0.0
direct_three_qubit,0,1.0,1,43.35,101.5,1.9999607626096199,0.45023901187673604,1.9970503746165562,1,True,0.0
direct_three_qubit,0,1.0,1,43.5,101.5,1.9999607626096199,0.4502377795725372,1.9971001599012361,1,True,0.0
direct_three_qubit,0,1.0,1,43.65,101.5,1.9999607626096199,0.45023656462871037,1.9971492438482885,1,True,0.0
direct_three_qubit,0,1.0,1,43.8,101.5,1.9999607626096199,0.4502353666957063,1.9971976405785452,1,True,0.0
direct_three_qubit,0,1.0,1,43.949999999999996,101.5,1.9999607626096199,0.4502341854397761,1.9972453635745469,1,True,0.0
direct_three_qubit,0,1.0,1,44.1,101.5,1.9999607626096199,0.45023302054297104,1.9972924256805438,1,True,0.0
direct_three_qubit,0,1.0,1,44.25,101.5,1.9999607626096199,0.45023187170314294,1.9973388391024698,1,True,0.0
direct_three_qubit,0,1.0,1,44.4,101.5,1.9999607626096199,0.45023073863394364,1.9973846154079735,1,True,0.0
direct_three_qubit,0,1.0,1,44.55,101.5,1.9999607626096199,0.4502296210946198,1.9974297643226968,1,True,0.0
direct_three_qubit,0,1.0,1,44.699999999999996,101.5,1.9999607626096199,0.45022851891861215,1.9974742925748346,1,True,0.0
direct_three_qubit,0,1.0,1,44.85,101.5,1.9999607626096199,0.45022743188116265,1.9975182092438666,1,True,0.0
direct_three_qubit,0,1.0,1,45.0,101.5,1.9999607626096199,0.4502263597686545,1.9975615229591859,1,True,0.0
direct_three_qubit,0,1.0,1,45.15,101.5,1.9999607626096199,0.450225302383504,1.997604241702463,1,True,0.0
direct_three_qubit,0,1.0,1,45.3,101.5,1.9999607626096199,0.4502242595441606,1.997646372807659,1,True,0.0
direct_three_qubit,0,1.0,1,45.449999999999996,101.5,1.9999607626096199,0.45022323108510687,1.9976879229610016,1,True,0.0
direct_three_qubit,0,1.0,1,45.6,101.5,1.9999607626096199,0.45022221685685804,1.9977288982010182,1,True,0.0
direct_three_qubit,0,1.0,1,45.75,101.5,1.9999607626096199,0.4502212167259627,1.9977693039185007,1,True,0.0
direct_three_qubit,0,1.0,1,45.9,101.5,1.9999607626096199,0.4502202305750028,1.9978091448565043,1,True,0.0
direct_three_qubit,0,1.0,1,46.05,101.5,1.9999607626096199,0.4502192583025928,1.9978484251103845,1,True,0.0
direct_three_qubit,0,1.0,1,46.199999999999996,101.5,1.9999607626096199,0.4502182998233805,1.9978871481277474,1,True,0.0
direct_three_qubit,0,1.0,1,46.35,101.5,1.9999607626096199,0.4502173550680468,1.9979253167084832,1,True,0.0
direct_three_qubit,0,1.0,1,46.5,101.5,1.9999607626096199,0.4502164239833056,1.9979629330047424,1,True,0.0
direct_three_qubit,0,1.0,1,46.65,101.5,1.9999607626096199,0.45021550653190395,1.9979999985209362,1,True,0.0
direct_three_qubit,0,1.0,1,46.8,101.5,1.9999607626096199,0.45021460269262187,1.998036514113764,1,True,0.0
direct_three_qubit,0,1.0,1,46.949999999999996,101.5,1.9999607626096199,0.45021371246027264,1.9980724799921696,1,True,0.0
direct_three_qubit,0,1.0,1,47.1,101.5,1.9999607626096199,0.4502128358457022,1.9981078957173795,1,True,0.0
direct_three_qubit,0,1.0,1,47.25,101.5,1.9999607626096199,0.4502119728757901,1.9981427602028627,1,True,0.0
direct_three_qubit,0,1.0,1,47.4,101.5,1.9999607626096199,0.45021112359344845,1.9981770717143703,1,True,0.0
direct_three_qubit,0,1.0,1,47.55,101.5,1.9999607626096199,0.4502102880576227,1.9982108278699053,1,True,0.0
direct_three_qubit,0,1.0,1,47.699999999999996,101.5,1.9999607626096199,0.4502094663432916,1.9982440256397127,1,True,0.0
direct_three_qubit,0,1.0,1,47.85,101.5,1.9999607626096199,0.4502086585414664,1.998276661346332,1,True,0.0
direct_three_qubit,0,1.0,1,48.0,101.5,1.9999607626096199,0.4502078647591917,1.9983087306645422,1,True,0.0
direct_three_qubit,0,1.0,1,48.15,101.5,1.9999607626096199,0.4502070851195455,1.9983402286213696,1,True,0.0
direct_three_qubit,0,1.0,1,48.3,101.5,1.9999607626096199,0.45020631976163844,1.998371149596107,1,True,0.0
direct_three_qubit,0,1.0,1,48.449999999999996,101.5,1.9999607626096199,0.45020556884061425,1.9984014873203104,1,True,0.0
direct_three_qubit,0,1.0,1,48.6,101.5,1.9999607626096199,0.45020483252764976,1.9984312348777866,1,True,0.0
direct_three_qubit,0,1.0,1,48.75,101.5,1.9999607626096199,0.4502041110099553,1.9984603847045819,1,True,0.0
direct_three_qubit,0,1.0,1,48.9,101.5,1.9999607626096199,0.45020340449077356,1.9984889285890208,1,True,0.0
direct_three_qubit,0,1.0,1,49.05,101.5,1.9999607626096199,0.45020271318938077,1.9985168576716668,1,True,0.0
direct_three_qubit,0,1.0,1,49.199999999999996,101.5,1.9999607626096199,0.45020203734108616,1.9985441624453342,1,True,0.0
direct_three_qubit,0,1.0,1,49.35,101.5,1.9999607626096199,0.45020137719723186,1.9985708327551088,1,True,0.0
direct_three_qubit,0,1.0,1,49.5,101.5,1.9999607626096199,0.4502007330251934,1.9985968577982998,1,True,0.0
direct_three_qubit,0,1.0,1,49.65,101.5,1.9999607626096199,0.45020010510837893,1.998622226124498,1,True,0.0
direct_three_qubit,0,1.0,1,49.8,101.5,1.9999607626096199,0.4501994937462302,1.9986469256355235,1,True,0.0
direct_three_qubit,0,1.0,1,49.949999999999996,101.5,1.9999607626096199,0.4501988992542215,1.9986709435854644,1,True,0.0
direct_three_qubit,0,1.0,1,50.1,101.5,1.9999607626096199,0.4501983219638606,1.9986942665806546,1,True,0.0
direct_three_qubit,0,1.0,1,50.25,101.5,1.9999607626096199,0.45019776222268804,1.998716880579685,1,True,0.0
direct_three_qubit,0,1.0,1,50.4,101.5,1.9999607626096199,0.4501972161178652,1.9987389436639993,1,True,0.0
direct_three_qubit,0,1.0,1,50.55,101.5,1.9999607626096199,0.45019667887776177,1.9987606486110767,1,True,0.0
direct_three_qubit,0,1.0,1,50.699999999999996,101.5,1.9999607626096199,0.4501961501912636,1.9987820079899732,1,True,0.0
direct_three_qubit,0,1.0,1,50.85,101.5,1.9999607626096199,0.4501956297483173,1.9988030343268819,1,True,0.0
direct_three_qubit,0,1.0,1,51.0,101.5,1.9999607626096199,0.45019511723738886,1.9988237402078384,1,True,0.0
direct_three_qubit,0,1.0,1,51.15,101.5,1.9999607626096199,0.4501946123454635,1.9988441382787152,1,True,0.0
direct_three_qubit,0,1.0,1,51.3,101.5,1.9999607626096199,0.450194114758046,1.9988642412452033,1,True,0.0
direct_three_qubit,0,1.0,1,51.449999999999996,101.5,1.9999607626096199,0.4501936241591596,1.9988840618728705,1,True,0.0
direct_three_qubit,0,1.0,1,51.6,101.5,1.9999607626096199,0.45019314023134765,1.9989036129870776,1,True,0.0
direct_three_qubit,0,1.0,1,51.75,101.5,1.9999607626096199,0.45019266265567237,1.9989229074730486,1,True,0.0
direct_three_qubit,0,1.0,1,51.9,101.5,1.9999607626096199,0.45019219111171527,1.9989419582758263,1,True,0.0
direct_three_qubit,0,1.0,1,52.05,101.5,1.9999607626096199,0.4501917252775773,1.998960778400293,1,True,0.0
direct_three_qubit,0,1.0,1,52.199999999999996,101.5,1.9999607626096199,0.4501912648298784,1.9989793809111696,1,True,0.0
direct_three_qubit,0,1.0,1,52.35,101.5,1.9999607626096199,0.450190809443758,1.9989977789330087,1,True,0.0
direct_three_qubit,0,1.0,1,52.5,101.5,1.9999607626096199,0.45019035879287456,1.9990159856501988,1,True,0.0
direct_three_qubit,0,1.0,1,52.65,101.5,1.9999607626096199,0.4501899125494063,1.9990340143069474,1,True,0.0
direct_three_qubit,0,1.0,1,52.8,101.5,1.9999607626096199,0.45018947038405005,1.9990518782073203,1,True,0.0
direct_three_qubit,0,1.0,1,52.949999999999996,101.5,1.9999607626096199,0.45018903196602245,1.9990695907151963,1,True,0.0
direct_three_qubit,0,1.0,1,53.1,101.5,1.9999607626096199,0.4501885969630589,1.9990871652543036,1,True,0.0
direct_three_qubit,0,1.0,1,53.25,101.5,1.9999607626096199,0.4501881662184403,1.9991045677552015,1,True,0.0
direct_three_qubit,0,1.0,1,53.4,101.5,1.9999607626096199,0.4501877424058644,1.9991216901977893,1,True,0.0
direct_three_qubit,0,1.0,1,53.55,101.5,1.9999607626096199,0.450187325856406,1.9991385192061732,1,True,0.0
direct_three_qubit,0,1.0,1,53.699999999999996,101.5,1.9999607626096199,0.45018691681588097,1.9991550448489963,1,True,0.0
direct_three_qubit,0,1.0,1,53.85,101.5,1.9999607626096199,0.45018651554949474,1.9991712564115465,1,True,0.0
direct_three_qubit,0,1.0,1,54.0,101.5,1.9999607626096199,0.4501861223418404,1.9991871423958243,1,True,0.0
direct_three_qubit,0,1.0,1,54.15,101.5,1.9999607626096199,0.4501857374969005,1.9992026905204743,1,True,0.0
direct_three_qubit,0,1.0,1,54.3,101.5,1.9999607626096199,0.4501853613380458,1.9992178877208258,1,True,0.0
direct_three_qubit,0,1.0,1,54.449999999999996,101.5,1.9999607626096199,0.450184994208036,1.9992327201488775,1,True,0.0
direct_three_qubit,0,1.0,1,54.6,101.5,1.9999607626096199,0.45018463646901935,1.9992471731733046,1,True,0.0
direct_three_qubit,0,1.0,1,54.75,101.5,1.9999607626096199,0.4501842885025328,1.9992612313794584,1,True,0.0
direct_three_qubit,0,1.0,1,54.9,101.5,1.9999607626096199,0.4501839507095018,1.9992748785693633,1,True,0.0
direct_three_qubit,0,1.0,1,55.05,101.5,1.9999607626096199,0.450183623510241,1.9992880977616967,1,True,0.0
direct_three_qubit,0,1.0,1,55.199999999999996,101.5,1.9999607626096199,0.45018330734445317,1.999300871191838,1,True,0.0
direct_three_qubit,0,1.0,1,55.35,101.5,1.9999607626096199,0.4501830026712302,1.9993131803118185,1,True,0.0
direct_three_qubit,0,1.0,1,55.5,101.5,1.9999607626096199,0.4501827099690519,1.9993250057903724,1,True,0.0
direct_three_qubit,0,1.0,1,55.65,101.5,1.9999607626096199,0.4501824297357879,1.9993363275128624,1,True,0.0
direct_three_qubit,0,1.0,1,55.8,101.5,1.9999607626096199,0.4501821624886955,1.999347124581375,1,True,0.0
direct_three_qubit,0,1.0,1,55.949999999999996,101.5,1.9999607626096199,0.45018190876442105,1.9993573753146456,1,True,0.0
direct_three_qubit,0,1.0,1,56.1,101.5,1.9999607626096199,0.45018166798724063,1.9993671029723754,1,True,0.0
direct_three_qubit,0,1.0,1,56.25,101.5,1.9999607626096199,0.4501814348152346,1.9993765233737566,1,True,0.0
direct_three_qubit,0,1.0,1,56.4,101.5,1.9999607626096199,0.4501812079912685,1.9993856873083051,1,True,0.0
direct_three_qubit,0,1.0,1,56.55,101.5,1.9999607626096199,0.4501809869019668,1.9993946195569867,1,True,0.0
direct_three_qubit,0,1.0,1,56.699999999999996,101.5,1.9999607626096199,0.45018077089561825,1.9994033464495933,1,True,0.0
direct_three_qubit,0,1.0,1,56.85,101.5,1.9999607626096199,0.45018055928217604,1.9994118958647162,1,True,0.0
direct_three_qubit,0,1.0,1,57.0,101.5,1.9999607626096199,0.45018035133325796,1.9994202972297561,1,True,0.0
direct_three_qubit,0,1.0,1,57.15,101.5,1.9999607626096199,0.45018014628214575,1.9994285815209394,1,True,0.0
direct_three_qubit,0,1.0,1,57.3,101.5,1.9999607626096199,0.45017994332378614,1.9994367812632834,1,True,0.0
direct_three_qubit,0,1.0,1,57.449999999999996,101.5,1.9999607626096199,0.45017974161478985,1.9994449305306266,1,True,0.0
direct_three_qubit,0,1.0,1,57.599999999999994,101.5,1.9999607626096199,0.45017954027343265,1.9994530649456068,1,True,0.0
direct_three_qubit,0,1.0,1,57.75,101.5,1.9999607626096199,0.4501793383796543,1.999461221679677,1,True,0.0
direct_three_qubit,0,1.0,1,57.9,101.5,1.9999607626096199,0.4501791349750589,1.9994694394531112,1,True,0.0
direct_three_qubit,0,1.0,1,58.05,101.5,1.9999607626096199,0.45017892906291523,1.999477758534991,1,True,0.0
direct_three_qubit,0,1.0,1,58.199999999999996,101.5,1.9999607626096199,0.45017871960815636,1.999486220743211,1,True,0.0
direct_three_qubit,0,1.0,1,58.349999999999994,101.5,1.9999607626096199,0.45017850553738015,1.9994948694444694,1,True,0.0
direct_three_qubit,0,1.0,1,58.5,101.5,1.9999607626096199,0.4501782857388485,1.9995037495542933,1,True,0.0
direct_three_qubit,0,1.0,1,58.65,101.5,1.9999607626096199,0.45017805906248803,1.9995129075370248,1,True,0.0
direct_three_qubit,0,1.0,1,58.8,101.5,1.9999607626096199,0.45017782431988945,1.999522391405825,1,True,0.0
direct_three_qubit,0,1.0,1,58.949999999999996,101.5,1.9999607626096199,0.45017758091013327,1.9995322254386307,1,True,0.0
direct_three_qubit,0,1.0,1,59.099999999999994,101.5,1.9999607626096199,0.4501773356189302,1.9995421354850162,1,True,0.0
direct_three_qubit,0,1.0,1,59.25,101.5,1.9999607626096199,0.4501770909144012,1.9995520218300733,1,True,0.0
direct_three_qubit,0,1.0,1,59.4,101.5,1.9999607626096199,0.450176847203776,1.9995618680212395,1,True,0.0
direct_three_qubit,0,1.0,1,59.55,101.5,1.9999607626096199,0.4501766049390103,1.999571655798962,1,True,0.0
direct_three_qubit,0,1.0,1,59.699999999999996,101.5,1.9999607626096199,0.45017636461678473,1.9995813650967582,1,True,0.0
direct_three_qubit,0,1.0,1,59.849999999999994,101.5,1.9999607626096199,0.4501761267785063,1.999590974041117,1,True,0.0
direct_three_qubit,0,1.0,1,60.0,101.5,1.9999607626096199,0.45017589201030683,1.9996004589516028,1,True,0.0
direct_three_qubit,0,1.0,1,60.15,101.5,1.9999607626096199,0.4501756609430442,1.9996097943407778,1,True,0.0
direct_three_qubit,0,1.0,1,60.3,101.5,1.9999607626096199,0.4501754342523016,1.9996189529142374,1,True,0.0
direct_three_qubit,0,1.0,1,60.449999999999996,101.5,1.9999607626096199,0.45017521265838817,1.999627905570594,1,True,0.0
direct_three_qubit,0,1.0,1,60.599999999999994,101.5,1.9999607626096199,0.45017499692633806,1.999636621401506,1,True,0.0
direct_three_qubit,0,1.0,1,60.75,101.5,1.9999607626096199,0.4501747878659112,1.9996450676916355,1,True,0.0
direct_three_qubit,0,1.0,1,60.9,101.5,1.9999607626096199,0.4501745863315936,1.9996532099186697,1,True,0.0
direct_three_qubit,0,1.0,1,61.05,101.5,1.9999607626096199,0.4501743932225959,1.9996610117533378,1,True,0.0
direct_three_qubit,0,1.0,1,61.199999999999996,101.5,1.9999607626096199,0.4501742094828551,1.9996684350593747,1,True,0.0
direct_three_qubit,0,1.0,1,61.349999999999994,101.5,1.9999607626096199,0.4501740361010334,1.9996754398935535,1,True,0.0
direct_three_qubit,0,1.0,1,61.5,101.5,1.9999607626096199,0.4501738741105188,1.9996819845056635,1,True,0.0
direct_three_qubit,0,1.0,1,61.65,101.5,1.9999607626096199,0.45017372458942473,1.9996880253385265,1,True,0.0
direct_three_qubit,0,1.0,1,61.8,101.5,1.9999607626096199,0.450173588578522,1.9996935203436508,1,True,0.0
direct_three_qubit,0,1.0,1,61.949999999999996,101.5,1.9999607626096199,0.4501734615576429,1.9996986521412132,1,True,0.0
direct_three_qubit,0,1.0,1,62.099999999999994,101.5,1.9999607626096199,0.45017334026326994,1.999703552581224,1,True,0.0
direct_three_qubit,0,1.0,1,62.25,101.5,1.9999607626096199,0.4501732244852519,1.9997082301540203,1,True,0.0
direct_three_qubit,0,1.0,1,62.4,101.5,1.9999607626096199,0.4501731139877847,1.9997126943863388,1,True,0.0
direct_three_qubit,0,1.0,1,62.55,101.5,1.9999607626096199,0.4501730085094116,1.999716955841326,1,True,0.0
direct_three_qubit,0,1.0,1,62.699999999999996,101.5,1.9999607626096199,0.45017290776302327,1.9997210261185243,1,True,0.0
direct_three_qubit,0,1.0,1,62.849999999999994,101.5,1.9999607626096199,0.45017281143585797,1.999724917853864,1,True,0.0
direct_three_qubit,0,1.0,1,63.0,101.5,1.9999607626096199,0.4501727191895006,1.9997286447197131,1,True,0.0
direct_three_qubit,0,1.0,1,63.15,101.5,1.9999607626096199,0.45017263065988383,1.9997322214248172,1,True,0.0
direct_three_qubit,0,1.0,1,63.3,101.5,1.9999607626096199,0.4501725454572879,1.9997356637143222,1,True,0.0
direct_three_qubit,0,1.0,1,63.449999999999996,101.5,1.9999607626096199,0.4501724631663398,1.9997389883697914,1,True,0.0
direct_three_qubit,0,1.0,1,63.599999999999994,101.5,1.9999607626096199,0.4501723833460139,1.999742213209189,1,True,0.0
direct_three_qubit,0,1.0,1,63.75,101.5,1.9999607626096199,0.4501723055296324,1.9997453570868673,1,True,0.0
direct_three_qubit,0,1.0,1,63.9,101.5,1.9999607626096199,0.4501722292248644,1.9997484398935919,1,True,0.0
direct_three_qubit,0,1.0,1,64.05,101.5,1.9999607626096199,0.45017215391372634,1.9997514825565377,1,True,0.0
direct_three_qubit,0,1.0,1,64.2,101.5,1.9999607626096199,0.45017207905258216,1.9997545070392637,1,True,0.0
direct_three_qubit,0,1.0,1,64.35,101.5,1.9999607626096199,0.4501720040721429,1.9997575363417526,1,True,0.0
direct_three_qubit,0,1.0,1,64.5,101.5,1.9999607626096199,0.45017192837746717,1.9997605945003676,1,True,0.0
direct_three_qubit,0,1.0,1,64.64999999999999,101.5,1.9999607626096199,0.4501718513479606,1.9997637065878988,1,True,0.0
direct_three_qubit,0,1.0,1,64.8,101.5,1.9999607626096199,0.4501717741532774,1.9997668253488694,1,True,0.0
direct_three_qubit,0,1.0,1,64.95,101.5,1.9999607626096199,0.4501716989196852,1.9997698648794215,1,True,0.0
direct_three_qubit,0,1.0,1,65.1,101.5,1.9999607626096199,0.45017162563542623,1.9997728256545801,1,True,0.0
direct_three_qubit,0,1.0,1,65.25,101.5,1.9999607626096199,0.45017155428528266,1.9997757082891554,1,True,0.0
direct_three_qubit,0,1.0,1,65.39999999999999,101.5,1.9999607626096199,0.45017148486110536,1.9997785131123775,1,True,0.0
direct_three_qubit,0,1.0,1,65.55,101.5,1.9999607626096199,0.45017141736181254,1.9997812401679427,1,True,0.0
direct_three_qubit,0,1.0,1,65.7,101.5,1.9999607626096199,0.4501713517933911,1.9997838892139708,1,True,0.0
direct_three_qubit,0,1.0,1,65.85,101.5,1.9999607626096199,0.450171288168896,1.9997864597230153,1,True,0.0
direct_three_qubit,0,1.0,1,66.0,101.5,1.9999607626096199,0.45017122650845043,1.9997889508820694,1,True,0.0
direct_three_qubit,0,1.0,1,66.14999999999999,101.5,1.9999607626096199,0.45017116683924524,1.9997913615925829,1,True,0.0
direct_three_qubit,0,1.0,1,66.3,101.5,1.9999607626096199,0.45017110919554,1.9997936904704177,1,True,0.0
direct_three_qubit,0,1.0,1,66.45,101.5,1.9999607626096199,0.450171053618662,1.9997959358458979,1,True,0.0
direct_three_qubit,0,1.0,1,66.6,101.5,1.9999607626096199,0.4501710001570071,1.999798095763763,1,True,0.0
direct_three_qubit,0,1.0,1,66.75,101.5,1.9999607626096199,0.4501709488660389,1.9998001679832111,1,True,0.0
direct_three_qubit,0,1.0,1,66.89999999999999,101.5,1.9999607626096199,0.45017089980828934,1.9998021499778629,1,True,0.0
direct_three_qubit,0,1.0,1,67.05,101.5,1.9999607626096199,0.45017085305335836,1.9998040389357923,1,True,0.0
direct_three_qubit,0,1.0,1,67.2,101.5,1.9999607626096199,0.4501708086779144,1.9998058317594873,1,True,0.0
direct_three_qubit,0,1.0,1,67.35,101.5,1.9999607626096199,0.45017076676569384,1.9998075250658947,1,True,0.0
direct_three_qubit,0,1.0,1,67.5,101.5,1.9999607626096199,0.45017072740750086,1.9998091151864001,1,True,0.0
direct_three_qubit,0,1.0,1,67.64999999999999,101.5,1.9999607626096199,0.4501706902005174,1.9998106183953583,1,True,0.0
direct_three_qubit,0,1.0,1,67.8,101.5,1.9999607626096199,0.4501706537361071,1.9998120916034485,1,True,0.0
direct_three_qubit,0,1.0,1,67.95,101.5,1.9999607626096199,0.45017061774185263,1.9998135458166726,1,True,0.0
direct_three_qubit,0,1.0,1,68.1,101.5,1.9999607626096199,0.4501705820106227,1.9998149894033947,1,True,0.0
direct_three_qubit,0,1.0,1,68.25,101.5,1.9999607626096199,0.4501705463271306,1.9998164310614708,1,True,0.0
direct_three_qubit,0,1.0,1,68.39999999999999,101.5,1.9999607626096199,0.4501705104679341,1.9998178798182442,1,True,0.0
direct_three_qubit,0,1.0,1,68.55,101.5,1.9999607626096199,0.4501704742014347,1.9998193450305906,1,True,0.0
direct_three_qubit,0,1.0,1,68.7,101.5,1.9999607626096199,0.4501704372878786,1.9998208363848684,1,True,0.0
direct_three_qubit,0,1.0,1,68.85,101.5,1.9999607626096199,0.45017039947935655,1.9998223638969215,1,True,0.0
direct_three_qubit,0,1.0,1,69.0,101.5,1.9999607626096199,0.4501703605198036,1.9998239379121034,1,True,0.0
direct_three_qubit,0,1.0,1,69.14999999999999,101.5,1.9999607626096199,0.4501703201449986,1.9998255691052806,1,True,0.0
direct_three_qubit,0,1.0,1,69.3,101.5,1.9999607626096199,0.45017027808256554,1.9998272684807918,1,True,0.0
direct_three_qubit,0,1.0,1,69.45,101.5,1.9999607626096199,0.4501702340519723,1.9998290473724978,1,True,0.0
direct_three_qubit,0,1.0,1,69.6,101.5,1.9999607626096199,0.4501701877645312,1.99983091744375,1,True,0.0
direct_three_qubit,0,1.0,1,69.75,101.5,1.9999607626096199,0.45017013892339913,1.9998328906873868,1,True,0.0
direct_three_qubit,0,1.0,1,69.89999999999999,101.5,1.9999607626096199,0.4501700872235768,1.9998349794257777,1,True,0.0
direct_three_qubit,0,1.0,1,70.05,101.5,1.9999607626096199,0.45017003235190967,1.9998371963107693,1,True,0.0
direct_three_qubit,0,1.0,1,70.2,101.5,1.9999607626096199,0.4501699739870877,1.9998395543237024,1,True,0.0
direct_three_qubit,0,1.0,1,70.35,101.5,1.9999607626096199,0.4501699117996449,1.9998420667754309,1,True,0.0
direct_three_qubit,0,1.0,1,70.5,101.5,1.9999607626096199,0.4501698458995341,1.9998447292237354,1,True,0.0
direct_three_qubit,0,1.0,1,70.64999999999999,101.5,1.9999607626096199,0.4501697787152816,1.9998474435530726,1,True,0.0
direct_three_qubit,0,1.0,1,70.8,101.5,1.9999607626096199,0.45016971075918627,1.999850189065917,1,True,0.0
direct_three_qubit,0,1.0,1,70.95,101.5,1.9999607626096199,0.45016964214277866,1.9998529612562934,1,True,0.0
direct_three_qubit,0,1.0,1,71.1,101.5,1.9999607626096199,0.4501695729775894,1.9998557556182266,1,True,0.0
direct_three_qubit,0,1.0,1,71.25,101.5,1.9999607626096199,0.4501695033751494,1.9998585676457277,1,True,0.0
direct_three_qubit,0,1.0,1,71.39999999999999,101.5,1.9999607626096199,0.45016943344698906,1.9998613928328242,1,True,0.0
direct_three_qubit,0,1.0,1,71.55,101.5,1.9999607626096199,0.4501693633046392,1.9998642266735316,1,True,0.0
direct_three_qubit,0,1.0,1,71.7,101.5,1.9999607626096199,0.4501692930596302,1.9998670646618801,1,True,0.0
direct_three_qubit,0,1.0,1,71.85,101.5,1.9999607626096199,0.45016922282349325,1.9998699022918665,1,True,0.0
direct_three_qubit,0,1.0,1,72.0,101.5,1.9999607626096199,0.45016915270775854,1.999872735057529,1,True,0.0
direct_three_qubit,0,1.0,1,72.14999999999999,101.5,1.9999607626096199,0.4501690828239567,1.9998755584528853,1,True,0.0
direct_three_qubit,0,1.0,1,72.3,101.5,1.9999607626096199,0.4501690132836188,1.9998783679719339,1,True,0.0
direct_three_qubit,0,1.0,1,72.45,101.5,1.9999607626096199,0.45016894419827513,1.9998811591087098,1,True,0.0
direct_three_qubit,0,1.0,1,72.6,101.5,1.9999607626096199,0.45016887567945635,1.9998839273572278,1,True,0.0
direct_three_qubit,0,1.0,1,72.75,101.5,1.9999607626096199,0.45016880783869334,1.9998866682114946,1,True,0.0
direct_three_qubit,0,1.0,1,72.89999999999999,101.5,1.9999607626096199,0.4501687407875168,1.9998893771655257,1,True,0.0
direct_three_qubit,0,1.0,1,73.05,101.5,1.9999607626096199,0.45016867463745697,1.9998920497133506,1,True,0.0
direct_three_qubit,0,1.0,1,73.2,101.5,1.9999607626096199,0.4501686095000449,1.999894681348966,1,True,0.0
direct_three_qubit,0,1.0,1,73.35,101.5,1.9999607626096199,0.4501685454868109,1.9998972675664024,1,True,0.0
direct_three_qubit,0,1.0,1,73.5,101.5,1.9999607626096199,0.450168482709286,1.9998998038596585,1,True,0.0
direct_three_qubit,0,1.0,1,73.64999999999999,101.5,1.9999607626096199,0.4501684212790008,1.9999022857227489,1,True,0.0
direct_three_qubit,0,1.0,1,73.8,101.5,1.9999607626096199,0.4501683613074857,1.999904708649697,1,True,0.0
direct_three_qubit,0,1.0,1,73.95,101.5,1.9999607626096199,0.45016830290627147,1.9999070681345106,1,True,0.0
direct_three_qubit,0,1.0,1,74.1,101.5,1.9999607626096199,0.45016824618688883,1.9999093596712019,1,True,0.0
direct_three_qubit,0,1.0,1,74.25,101.5,1.9999607626096199,0.4501681912608684,1.9999115787537805,1,True,0.0
direct_three_qubit,0,1.0,1,74.39999999999999,101.5,1.9999607626096199,0.45016813823974083,1.9999137208762563,1,True,0.0
direct_three_qubit,0,1.0,1,74.55,101.5,1.9999607626096199,0.45016808723503676,1.9999157815326474,1,True,0.0
direct_three_qubit,0,1.0,1,74.7,101.5,1.9999607626096199,0.4501680383582869,1.9999177562169606,1,True,0.0
direct_three_qubit,0,1.0,1,74.85,101.5,1.9999607626096199,0.4501679917210218,1.9999196404232116,1,True,0.0
direct_three_qubit,0,1.0,1,75.0,101.5,1.9999607626096199,0.4501679474347721,1.999921429645406,1,True,0.0
direct_three_qubit,0,1.0,1,75.14999999999999,101.5,1.9999607626096199,0.4501679056110687,1.9999231193775553,1,True,0.0
direct_three_qubit,0,1.0,1,75.3,101.5,1.9999607626096199,0.4501678663614421,1.9999247051136684,1,True,0.0
direct_three_qubit,0,1.0,1,75.45,101.5,1.9999607626096199,0.4501678297974229,1.9999261823477616,1,True,0.0
direct_three_qubit,0,1.0,1,75.6,101.5,1.9999607626096199,0.4501677960117643,1.9999275473324853,1,True,0.0
direct_three_qubit,0,1.0,1,75.75,101.5,1.9999607626096199,0.4501677639375166,1.9999288431739877,1,True,0.0
direct_three_qubit,0,1.0,1,75.89999999999999,101.5,1.9999607626096199,0.4501677329084407,1.9999300967891993,1,True,0.0
direct_three_qubit,0,1.0,1,76.05,101.5,1.9999607626096199,0.450167702928291,1.9999313080264385,1,True,0.0
direct_three_qubit,0,1.0,1,76.2,101.5,1.9999607626096199,0.4501676740008212,1.9999324767340465,1,True,0.0
direct_three_qubit,0,1.0,1,76.35,101.5,1.9999607626096199,0.4501676461297857,1.99993360276034,1,True,0.0
direct_three_qubit,0,1.0,1,76.5,101.5,1.9999607626096199,0.4501676193189383,1.9999346859536595,1,True,0.0
direct_three_qubit,0,1.0,1,76.64999999999999,101.5,1.9999607626096199,0.4501675935720331,1.999935726162332,1,True,0.0
direct_three_qubit,0,1.0,1,76.8,101.5,1.9999607626096199,0.4501675688928241,1.9999367232346899,1,True,0.0
direct_three_qubit,0,1.0,1,76.95,101.5,1.9999607626096199,0.45016754528506564,1.999937677019055,1,True,0.0
direct_three_qubit,0,1.0,1,77.1,101.5,1.9999607626096199,0.4501675227525114,1.9999385873637694,1,True,0.0
direct_three_qubit,0,1.0,1,77.25,101.5,1.9999607626096199,0.4501675012989158,1.9999394541171478,1,True,0.0
direct_three_qubit,0,1.0,1,77.39999999999999,101.5,1.9999607626096199,0.45016748092803255,1.9999402771275356,1,True,0.0
direct_three_qubit,0,1.0,1,77.55,101.5,1.9999607626096199,0.4501674616436157,1.9999410562432611,1,True,0.0
direct_three_qubit,0,1.0,1,77.7,101.5,1.9999607626096199,0.45016744344941967,1.999941791312644,1,True,0.0
direct_three_qubit,0,1.0,1,77.85,101.5,1.9999607626096199,0.45016742634919826,1.99994248218402,1,True,0.0
direct_three_qubit,0,1.0,1,78.0,101.5,1.9999607626096199,0.4501674103467053,1.999943128705733,1,True,0.0
direct_three_qubit,0,1.0,1,78.14999999999999,101.5,1.9999607626096199,0.4501673954456954,1.9999437307260888,1,True,0.0
direct_three_qubit,0,1.0,1,78.3,101.5,1.9999607626096199,0.45016738164992215,1.999944288093436,1,True,0.0
direct_three_qubit,0,1.0,1,78.45,101.5,1.9999607626096199,0.4501673689631398,1.9999448006560967,1,True,0.0
direct_three_qubit,0,1.0,1,78.6,101.5,1.9999607626096199,0.45016735738910213,1.999945268262417,1,True,0.0
direct_three_qubit,0,1.0,1,78.75,101.5,1.9999607626096199,0.4501673469315637,1.9999456907607,1,True,0.0
direct_three_qubit,0,1.0,1,78.89999999999999,101.5,1.9999607626096199,0.4501673375942782,1.9999460679992977,1,True,0.0
direct_three_qubit,0,1.0,1,79.05,101.5,1.9999607626096199,0.4501673293809996,1.9999463998265405,1,True,0.0
direct_three_qubit,0,1.0,1,79.2,101.5,1.9999607626096199,0.45016732229548223,1.9999466860907489,1,True,0.0
direct_three_qubit,0,1.0,1,79.35,101.5,1.9999607626096199,0.45016731634148,1.9999469266402627,1,True,0.0
direct_three_qubit,0,1.0,1,79.5,101.5,1.9999607626096199,0.45016731152274686,1.9999471213234103,1,True,0.0
direct_three_qubit,0,1.0,1,79.64999999999999,101.5,1.9999607626096199,0.45016730784303705,1.999947269988522,1,True,0.0
direct_three_qubit,0,1.0,1,79.8,101.5,1.9999607626096199,0.45016730530610455,1.9999473724839272,1,True,0.0
direct_three_qubit,0,1.0,1,79.95,101.5,1.9999607626096199,0.4501673039157034,1.9999474286579595,1,True,0.0
direct_three_qubit,0,1.0,1,80.1,101.5,1.9999607626096199,0.4501673036755877,1.999947438358951,1,True,0.0
direct_three_qubit,0,1.0,1,80.25,101.5,1.9999607626096199,0.45016730458951143,1.999947401435233,1,True,0.0
direct_three_qubit,0,1.0,1,80.39999999999999,101.5,1.9999607626096199,0.45016730666122867,1.9999473177351348,1,True,0.0
direct_three_qubit,0,1.0,1,80.55,101.5,1.9999607626096199,0.4501673098944935,1.999947187106987,1,True,0.0
direct_three_qubit,0,1.0,1,80.7,101.5,1.9999607626096199,0.45016731429305995,1.9999470093991223,1,True,0.0
direct_three_qubit,0,1.0,1,80.85,101.5,1.9999607626096199,0.45016731954946115,1.9999467970336107,1,True,0.0
direct_three_qubit,0,1.0,1,81.0,101.5,1.9999607626096199,0.45016732494034895,1.9999465792346605,1,True,0.0
direct_three_qubit,0,1.0,1,81.14999999999999,101.5,1.9999607626096199,0.45016733038487944,1.9999463592684767,1,True,0.0
direct_three_qubit,0,1.0,1,81.3,101.5,1.9999607626096199,0.4501673358275786,1.9999461393762812,1,True,0.0
direct_three_qubit,0,1.0,1,81.45,101.5,1.9999607626096199,0.4501673412129722,1.9999459217993076,1,True,0.0
direct_three_qubit,0,1.0,1,81.6,101.5,1.9999607626096199,0.4501673464855861,1.9999457087787809,1,True,0.0
direct_three_qubit,0,1.0,1,81.75,101.5,1.9999607626096199,0.45016735158994614,1.9999455025559323,1,True,0.0
direct_three_qubit,0,1.0,1,81.89999999999999,101.5,1.9999607626096199,0.4501673564705781,1.9999453053719911,1,True,0.0
direct_three_qubit,0,1.0,1,82.05,101.5,1.9999607626096199,0.45016736107200783,1.9999451194681899,1,True,0.0
direct_three_qubit,0,1.0,1,82.2,101.5,1.9999607626096199,0.45016736533876117,1.9999449470857515,1,True,0.0
direct_three_qubit,0,1.0,1,82.35,101.5,1.9999607626096199,0.45016736921536393,1.9999447904659107,1,True,0.0
direct_three_qubit,0,1.0,1,82.5,101.5,1.9999607626096199,0.45016737264634177,1.9999446518499022,1,True,0.0
direct_three_qubit,0,1.0,1,82.64999999999999,101.5,1.9999607626096199,0.4501673755762207,1.9999445334789456,1,True,0.0
direct_three_qubit,0,1.0,1,82.8,101.5,1.9999607626096199,0.45016737794952655,1.9999444375942756,1,True,0.0
direct_three_qubit,0,1.0,1,82.95,101.5,1.9999607626096199,0.45016737971078513,1.9999443664371166,1,True,0.0
direct_three_qubit,0,1.0,1,83.1,101.5,1.9999607626096199,0.45016738080452207,1.9999443222487068,1,True,0.0
direct_three_qubit,0,1.0,1,83.25,101.5,1.9999607626096199,0.4501673811752634,1.9999443072702723,1,True,0.0
direct_three_qubit,0,1.0,1,83.39999999999999,101.5,1.9999607626096199,0.4501673807675349,1.9999443237430408,1,True,0.0
direct_three_qubit,0,1.0,1,83.55,101.5,1.9999607626096199,0.4501673795258624,1.9999443739082385,1,True,0.0
direct_three_qubit,0,1.0,1,83.7,101.5,1.9999607626096199,0.45016737739477175,1.9999444600070964,1,True,0.0
direct_three_qubit,0,1.0,1,83.85,101.5,1.9999607626096199,0.45016737431878856,1.999944584280855,1,True,0.0
direct_three_qubit,0,1.0,1,84.0,101.5,1.9999607626096199,0.45016737024243886,1.999944748970734,1,True,0.0
direct_three_qubit,0,1.0,1,84.14999999999999,101.5,1.9999607626096199,0.45016736511024846,1.999944956317965,1,True,0.0
direct_three_qubit,0,1.0,1,84.3,101.5,1.9999607626096199,0.4501673588667431,1.9999452085637806,1,True,0.0
direct_three_qubit,0,1.0,1,84.45,101.5,1.9999607626096199,0.45016735145644865,1.9999455079494082,1,True,0.0
direct_three_qubit,0,1.0,1,84.6,101.5,1.9999607626096199,0.4501673428238911,1.9999458567160688,1,True,0.0
direct_three_qubit,0,1.0,1,84.75,101.5,1.9999607626096199,0.4501673329135959,1.999946257105011,1,True,0.0
direct_three_qubit,0,1.0,1,84.89999999999999,101.5,1.9999607626096199,0.45016732167008905,1.9999467113574572,1,True,0.0
direct_three_qubit,0,1.0,1,85.05,101.5,1.9999607626096199,0.4501673090378964,1.9999472217146357,1,True,0.0
direct_three_qubit,0,1.0,1,85.2,101.5,1.9999607626096199,0.4501672949615439,1.9999477904177734,1,True,0.0
direct_three_qubit,0,1.0,1,85.35,101.5,1.9999607626096199,0.45016727938555723,1.999948419708103,1,True,0.0
direct_three_qubit,0,1.0,1,85.5,101.5,1.9999607626096199,0.4501672622544621,1.9999491118268644,1,True,0.0
direct_three_qubit,0,1.0,1,85.64999999999999,101.5,1.9999607626096199,0.4501672435127845,1.999949869015282,1,True,0.0
direct_three_qubit,0,1.0,1,85.8,101.5,1.9999607626096199,0.45016722310505014,1.9999506935145863,1,True,0.0
direct_three_qubit,0,1.0,1,85.95,101.5,1.9999607626096199,0.4501672011612217,1.9999515800741232,1,True,0.0
direct_three_qubit,0,1.0,1,86.1,101.5,1.9999607626096199,0.4501671793029184,1.9999524631783376,1,True,0.0
direct_three_qubit,0,1.0,1,86.25,101.5,1.9999607626096199,0.4501671579777211,1.9999533247443737,1,True,0.0
direct_three_qubit,0,1.0,1,86.39999999999999,101.5,1.9999607626096199,0.450167137257384,1.999954161873272,1,True,0.0
direct_three_qubit,0,1.0,1,86.55,101.5,1.9999607626096199,0.45016711721366126,1.9999549716660647,1,True,0.0
direct_three_qubit,0,1.0,1,86.7,101.5,1.9999607626096199,0.45016709791830695,1.999955751223792,1,True,0.0
direct_three_qubit,0,1.0,1,86.85,101.5,1.9999607626096199,0.45016707944307505,1.999956497647502,1,True,0.0
direct_three_qubit,0,1.0,1,87.0,101.5,1.9999607626096199,0.4501670618597196,1.9999572080382326,1,True,0.0
direct_three_qubit,0,1.0,1,87.14999999999999,101.5,1.9999607626096199,0.45016704523999473,1.999957879497022,1,True,0.0
direct_three_qubit,0,1.0,1,87.3,101.5,1.9999607626096199,0.4501670296556545,1.999958509124909,1,True,0.0
direct_three_qubit,0,1.0,1,87.45,101.5,1.9999607626096199,0.4501670151784532,1.9999590940229344,1,True,0.0
direct_three_qubit,0,1.0,1,87.6,101.5,1.9999607626096199,0.4501670018801445,1.9999596312921422,1,True,0.0
direct_three_qubit,0,1.0,1,87.75,101.5,1.9999607626096199,0.45016698983248266,1.9999601180335693,1,True,0.0
direct_three_qubit,0,1.0,1,87.89999999999999,101.5,1.9999607626096199,0.45016697910722175,1.999960551348257,1,True,0.0
direct_three_qubit,0,1.0,1,88.05,101.5,1.9999607626096199,0.450166969776116,1.9999609283372433,1,True,0.0
direct_three_qubit,0,1.0,1,88.2,101.5,1.9999607626096199,0.45016696191091915,1.999961246101571,1,True,0.0
direct_three_qubit,0,1.0,1,88.35,101.5,1.9999607626096199,0.45016695558338543,1.999961501742284,1,True,0.0
direct_three_qubit,0,1.0,1,88.5,101.5,1.9999607626096199,0.4501669508652689,1.9999616923604162,1,True,0.0
direct_three_qubit,0,1.0,1,88.64999999999999,101.5,1.9999607626096199,0.45016694782832367,1.9999618150570124,1,True,0.0
direct_three_qubit,0,1.0,1,88.8,101.5,1.9999607626096199,0.4501669465443038,1.999961866933112,1,True,0.0
direct_three_qubit,0,1.0,1,88.95,101.5,1.9999607626096199,0.45016694708496324,1.9999618450897574,1,True,0.0
direct_three_qubit,0,1.0,1,89.1,101.5,1.9999607626096199,0.45016694952205616,1.9999617466279846,1,True,0.0
direct_three_qubit,0,1.0,1,89.25,101.5,1.9999607626096199,0.45016695392733663,1.9999615686488403,1,True,0.0
direct_three_qubit,0,1.0,1,89.39999999999999,101.5,1.9999607626096199,0.45016696037255877,1.9999613082533618,1,True,0.0
direct_three_qubit,0,1.0,1,89.55,101.5,1.9999607626096199,0.4501669689294765,1.9999609625425945,1,True,0.0
direct_three_qubit,0,1.0,1,89.7,101.5,1.9999607626096199,0.45016697966984387,1.999960528617583,1,True,0.0
direct_three_qubit,0,1.0,1,89.85,101.5,1.9999607626096199,0.45016699266541527,1.9999600035793557,1,True,0.0
direct_three_qubit,0,1.0,1,90.0,101.5,1.9999607626096199,0.4501670079879444,1.9999593845289694,1,True,0.0
direct_three_qubit,0,1.0,1,90.14999999999999,101.5,1.9999607626096199,0.45016702570918554,1.9999586685674613,1,True,0.0
direct_three_qubit,0,1.0,1,90.3,101.5,1.9999607626096199,0.4501670459008927,1.9999578527958735,1,True,0.0
direct_three_qubit,0,1.0,1,90.45,101.5,1.9999607626096199,0.45016706863481987,1.999956934315254,1,True,0.0
direct_three_qubit,0,1.0,1,90.6,101.5,1.9999607626096199,0.45016709398272114,1.9999559102266444,1,True,0.0
direct_three_qubit,0,1.0,1,90.75,101.5,1.9999607626096199,0.45016712201635073,1.9999547776310838,1,True,0.0
direct_three_qubit,0,1.0,1,90.89999999999999,101.5,1.9999607626096199,0.45016715280746245,1.99995353362963,1,True,0.0
direct_three_qubit,0,1.0,1,91.05,101.5,1.9999607626096199,0.45016718642524894,1.9999521754268086,1,True,0.0
direct_three_qubit,0,1.0,1,91.2,101.5,1.9999607626096199,0.45016722149631105,1.9999507585097624,1,True,0.0
direct_three_qubit,0,1.0,1,91.35,101.5,1.9999607626096199,0.45016725676979014,1.9999493334148248,1,True,0.0
direct_three_qubit,0,1.0,1,91.5,101.5,1.9999607626096199,0.4501672921654523,1.9999479033835472,1,True,0.0
direct_three_qubit,0,1.0,1,91.64999999999999,101.5,1.9999607626096199,0.45016732760306327,1.9999464716575022,1,True,0.0
direct_three_qubit,0,1.0,1,91.8,101.5,1.9999607626096199,0.45016736300238896,1.9999450414782554,1,True,0.0
direct_three_qubit,0,1.0,1,91.95,101.5,1.9999607626096199,0.4501673982831957,1.999943616087352,1,True,0.0
direct_three_qubit,0,1.0,1,92.1,101.5,1.9999607626096199,0.450167433365249,1.999942198726366,1,True,0.0
direct_three_qubit,0,1.0,1,92.25,101.5,1.9999607626096199,0.4501674681683149,1.9999407926368598,1,True,0.0
direct_three_qubit,0,1.0,1,92.39999999999999,101.5,1.9999607626096199,0.45016750261215965,1.9999394010603748,1,True,0.0
direct_three_qubit,0,1.0,1,92.55,101.5,1.9999607626096199,0.4501675366165488,1.9999380272384941,1,True,0.0
direct_three_qubit,0,1.0,1,92.7,101.5,1.9999607626096199,0.45016757010124836,1.999936674412769,1,True,0.0
direct_three_qubit,0,1.0,1,92.85,101.5,1.9999607626096199,0.45016760298602465,1.9999353458247495,1,True,0.0
direct_three_qubit,0,1.0,1,93.0,101.5,1.9999607626096199,0.4501676351906431,1.9999340447160123,1,True,0.0
direct_three_qubit,0,1.0,1,93.14999999999999,101.5,1.9999607626096199,0.4501676666348701,1.9999327743281032,1,True,0.0
direct_three_qubit,0,1.0,1,93.3,101.5,1.9999607626096199,0.4501676972384713,1.9999315379025944,1,True,0.0
direct_three_qubit,0,1.0,1,93.45,101.5,1.9999607626096199,0.45016772692121254,1.9999303386810434,1,True,0.0
direct_three_qubit,0,1.0,1,93.6,101.5,1.9999607626096199,0.45016775560286026,1.9999291799049919,1,True,0.0
direct_three_qubit,0,1.0,1,93.75,101.5,1.9999607626096199,0.45016778320317985,1.9999280648160256,1,True,0.0
direct_three_qubit,0,1.0,1,93.89999999999999,101.5,1.9999607626096199,0.45016780964193776,1.9999269966556787,1,True,0.0
direct_three_qubit,0,1.0,1,94.05,101.5,1.9999607626096199,0.45016783483889944,1.999925978665531,1,True,0.0
direct_three_qubit,0,1.0,1,94.2,101.5,1.9999607626096199,0.4501678587138313,1.999925014087124,1,True,0.0
direct_three_qubit,0,1.0,1,94.35,101.5,1.9999607626096199,0.450167881186499,1.9999241061620292,1,True,0.0
direct_three_qubit,0,1.0,1,94.5,101.5,1.9999607626096199,0.45016790217666836,1.9999232581318072,1,True,0.0
direct_three_qubit,0,1.0,1,94.64999999999999,101.5,1.9999607626096199,0.45016792160410574,1.999922473238004,1,True,0.0
direct_three_qubit,0,1.0,1,94.8,101.5,1.9999607626096199,0.4501679393885768,1.9999217547221855,1,True,0.0
direct_three_qubit,0,1.0,1,94.95,101.5,1.9999607626096199,0.4501679554498474,1.9999211058259176,1,True,0.0
direct_three_qubit,0,1.0,1,95.1,101.5,1.9999607626096199,0.4501679697076838,1.9999205297907456,1,True,0.0
direct_three_qubit,0,1.0,1,95.25,101.5,1.9999607626096199,0.45016798208185177,1.9999200298582354,1,True,0.0
direct_three_qubit,0,1.0,1,95.39999999999999,101.5,1.9999607626096199,0.4501679924921172,1.9999196092699516,1,True,0.0
direct_three_qubit,0,1.0,1,95.55,101.5,1.9999607626096199,0.45016800085824593,1.9999192712674512,1,True,0.0
direct_three_qubit,0,1.0,1,95.7,101.5,1.9999607626096199,0.4501680071000042,1.9999190190922855,1,True,0.0
direct_three_qubit,0,1.0,1,95.85,101.5,1.9999607626096199,0.45016801113715793,1.9999188559860164,1,True,0.0
direct_three_qubit,0,1.0,1,96.0,101.5,1.9999607626096199,0.45016801288947283,1.9999187851902134,1,True,0.0
direct_three_qubit,0,1.0,1,96.14999999999999,101.5,1.9999607626096199,0.45016801227671505,1.999918809946425,1,True,0.0
direct_three_qubit,0,1.0,1,96.3,101.5,1.9999607626096199,0.4501680097404826,1.999918912413522,1,True,0.0
direct_three_qubit,0,1.0,1,96.45,101.5,1.9999607626096199,0.45016800689090847,1.9999190275400285,1,True,0.0
direct_three_qubit,0,1.0,1,96.6,101.5,1.9999607626096199,0.45016800389319445,1.999919148651578,1,True,0.0
direct_three_qubit,0,1.0,1,96.75,101.5,1.9999607626096199,0.45016800079740693,1.999919273725427,1,True,0.0
direct_three_qubit,0,1.0,1,96.89999999999999,101.5,1.9999607626096199,0.4501679976536124,1.9999194007388217,1,True,0.0
direct_three_qubit,0,1.0,1,97.05,101.5,1.9999607626096199,0.45016799451187733,1.9999195276690107,1,True,0.0
direct_three_qubit,0,1.0,1,97.2,101.5,1.9999607626096199,0.45016799142226804,1.9999196524932508,1,True,0.0
direct_three_qubit,0,1.0,1,97.35,101.5,1.9999607626096199,0.4501679884348511,1.9999197731887866,1,True,0.0
direct_three_qubit,0,1.0,1,97.5,101.5,1.9999607626096199,0.4501679855996929,1.9999198877328699,1,True,0.0
direct_three_qubit,0,1.0,1,97.64999999999999,101.5,1.9999607626096199,0.4501679829668599,1.9999199941027548,1,True,0.0
direct_three_qubit,0,1.0,1,97.8,101.5,1.9999607626096199,0.4501679805864185,1.99992009027569,1,True,0.0
direct_three_qubit,0,1.0,1,97.95,101.5,1.9999607626096199,0.45016797850843526,1.9999201742289199,1,True,0.0
direct_three_qubit,0,1.0,1,98.1,101.5,1.9999607626096199,0.45016797678297665,1.999920243939695,1,True,0.0
direct_three_qubit,0,1.0,1,98.25,101.5,1.9999607626096199,0.450167975460109,1.9999202973852717,1,True,0.0
direct_three_qubit,0,1.0,1,98.39999999999999,101.5,1.9999607626096199,0.4501679745898988,1.9999203325428978,1,True,0.0
direct_three_qubit,0,1.0,1,98.55,101.5,1.9999607626096199,0.45016797422241256,1.9999203473898222,1,True,0.0
direct_three_qubit,0,1.0,1,98.7,101.5,1.9999607626096199,0.45016797440771666,1.999920339903293,1,True,0.0
direct_three_qubit,0,1.0,1,98.85,101.5,1.9999607626096199,0.4501679751958776,1.9999203080605659,1,True,0.0
direct_three_qubit,0,1.0,1,99.0,101.5,1.9999607626096199,0.45016797663696173,1.999920249838889,1,True,0.0
direct_three_qubit,0,1.0,1,99.14999999999999,101.5,1.9999607626096199,0.45016797878103565,1.999920163215508,1,True,0.0
direct_three_qubit,0,1.0,1,99.3,101.5,1.9999607626096199,0.4501679816781658,1.999920046167674,1,True,0.0
direct_three_qubit,0,1.0,1,99.45,101.5,1.9999607626096199,0.45016798537841846,1.999919896672649,1,True,0.0
direct_three_qubit,0,1.0,1,99.6,101.5,1.9999607626096199,0.4501679899318602,1.9999197127076687,1,True,0.0
direct_three_qubit,0,1.0,1,99.75,101.5,1.9999607626096199,0.45016799538855734,1.9999194922499952,1,True,0.0
direct_three_qubit,0,1.0,1,99.89999999999999,101.5,1.9999607626096199,0.4501680017985766,1.9999192332768692,1,True,0.0
direct_three_qubit,0,1.0,1,100.05,101.5,1.9999607626096199,0.4501680092119843,1.999918933765541,1,True,0.0
direct_three_qubit,0,1.0,1,100.2,101.5,1.9999607626096199,0.4501680176788469,1.9999185916932638,1,True,0.0
direct_three_qubit,0,1.0,1,100.35,101.5,1.9999607626096199,0.4501680272492308,1.9999182050372921,1,True,0.0
direct_three_qubit,0,1.0,1,100.5,101.5,1.9999607626096199,0.45016803797320243,1.999917771774872,1,True,0.0
direct_three_qubit,0,1.0,1,100.64999999999999,101.5,1.9999607626096199,0.45016804990082815,1.9999172898832656,1,True,0.0
direct_three_qubit,0,1.0,1,100.8,101.5,1.9999607626096199,0.45016806308217466,1.9999167573397074,1,True,0.0
direct_three_qubit,0,1.0,1,100.95,101.5,1.9999607626096199,0.4501680775673084,1.9999161721214513,1,True,0.0
direct_three_qubit,0,1.0,1,101.1,101.5,1.9999607626096199,0.45016809340629566,1.9999155322057578,1,True,0.0
direct_three_qubit,0,1.0,1,101.25,101.5,1.9999607626096199,0.45016811064920276,1.9999148355698775,1,True,0.0
direct_three_qubit,0,1.0,1,101.39999999999999,101.5,1.9999607626096199,0.4501681292361346,1.9999140846336583,1,True,0.0
direct_three_qubit,0,1.0,1,101.55,101.5,1.9999607626096199,0.45016814756815804,1.9999133439960717,1,True,0.0
direct_three_qubit,0,1.0,1,101.7,101.5,1.9999607626096199,0.450168165042079,1.9999126380269479,1,True,0.0
direct_three_qubit,0,1.0,1,101.85,101.5,1.9999607626096199,0.4501681815775406,1.999911969972804,1,True,0.0
direct_three_qubit,0,1.0,1,102.0,101.5,1.9999607626096199,0.4501681970941857,1.9999113430801778,1,True,0.0
direct_three_qubit,0,1.0,1,102.14999999999999,101.5,1.9999607626096199,0.45016821151165726,1.9999107605955972,1,True,0.0
direct_three_qubit,0,1.0,1,102.3,101.5,1.9999607626096199,0.4501682247495981,1.9999102257655872,1,True,0.0
direct_three_qubit,0,1.0,1,102.45,101.5,1.9999607626096199,0.4501682367276517,1.9999097418366651,1,True,0.0
direct_three_qubit,0,1.0,1,102.6,101.5,1.9999607626096199,0.45016824736546057,1.999909312055372,1,True,0.0
direct_three_qubit,0,1.0,1,102.75,101.5,1.9999607626096199,0.450168256582668,1.999908939668223,1,True,0.0
direct_three_qubit,0,1.0,1,102.89999999999999,101.5,1.9999607626096199,0.4501682642989168,1.9999086279217517,1,True,0.0
direct_three_qubit,0,1.0,1,103.05,101.5,1.9999607626096199,0.45016827043385,1.999908380062488,1,True,0.0
direct_three_qubit,0,1.0,1,103.2,101.5,1.9999607626096199,0.45016827490711075,1.999908199336946,1,True,0.0
direct_three_qubit,0,1.0,1,103.35,101.5,1.9999607626096199,0.45016827763834194,1.9999080889916587,1,True,0.0
direct_three_qubit,0,1.0,1,103.5,101.5,1.9999607626096199,0.45016827854718655,1.9999080522731583,1,True,0.0
direct_three_qubit,0,1.0,1,103.64999999999999,101.5,1.9999607626096199,0.45016827755328764,1.9999080924279655,1,True,0.0
direct_three_qubit,0,1.0,1,103.8,101.5,1.9999607626096199,0.4501682745762881,1.9999082127026113,1,True,0.0
direct_three_qubit,0,1.0,1,103.95,101.5,1.9999607626096199,0.45016826953583106,1.999908416343618,1,True,0.0
direct_three_qubit,0,1.0,1,104.1,101.5,1.9999607626096199,0.4501682623515595,1.9999087065975176,1,True,0.0
direct_three_qubit,0,1.0,1,104.25,101.5,1.9999607626096199,0.45016825294311624,1.9999090867108404,1,True,0.0
direct_three_qubit,0,1.0,1,104.39999999999999,101.5,1.9999607626096199,0.4501682412301444,1.9999095599301127,1,True,0.0
direct_three_qubit,0,1.0,1,104.55,101.5,1.9999607626096199,0.4501682271322869,1.9999101295018684,1,True,0.0
direct_three_qubit,0,1.0,1,104.7,101.5,1.9999607626096199,0.45016821056918693,1.999910798672623,1,True,0.0
direct_three_qubit,0,1.0,1,104.85,101.5,1.9999607626096199,0.45016819146048725,1.9999115706889177,1,True,0.0
direct_three_qubit,0,1.0,1,105.0,101.5,1.9999607626096199,0.4501681697258309,1.9999124487972826,1,True,0.0
direct_three_qubit,0,1.0,1,105.14999999999999,101.5,1.9999607626096199,0.4501681452848612,1.9999134362442335,1,True,0.0
direct_three_qubit,0,1.0,1,105.3,101.5,1.9999607626096199,0.4501681180572206,1.999914536276322,1,True,0.0
direct_three_qubit,0,1.0,1,105.45,101.5,1.9999607626096199,0.4501680879625526,1.9999157521400615,1,True,0.0
direct_three_qubit,0,1.0,1,105.6,101.5,1.9999607626096199,0.4501680549204997,1.9999170870819998,1,True,0.0
direct_three_qubit,0,1.0,1,105.75,101.5,1.9999607626096199,0.4501680188507055,1.9999185443486485,1,True,0.0
direct_three_qubit,0,1.0,1,105.89999999999999,101.5,1.9999607626096199,0.45016797967281247,1.9999201271865648,1,True,0.0
direct_three_qubit,0,1.0,1,106.05,101.5,1.9999607626096199,0.45016793730646376,1.999921838842267,1,True,0.0
direct_three_qubit,0,1.0,1,106.2,101.5,1.9999607626096199,0.45016789167130244,1.999923682562293,1,True,0.0
direct_three_qubit,0,1.0,1,106.35,101.5,1.9999607626096199,0.4501678426869715,1.9999256615931762,1,True,0.0
direct_three_qubit,0,1.0,1,106.5,101.5,1.9999607626096199,0.450167790273114,1.9999277791814514,1,True,0.0
direct_three_qubit,0,1.0,1,106.64999999999999,101.5,1.9999607626096199,0.45016773577094726,1.999929981140193,1,True,0.0
direct_three_qubit,0,1.0,1,106.8,101.5,1.9999607626096199,0.45016768096323345,1.9999321954434859,1,True,0.0
direct_three_qubit,0,1.0,1,106.95,101.5,1.9999607626096199,0.4501676259555277,1.9999344178267633,1,True,0.0
direct_three_qubit,0,1.0,1,107.1,101.5,1.9999607626096199,0.4501675708489013,1.9999366442066115,1,True,0.0
direct_three_qubit,0,1.0,1,107.25,101.5,1.9999607626096199,0.4501675157444259,1.999938870499609,1,True,0.0
direct_three_qubit,0,1.0,1,107.39999999999999,101.5,1.9999607626096199,0.4501674607431729,1.9999410926223316,1,True,0.0
direct_three_qubit,0,1.0,1,107.55,101.5,1.9999607626096199,0.45016740594621385,1.9999433064913623,1,True,0.0
direct_three_qubit,0,1.0,1,107.7,101.5,1.9999607626096199,0.45016735145462017,1.999945508023279,1,True,0.0
direct_three_qubit,0,1.0,1,107.85,101.5,1.9999607626096199,0.4501672973694635,1.9999476931346565,1,True,0.0
direct_three_qubit,0,1.0,1,108.0,101.5,1.9999607626096199,0.45016724379181516,1.9999498577420751,1,True,0.0
direct_three_qubit,0,1.0,1,108.14999999999999,101.5,1.9999607626096199,0.45016719082274687,1.9999519977621074,1,True,0.0
direct_three_qubit,0,1.0,1,108.3,101.5,1.9999607626096199,0.4501671385633299,1.999954109111337,1,True,0.0
direct_three_qubit,0,1.0,1,108.45,101.5,1.9999607626096199,0.450167087114636,1.9999561877063323,1,True,0.0
direct_three_qubit,0,1.0,1,108.6,101.5,1.9999607626096199,0.4501670365777364,1.9999582294636777,1,True,0.0
direct_three_qubit,0,1.0,1,108.75,101.5,1.9999607626096199,0.45016698705370267,1.999960230299948,1,True,0.0
direct_three_qubit,0,1.0,1,108.89999999999999,101.5,1.9999607626096199,0.4501669386436064,1.999962186131711,1,True,0.0
direct_three_qubit,0,1.0,1,109.05,101.5,1.9999607626096199,0.45016689144851907,1.999964092875552,1,True,0.0
direct_three_qubit,0,1.0,1,109.2,101.5,1.9999607626096199,0.4501668455695121,1.9999659464480415,1,True,0.0
direct_three_qubit,0,1.0,1,109.35,101.5,1.9999607626096199,0.45016680110765694,1.999967742765756,1,True,0.0
direct_three_qubit,0,1.0,1,109.5,101.5,1.9999607626096199,0.4501667581640254,1.9999694777452626,1,True,0.0
direct_three_qubit,0,1.0,1,109.64999999999999,101.5,1.9999607626096199,0.4501667168396887,1.9999711473031456,1,True,0.0
direct_three_qubit,0,1.0,1,109.8,101.5,1.9999607626096199,0.45016667723571835,1.999972747355975,1,True,0.0
direct_three_qubit,0,1.0,1,109.95,101.5,1.9999607626096199,0.4501666394531858,1.9999742738203312,1,True,0.0
direct_three_qubit,0,1.0,1,110.1,101.5,1.9999607626096199,0.4501666035931629,1.9999757226127735,1,True,0.0
direct_three_qubit,0,1.0,1,110.25,101.5,1.9999607626096199,0.45016656975672076,1.9999770896498885,1,True,0.0
direct_three_qubit,0,1.0,1,110.39999999999999,101.5,1.9999607626096199,0.45016653804493106,1.999978370848246,1,True,0.0
direct_three_qubit,0,1.0,1,110.55,101.5,1.9999607626096199,0.4501665085588652,1.9999795621244243,1,True,0.0
direct_three_qubit,0,1.0,1,110.7,101.5,1.9999607626096199,0.45016648139959464,1.9999806593949976,1,True,0.0
direct_three_qubit,0,1.0,1,110.85,101.5,1.9999607626096199,0.4501664566681912,1.9999816585765284,1,True,0.0
direct_three_qubit,0,1.0,1,111.0,101.5,1.9999607626096199,0.450166434465726,1.999982555585605,1,True,0.0
direct_three_qubit,0,1.0,1,111.14999999999999,101.5,1.9999607626096199,0.45016641489327064,1.999983346338799,1,True,0.0
direct_three_qubit,0,1.0,1,111.3,101.5,1.9999607626096199,0.45016639805189684,1.9999840267526752,1,True,0.0
direct_three_qubit,0,1.0,1,111.45,101.5,1.9999607626096199,0.45016638404267584,1.9999845927438193,1,True,0.0
direct_three_qubit,0,1.0,1,111.6,101.5,1.9999607626096199,0.4501663729666792,1.9999850402288044,1,True,0.0
direct_three_qubit,0,1.0,1,111.75,101.5,1.9999607626096199,0.45016636446380437,1.99998538375625,1,True,0.0
direct_three_qubit,0,1.0,1,111.89999999999999,101.5,1.9999607626096199,0.45016635653341436,1.999985704154545,1,True,0.0
direct_three_qubit,0,1.0,1,112.05,101.5,1.9999607626096199,0.4501663488825044,1.9999860132614806,1,True,0.0
direct_three_qubit,0,1.0,1,112.2,101.5,1.9999607626096199,0.4501663414545534,1.9999863133605773,1,True,0.0
direct_three_qubit,0,1.0,1,112.35,101.5,1.9999607626096199,0.45016633419304075,1.999986606735343,1,True,0.0
direct_three_qubit,0,1.0,1,112.5,101.5,1.9999607626096199,0.45016632704144577,1.9999868956692903,1,True,0.0
direct_three_qubit,0,1.0,1,112.64999999999999,101.5,1.9999607626096199,0.45016631994324763,1.9999871824459352,1,True,0.0
direct_three_qubit,0,1.0,1,112.8,101.5,1.9999607626096199,0.45016631284192554,1.9999874693487925,1,True,0.0
direct_three_qubit,0,1.0,1,112.95,101.5,1.9999607626096199,0.45016630568095867,1.9999877586613792,1,True,0.0
direct_three_qubit,0,1.0,1,113.1,101.5,1.9999607626096199,0.4501662984038265,1.9999880526671998,1,True,0.0
direct_three_qubit,0,1.0,1,113.25,101.5,1.9999607626096199,0.45016629095400823,1.999988353649766,1,True,0.0
direct_three_qubit,0,1.0,1,113.39999999999999,101.5,1.9999607626096199,0.45016628327498287,1.9999886638926092,1,True,0.0
direct_three_qubit,0,1.0,1,113.55,101.5,1.9999607626096199,0.45016627531022974,1.9999889856792326,1,True,0.0
direct_three_qubit,0,1.0,1,113.7,101.5,1.9999607626096199,0.4501662670032282,1.999989321293149,1,True,0.0
direct_three_qubit,0,1.0,1,113.85,101.5,1.9999607626096199,0.45016625829745743,1.999989673017874,1,True,0.0
direct_three_qubit,0,1.0,1,114.0,101.5,1.9999607626096199,0.45016624913639647,1.9999900431369317,1,True,0.0
direct_three_qubit,0,1.0,1,114.14999999999999,101.5,1.9999607626096199,0.450166239463525,1.9999904339338137,1,True,0.0
direct_three_qubit,0,1.0,1,114.3,101.5,1.9999607626096199,0.45016622922232197,1.9999908476920525,1,True,0.0
direct_three_qubit,0,1.0,1,114.45,101.5,1.9999607626096199,0.4501662183562665,1.9999912866951615,1,True,0.0
direct_three_qubit,0,1.0,1,114.6,101.5,1.9999607626096199,0.45016620680883807,1.9999917532266476,1,True,0.0
direct_three_qubit,0,1.0,1,114.75,101.5,1.9999607626096199,0.4501661945235157,1.9999922495700353,1,True,0.0
direct_three_qubit,0,1.0,1,114.89999999999999,101.5,1.9999607626096199,0.45016618144377896,1.9999927780088227,1,True,0.0
direct_three_qubit,0,1.0,1,115.05,101.5,1.9999607626096199,0.4501661675131068,1.9999933408265385,1,True,0.0
direct_three_qubit,0,1.0,1,115.19999999999999,101.5,1.9999607626096199,0.4501661526749784,1.9999939403066986,1,True,0.0
direct_three_qubit,0,1.0,1,115.35,101.5,1.9999607626096199,0.4501661368728733,1.9999945787328037,1,True,0.0
direct_three_qubit,0,1.0,1,115.5,101.5,1.9999607626096199,0.45016612005027057,1.999995258388382,1,True,0.0
direct_three_qubit,0,1.0,1,115.64999999999999,101.5,1.9999607626096199,0.45016610215064934,1.9999959815569457,1,True,0.0
direct_three_qubit,0,1.0,1,115.8,101.5,1.9999607626096199,0.4501660831174891,1.9999967505219995,1,True,0.0
direct_three_qubit,0,1.0,1,115.94999999999999,101.5,1.9999607626096199,0.4501660628942689,1.9999975675670736,1,True,0.0
direct_three_qubit,0,1.0,1,116.1,101.5,1.9999607626096199,0.4501660414244679,1.9999984349756816,1,True,0.0
direct_three_qubit,0,1.0,1,116.25,101.5,1.9999607626096199,0.45016601865156575,1.999999355031326,1,True,0.0
direct_three_qubit,0,1.0,1,116.39999999999999,101.5,1.9999607626096199,0.45016599451904116,2.0000003300175355,1,True,0.0
direct_three_qubit,0,1.0,1,116.55,101.5,1.9999607626096199,0.4501659689703738,2.0000013622178145,1,True,0.0
direct_three_qubit,0,1.0,1,116.69999999999999,101.5,1.9999607626096199,0.4501659419490425,2.000002453915698,1,True,0.0
direct_three_qubit,0,1.0,1,116.85,101.5,1.9999607626096199,0.45016591345794266,2.000003604994206,1,True,0.0
direct_three_qubit,0,1.0,1,117.0,101.5,1.9999607626096199,0.4501658852055833,2.0000047464272903,1,True,0.0
direct_three_qubit,0,1.0,1,117.14999999999999,101.5,1.9999607626096199,0.4501658580677442,2.000005842832283,1,True,0.0
direct_three_qubit,0,1.0,1,117.3,101.5,1.9999607626096199,0.45016583213774863,2.0000068904387867,1,True,0.0
direct_three_qubit,0,1.0,1,117.44999999999999,101.5,1.9999607626096199,0.4501658075089208,2.000007885476388,1,True,0.0
direct_three_qubit,0,1.0,1,117.6,101.5,1.9999607626096199,0.4501657842745842,2.0000088241746847,1,True,0.0
direct_three_qubit,0,1.0,1,117.75,101.5,1.9999607626096199,0.45016576252806284,2.0000097027632626,1,True,0.0
direct_three_qubit,0,1.0,1,117.89999999999999,101.5,1.9999607626096199,0.4501657423626802,2.0000105174717273,1,True,0.0
direct_three_qubit,0,1.0,1,118.05,101.5,1.9999607626096199,0.4501657238717604,2.000011264529654,1,True,0.0
direct_three_qubit,0,1.0,1,118.19999999999999,101.5,1.9999607626096199,0.450165707148627,2.000011940166648,1,True,0.0
direct_three_qubit,0,1.0,1,118.35,101.5,1.9999607626096199,0.45016569228660375,2.0000125406123055,1,True,0.0
direct_three_qubit,0,1.0,1,118.5,101.5,1.9999607626096199,0.4501656793790147,2.0000130620962007,1,True,0.0
direct_three_qubit,0,1.0,1,118.64999999999999,101.5,1.9999607626096199,0.45016566851918327,2.000013500847949,1,True,0.0
direct_three_qubit,0,1.0,1,118.8,101.5,1.9999607626096199,0.4501656598004334,2.0000138530971334,1,True,0.0
direct_three_qubit,0,1.0,1,118.94999999999999,101.5,1.9999607626096199,0.450165653316089,2.000014115073341,1,True,0.0
direct_three_qubit,0,1.0,1,119.1,101.5,1.9999607626096199,0.45016564915947355,2.000014283006178,1,True,0.0
direct_three_qubit,0,1.0,1,119.25,101.5,1.9999607626096199,0.4501656474239111,2.0000143531252292,1,True,0.0
direct_three_qubit,0,1.0,1,119.39999999999999,101.5,1.9999607626096199,0.45016564820272525,2.000014321660092,1,True,0.0
direct_three_qubit,0,1.0,1,119.55,101.5,1.9999607626096199,0.45016565158924005,2.000014184840352,1,True,0.0
direct_three_qubit,0,1.0,1,119.69999999999999,101.5,1.9999607626096199,0.4501656576767789,2.000013938895619,1,True,0.0
direct_three_qubit,0,1.0,1,119.85,101.5,1.9999607626096199,0.4501656665586657,2.0000135800554855,1,True,0.0
direct_three_qubit,0,1.0,1,120.0,101.5,1.9999607626096199,0.4501656783282244,2.0000131045495375,1,True,0.0
floquet_buffered_three_qubit,0,1.0,1,0.0,101.5,1.9999607626096199,0.4625701546562504,1.5000000000000013,1,True,0.0
floquet_buffered_three_qubit,0,1.0,1,0.15,101.5,1.9999607626096199,0.462349561599344,1.5088737441541313,1,True,-3.7709873003539857e-07
floquet_buffered_three_qubit,0,1.0,1,0.3,101.5,1.9999607626096199,0.4621342226201112,1.5175367057213476,1,True,-2.963365104544647e-06
floquet_buffered_three_qubit,0,1.0,1,0.44999999999999996,101.5,1.9999607626096199,0.4619240265183439,1.5259933204812615,1,True,-9.70862103507808e-06
floquet_buffered_three_qubit,0,1.0,1,0.6,101.5,1.9999607626096199,0.46171886336404566,1.5342479747763575,1,True,-2.207007848197994e-05
floquet_buffered_three_qubit,0,1.0,1,0.75,101.5,1.9999607626096199,0.4615186244429544,1.5423050076617952,1,True,-4.082624324393753e-05
floquet_buffered_three_qubit,0,1.0,1,0.8999999999999999,101.5,1.9999607626096199,0.4613232022780966,1.5501687099959354,1,True,-6.596067056753668e-05
floquet_buffered_three_qubit,0,1.0,1,1.05,101.5,1.9999607626096199,0.4611324906545632,1.5578433234005362,1,True,-9.662566685578377e-05
floquet_buffered_three_qubit,0,1.0,1,1.2,101.5,1.9999607626096199,0.4609463846415591,1.5653330393300364,1,True,-0.0001311895030698666
floquet_buffered_three_qubit,0,1.0,1,1.3499999999999999,101.5,1.9999607626096199,0.46076478060869935,1.5726419983720155,1,True,-0.00016736253896114576
floquet_buffered_three_qubit,0,1.0,1,1.5,101.5,1.9999607626096199,0.4605875762376321,1.5797742897354823,1,True,-0.0002023908413485399
floquet_buffered_three_qubit,0,1.0,1,1.65,101.5,1.9999607626096199,0.460414670531301,1.5867339508341716,1,True,-0.000233300626907216
floquet_buffered_three_qubit,0,1.0,1,1.7999999999999998,101.5,1.9999607626096199,0.4602459638104029,1.593524967385342,1,True,-0.00025717311707772834
floquet_buffered_three_qubit,0,1.0,1,1.95,101.5,1.9999607626096199,0.4600813577191631,1.6001512731338314,1,True,-0.00027142633443605915
floquet_buffered_three_qubit,0,1.0,1,2.1,101.5,1.9999607626096199,0.45992075523189524,1.6066167495448287,1,True,-0.00027408004018818384
floquet_buffered_three_qubit,0,1.0,1,2.25,101.5,1.9999607626096199,0.45976406066439246,1.6129252253024542,1,True,-0.000263979633944268
floquet_buffered_three_qubit,0,1.0,1,2.4,101.5,1.9999607626096199,0.4596111796927988,1.6190804755075763,1,True,-0.0002409566176041531
floquet_buffered_three_qubit,0,1.0,1,2.55,101.5,1.9999607626096199,0.45946201938103753,1.6250862205313987,1,True,-0.0002059069486404229
floquet_buffered_three_qubit,0,1.0,1,2.6999999999999997,101.5,1.9999607626096199,0.4593164882165319,1.630946124535464,1,True,-0.00016077459870816985
floquet_buffered_three_qubit,0,1.0,1,2.85,101.5,1.9999607626096199,0.4591744961544705,1.6366637936478894,1,True,-0.00010843591177825236
floquet_buffered_three_qubit,0,1.0,1,3.0,101.5,1.9999607626096199,0.4590359546648928,1.6422427740262437,1,True,-5.2489966513197375e-05
floquet_buffered_three_qubit,0,1.0,1,3.15,101.5,1.9999607626096199,0.45890077676976804,1.647686550323772,1,True,3.029192087385588e-06
floquet_buffered_three_qubit,0,1.0,1,3.3,101.5,1.9999607626096199,0.45876887708400593,1.6529985439977057,1,True,5.3992354124041784e-05
floquet_buffered_three_qubit,0,1.0,1,3.4499999999999997,101.5,1.9999607626096199,0.458640171841605,1.658182112216652,1,True,9.653526030939483e-05
floquet_buffered_three_qubit,0,1.0,1,3.5999999999999996,101.5,1.9999607626096199,0.45851457890549996,1.6632405474252356,1,True,0.00012740344728536806
floquet_buffered_three_qubit,0,1.0,1,3.75,101.5,1.9999607626096199,0.458392017758161,1.6681770776848974,1,True,0.00014424765061448526
floquet_buffered_three_qubit,0,1.0,1,3.9,101.5,1.9999607626096199,0.45827240947175,1.6729948678392388,1,True,0.0001458410416846366
floquet_buffered_three_qubit,0,1.0,1,4.05,101.5,1.9999607626096199,0.4581556766588876,1.6776970214616667,1,True,0.00013219819128340205
floquet_buffered_three_qubit,0,1.0,1,4.2,101.5,1.9999607626096199,0.4580417434104306,1.6822865833277407,1,True,0.00010458609568554264
floquet_buffered_three_qubit,0,1.0,1,4.35,101.5,1.9999607626096199,0.45793053521675875,1.6867665425533709,1,True,6.542746934163902e-05
floquet_buffered_three_qubit,0,1.0,1,4.5,101.5,1.9999607626096199,0.4578219788849061,1.691139835902054,1,True,1.810660781280719e-05
floquet_buffered_three_qubit,0,1.0,1,4.6499999999999995,101.5,1.9999607626096199,0.45771600246672367,1.6954093506492565,1,True,-3.330453349068298e-05
floquet_buffered_three_qubit,0,1.0,1,4.8,101.5,1.9999607626096199,0.45761253519670675,1.6995779270589022,1,True,-8.437793152791731e-05
floquet_buffered_three_qubit,0,1.0,1,4.95,101.5,1.9999607626096199,0.45751150744990915,1.7036483600518226,1,True,-0.00013069264965183907
floquet_buffered_three_qubit,0,1.0,1,5.1,101.5,1.9999607626096199,0.4574128507259608,1.7076233998236008,1,True,-0.00016820170084831104
floquet_buffered_three_qubit,0,1.0,1,5.25,101.5,1.9999607626096199,0.457316497663007,1.711505751257612,1,True,-0.00019357414030633015
floquet_buffered_three_qubit,0,1.0,1,5.3999999999999995,101.5,1.9999607626096199,0.457222382082714,1.7152980720869326,1,True,-0.00020448456227940422
floquet_buffered_three_qubit,0,1.0,1,5.55,101.5,1.9999607626096199,0.4571304390679945,1.7190029697380882,1,True,-0.00019982461893686105
floquet_buffered_three_qubit,0,1.0,1,5.7,101.5,1.9999607626096199,0.45704060505544014,1.7226229975824026,1,True,-0.00017981464817707656
floquet_buffered_three_qubit,0,1.0,1,5.85,101.5,1.9999607626096199,0.4569528179456701,1.726160650465384,1,True,-0.00014600165433126526
floquet_buffered_three_qubit,0,1.0,1,6.0,101.5,1.9999607626096199,0.4568670172189556,1.7296183600235508,1,True,-0.00010113882584258363
floquet_buffered_three_qubit,0,1.0,1,6.1499999999999995,101.5,1.9999607626096199,0.4567831440398125,1.7329984904458267,1,True,-4.895284394047447e-05
floquet_buffered_three_qubit,0,1.0,1,6.3,101.5,1.9999607626096199,0.4567011413392805,1.7363033351343717,1,True,6.182458509895409e-06
floquet_buffered_three_qubit,0,1.0,1,6.45,101.5,1.9999607626096199,0.45662095386346213,1.7395351147255693,1,True,5.9636654272215354e-05
floquet_buffered_three_qubit,0,1.0,1,6.6,101.5,1.9999607626096199,0.45654252817968455,1.7426959768195274,1,True,0.00010694002703075779
floquet_buffered_three_qubit,0,1.0,1,6.75,101.5,1.9999607626096199,0.4564658126363151,1.7457879975784414,1,True,0.00014418653132652914
floquet_buffered_three_qubit,0,1.0,1,6.8999999999999995,101.5,1.9999607626096199,0.4563907572787847,1.7488131850911348,1,True,0.00016838290654656236
floquet_buffered_three_qubit,0,1.0,1,7.05,101.5,1.9999607626096199,0.4563173137104031,1.7517734849642568,1,True,0.00017770964997637756
floquet_buffered_three_qubit,0,1.0,1,7.199999999999999,101.5,1.9999607626096199,0.4562454349332153,1.754670786719579,1,True,0.00017167145277027134
floquet_buffered_three_qubit,0,1.0,1,7.35,101.5,1.9999607626096199,0.45617507516857836,1.7575069310103713,1,True,0.00015112550212298504
floquet_buffered_three_qubit,0,1.0,1,7.5,101.5,1.9999607626096199,0.456106189673487,1.7602837170108505,1,True,0.00011818829616764344
floquet_buffered_three_qubit,0,1.0,1,7.6499999999999995,101.5,1.9999607626096199,0.45603873457013183,1.7630029092737765,1,True,7.603256469635945e-05
floquet_buffered_three_qubit,0,1.0,1,7.8,101.5,1.9999607626096199,0.4559726667043733,1.7656662434238042,1,True,2.859442526588543e-05
floquet_buffered_three_qubit,0,1.0,1,7.949999999999999,101.5,1.9999607626096199,0.45590794354664566,1.7682754301415884,1,True,-1.9783037667727478e-05
floquet_buffered_three_qubit,0,1.0,1,8.1,101.5,1.9999607626096199,0.4558445231460215,1.7708321570055914,1,True,-6.473986399027775e-05
floquet_buffered_three_qubit,0,1.0,1,8.25,101.5,1.9999607626096199,0.45578236414358947,1.7733380879433076,1,True,-0.00010229129805903625
floquet_buffered_three_qubit,0,1.0,1,8.4,101.5,1.9999607626096199,0.4557214258410131,1.775794860457991,1,True,-0.00012918939658392291
floquet_buffered_three_qubit,0,1.0,1,8.549999999999999,101.5,1.9999607626096199,0.4556616683266659,1.7782040805340906,1,True,-0.00014322384568438504
floquet_buffered_three_qubit,0,1.0,1,8.7,101.5,1.9999607626096199,0.45560305264403883,1.7805673158379793,1,True,-0.00014343448776877563
floquet_buffered_three_qubit,0,1.0,1,8.85,101.5,1.9999607626096199,0.4555455409882515,1.7828860877851604,1,True,-0.00013021366718530606
floquet_buffered_three_qubit,0,1.0,1,9.0,101.5,1.9999607626096199,0.4554890969117935,1.7851618632346395,1,True,-0.00010528478893177197
floquet_buffered_three_qubit,0,1.0,1,9.15,101.5,1.9999607626096199,0.4554336855182673,1.7873960466665786,1,True,-7.155425567434194e-05
floquet_buffered_three_qubit,0,1.0,1,9.299999999999999,101.5,1.9999607626096199,0.45537927362270064,1.7895899737073313,1,True,-3.284646749429841e-05
floquet_buffered_three_qubit,0,1.0,1,9.45,101.5,1.9999607626096199,0.45532582986231446,1.7917449066519886,1,True,6.4556217086626636e-06
floquet_buffered_three_qubit,0,1.0,1,9.6,101.5,1.9999607626096199,0.4552733247351145,1.7938620328971326,1,True,4.1830889606419404e-05
floquet_buffered_three_qubit,0,1.0,1,9.75,101.5,1.9999607626096199,0.45522173055430337,1.7959424667683501,1,True,6.905930714918445e-05
floquet_buffered_three_qubit,0,1.0,1,9.9,101.5,1.9999607626096199,0.45517102133652093,1.7979872540166533,1,True,8.463597001747095e-05
floquet_buffered_three_qubit,0,1.0,1,10.049999999999999,101.5,1.9999607626096199,0.4551211726147016,1.7999973793556505,1,True,8.611870456154546e-05
floquet_buffered_three_qubit,0,1.0,1,10.2,101.5,1.9999607626096199,0.4550721611932336,1.8019737763265564,1,True,7.237540994766397e-05
floquet_buffered_three_qubit,0,1.0,1,10.35,101.5,1.9999607626096199,0.4550239648650697,1.8039173386989842,1,True,4.3708797024950795e-05
floquet_buffered_three_qubit,0,1.0,1,10.5,101.5,1.9999607626096199,0.4549765621142298,1.8058289324622128,1,True,1.8492760337565844e-06
floquet_buffered_three_qubit,0,1.0,1,10.65,101.5,1.9999607626096199,0.45492993182868197,1.807709407399414,1,True,-5.0180396189880264e-05
floquet_buffered_three_qubit,0,1.0,1,10.799999999999999,101.5,1.9999607626096199,0.45488405304744645,1.809559607282978,1,True,-0.00010831394611772018
floquet_buffered_three_qubit,0,1.0,1,10.95,101.5,1.9999607626096199,0.45483890476328215,1.8113803778294513,1,True,-0.00016778106593770943
floquet_buffered_three_qubit,0,1.0,1,11.1,101.5,1.9999607626096199,0.45479446580044663,1.813172571627537,1,True,-0.00022350801688395306
floquet_buffered_three_qubit,0,1.0,1,11.25,101.5,1.9999607626096199,0.4547507147758594,1.814937049703003,1,True,-0.0002705469937613735
floquet_buffered_three_qubit,0,1.0,1,11.4,101.5,1.9999607626096199,0.45470763013773013,1.8166746799594928,1,True,-0.00030450109430576523
floquet_buffered_three_qubit,0,1.0,1,11.549999999999999,101.5,1.9999607626096199,0.45466519027949664,1.8183863325818657,1,True,-0.00032191316230586727
floquet_buffered_three_qubit,0,1.0,1,11.7,101.5,1.9999607626096199,0.4546233737974131,1.8200728696454145,1,True,-0.0003205825566294218
floquet_buffered_three_qubit,0,1.0,1,11.85,101.5,1.9999607626096199,0.45458215968500293,1.8217351372706174,1,True,-0.0002997831436558491
floquet_buffered_three_qubit,0,1.0,1,12.0,101.5,1.9999607626096199,0.4545415276563754,1.823373952579769,1,True,-0.0002603611828349759
floquet_buffered_three_qubit,0,1.0,1,12.15,101.5,1.9999607626096199,0.4545014584151844,1.8249900928450071,1,True,-0.00020469812191752052
floquet_buffered_three_qubit,0,1.0,1,12.299999999999999,101.5,1.9999607626096199,0.454461933935064,1.8265842841726483,1,True,-0.00013653654429586666
floquet_buffered_three_qubit,0,1.0,1,12.45,101.5,1.9999607626096199,0.45442293766105135,1.8281571933736678,1,True,-6.067985786952858e-05
floquet_buffered_three_qubit,0,1.0,1,12.6,101.5,1.9999607626096199,0.4543844546600058,1.829709421890963,1,True,1.7408895019071318e-05
floquet_buffered_three_qubit,0,1.0,1,12.75,101.5,1.9999607626096199,0.4543464716967718,1.8312415027215152,1,True,9.207408353746938e-05
floquet_buffered_three_qubit,0,1.0,1,12.9,101.5,1.9999607626096199,0.4543089771522718,1.832753903714526,1,True,0.00015795504018484247
floquet_buffered_three_qubit,0,1.0,1,13.049999999999999,101.5,1.9999607626096199,0.4542719608909073,1.8342470329148115,1,True,0.0002104460929751163
floquet_buffered_three_qubit,0,1.0,1,13.2,101.5,1.9999607626096199,0.45423541402863704,1.835721247913287,1,True,0.0002460854308446824
floquet_buffered_three_qubit,0,1.0,1,13.35,101.5,1.9999607626096199,0.4541993286443137,1.8371768674871907,1,True,0.0002628370033534327
floquet_buffered_three_qubit,0,1.0,1,13.5,101.5,1.9999607626096199,0.4541636973926454,1.838614187209763,1,True,0.0002602383955584199
floquet_buffered_three_qubit,0,1.0,1,13.65,101.5,1.9999607626096199,0.4541285132414509,1.8400334900472426,1,True,0.000239412004877489
floquet_buffered_three_qubit,0,1.0,1,13.799999999999999,101.5,1.9999607626096199,0.4540937690711333,1.8414350625149103,1,True,0.00020293556860400961
floquet_buffered_three_qubit,0,1.0,1,13.95,101.5,1.9999607626096199,0.4540594574555726,1.842819203515802,1,True,0.00015459234075717654
floquet_buffered_three_qubit,0,1.0,1,14.1,101.5,1.9999607626096199,0.4540255704154599,1.8441862342918482,1,True,9.90229524587063e-05
floquet_buffered_three_qubit,0,1.0,1,14.25,101.5,1.9999607626096199,0.4539920993120933,1.8455365027093091,1,True,4.131196714329572e-05
floquet_buffered_three_qubit,0,1.0,1,14.399999999999999,101.5,1.9999607626096199,0.45395903478829275,1.8468703856435489,1,True,-1.3459969151118305e-05
floquet_buffered_three_qubit,0,1.0,1,14.549999999999999,101.5,1.9999607626096199,0.4539263670146548,1.8481882790458075,1,True,-6.0656277398765616e-05
floquet_buffered_three_qubit,0,1.0,1,14.7,101.5,1.9999607626096199,0.4538940857480953,1.849490595582029,1,True,-9.648935444547275e-05
floquet_buffered_three_qubit,0,1.0,1,14.85,101.5,1.9999607626096199,0.4538621803546307,1.8507777637142768,1,True,-0.00011835327871584361
floquet_buffered_three_qubit,0,1.0,1,15.0,101.5,1.9999607626096199,0.4538306405098098,1.852050199442915,1,True,-0.0001250509977091307
floquet_buffered_three_qubit,0,1.0,1,15.149999999999999,101.5,1.9999607626096199,0.4537994563548759,1.8533083000050568,1,True,-0.00011690021270639583
floquet_buffered_three_qubit,0,1.0,1,15.299999999999999,101.5,1.9999607626096199,0.4537686187327711,1.8545524343514324,1,True,-9.570049705950373e-05
floquet_buffered_three_qubit,0,1.0,1,15.45,101.5,1.9999607626096199,0.4537381196375944,1.8557829250107245,1,True,-6.455734460639493e-05
floquet_buffered_three_qubit,0,1.0,1,15.6,101.5,1.9999607626096199,0.45370795237714984,1.8570000415284122,1,True,-2.758356510306775e-05
floquet_buffered_three_qubit,0,1.0,1,15.75,101.5,1.9999607626096199,0.4536781117079339,1.8582039950171958,1,True,1.0502381209685867e-05
floquet_buffered_three_qubit,0,1.0,1,15.899999999999999,101.5,1.9999607626096199,0.4536485938435058,1.8593949378157586,1,True,4.4841494746430185e-05
floquet_buffered_three_qubit,0,1.0,1,16.05,101.5,1.9999607626096199,0.4536193963987563,1.8605729657339578,1,True,7.091384675234542e-05
floquet_buffered_three_qubit,0,1.0,1,16.2,101.5,1.9999607626096199,0.45359051821744223,1.8617381250081426,1,True,8.498742864433681e-05
floquet_buffered_three_qubit,0,1.0,1,16.349999999999998,101.5,1.9999607626096199,0.45356195905896535,1.8628904249362928,1,True,8.448838264586418e-05
floquet_buffered_three_qubit,0,1.0,1,16.5,101.5,1.9999607626096199,0.4535337192873478,1.8640298504253794,1,True,6.826021756743457e-05
floquet_buffered_three_qubit,0,1.0,1,16.65,101.5,1.9999607626096199,0.4535057994909104,1.8651563773356579,1,True,3.668738658631409e-05
floquet_buffered_three_qubit,0,1.0,1,16.8,101.5,1.9999607626096199,0.45347820008920275,1.8662699883403144,1,True,-8.325972218596323e-06
floquet_buffered_three_qubit,0,1.0,1,16.95,101.5,1.9999607626096199,0.45345092100706985,1.8673706860771917,1,True,-6.351303257002937e-05
floquet_buffered_three_qubit,0,1.0,1,17.099999999999998,101.5,1.9999607626096199,0.45342396137089486,1.8684585054064728,1,True,-0.00012452347402469162
floquet_buffered_three_qubit,0,1.0,1,17.25,101.5,1.9999607626096199,0.45339731930890875,1.8695335214699116,1,True,-0.00018629587758813314
floquet_buffered_three_qubit,0,1.0,1,17.4,101.5,1.9999607626096199,0.4533709918303023,1.870595854570757,1,True,-0.0002434920040993001
floquet_buffered_three_qubit,0,1.0,1,17.55,101.5,1.9999607626096199,0.4533449748830484,1.871645667842674,1,True,-0.0002909590288607373
floquet_buffered_three_qubit,0,1.0,1,17.7,101.5,1.9999607626096199,0.45331926356541985,1.8726831587166008,1,True,-0.00032418062528341535
floquet_buffered_three_qubit,0,1.0,1,17.849999999999998,101.5,1.9999607626096199,0.45329385197868716,1.8737085648661558,1,True,-0.00033968143168117663
floquet_buffered_three_qubit,0,1.0,1,18.0,101.5,1.9999607626096199,0.45326873371704335,1.8747221444396696,1,True,-0.00033535336096976334
floquet_buffered_three_qubit,0,1.0,1,18.15,101.5,1.9999607626096199,0.4532439024049941,1.8757241543756722,1,True,-0.0003106722240826629
floquet_buffered_three_qubit,0,1.0,1,18.3,101.5,1.9999607626096199,0.45321935178809947,1.8767148467408405,1,True,-0.0002667814920966756
floquet_buffered_three_qubit,0,1.0,1,18.45,101.5,1.9999607626096199,0.45319507617337995,1.8776944509575546,1,True,-0.00020643013316218122
floquet_buffered_three_qubit,0,1.0,1,18.599999999999998,101.5,1.9999607626096199,0.4531710707650895,1.8786631602528563,1,True,-0.00013376743034068837
floquet_buffered_three_qubit,0,1.0,1,18.75,101.5,1.9999607626096199,0.4531473318671092,1.8796211234891447,1,True,-5.4006618389630156e-05
floquet_buffered_three_qubit,0,1.0,1,18.9,101.5,1.9999607626096199,0.4531238570689238,1.8805684376569856,1,True,2.7016620765312208e-05
floquet_buffered_three_qubit,0,1.0,1,19.05,101.5,1.9999607626096199,0.45310064531302735,1.881505145152564,1,True,0.00010334599212794286
floquet_buffered_three_qubit,0,1.0,1,19.2,101.5,1.9999607626096199,0.4530776967447779,1.8824312398343885,1,True,0.00016942059440202282
floquet_buffered_three_qubit,0,1.0,1,19.349999999999998,101.5,1.9999607626096199,0.45305501257777014,1.8833466724541603,1,True,0.000220554310175066
floquet_buffered_three_qubit,0,1.0,1,19.5,101.5,1.9999607626096199,0.4530325948347896,1.8842513611090397,1,True,0.000253333567774513
floquet_buffered_three_qubit,0,1.0,1,19.65,101.5,1.9999607626096199,0.4530104459796576,1.8851452060977454,1,True,0.0002658941540243075
floquet_buffered_three_qubit,0,1.0,1,19.8,101.5,1.9999607626096199,0.4529885685673914,1.8860281040383147,1,True,0.0002580576987938052
floquet_buffered_three_qubit,0,1.0,1,19.95,101.5,1.9999607626096199,0.45296696487389354,1.8868999628127114,1,True,0.00023131765197104647
floquet_buffered_three_qubit,0,1.0,1,20.099999999999998,101.5,1.9999607626096199,0.45294563654781145,1.8877607156174572,1,True,0.00018868040832238468
floquet_buffered_three_qubit,0,1.0,1,20.25,101.5,1.9999607626096199,0.4529245843531931,1.888610331350576,1,True,0.00013438261343315727
floquet_buffered_three_qubit,0,1.0,1,20.4,101.5,1.9999607626096199,0.45290380794392515,1.8894488237163034,1,True,7.35086174871273e-05
floquet_buffered_three_qubit,0,1.0,1,20.55,101.5,1.9999607626096199,0.45288330577182734,1.8902762549360597,1,True,1.154406944810995e-05
floquet_buffered_three_qubit,0,1.0,1,20.7,101.5,1.9999607626096199,0.45286307531139125,1.8910927266801303,1,True,-4.609693090740664e-05
floquet_buffered_three_qubit,0,1.0,1,20.849999999999998,101.5,1.9999607626096199,0.45284311291218016,1.8918983860261098,1,True,-9.454064961819349e-05
floquet_buffered_three_qubit,0,1.0,1,21.0,101.5,1.9999607626096199,0.45282341387045816,1.8926934225696053,1,True,-0.0001298739993079409
floquet_buffered_three_qubit,0,1.0,1,21.15,101.5,1.9999607626096199,0.45280397319541543,1.893478037501129,1,True,-0.0001494802608441179
floquet_buffered_three_qubit,0,1.0,1,21.3,101.5,1.9999607626096199,0.4527847856705438,1.8942524411292427,1,True,-0.00015226867817044203
floquet_buffered_three_qubit,0,1.0,1,21.45,101.5,1.9999607626096199,0.4527658461864939,1.8950168394465179,1,True,-0.0001387685806252402
floquet_buffered_three_qubit,0,1.0,1,21.599999999999998,101.5,1.9999607626096199,0.4527471501888261,1.8957714160577517,1,True,-0.00011107652187833717
floquet_buffered_three_qubit,0,1.0,1,21.75,101.5,1.9999607626096199,0.4527286938988577,1.8965163232654505,1,True,-7.265681956676365e-05
floquet_buffered_three_qubit,0,1.0,1,21.9,101.5,1.9999607626096199,0.45271047457672614,1.8972516714510683,1,True,-2.8011791564499433e-05
floquet_buffered_three_qubit,0,1.0,1,22.05,101.5,1.9999607626096199,0.45269249070339196,1.8979775217275585,1,True,1.775126264322456e-05
floquet_buffered_three_qubit,0,1.0,1,22.2,101.5,1.9999607626096199,0.45267474194072677,1.8986938875485329,1,True,5.941356876248915e-05
floquet_buffered_three_qubit,0,1.0,1,22.349999999999998,101.5,1.9999607626096199,0.45265722907584455,1.8994007369535066,1,True,9.215024277534066e-05
floquet_buffered_three_qubit,0,1.0,1,22.5,101.5,1.9999607626096199,0.4526399538210001,1.900098000642916,1,True,0.00011199639302624049
floquet_buffered_three_qubit,0,1.0,1,22.65,101.5,1.9999607626096199,0.45262291853969916,1.9007855830317761,1,True,0.00011622809165809154
floquet_buffered_three_qubit,0,1.0,1,22.8,101.5,1.9999607626096199,0.45260612592715327,1.901463375146612,1,True,0.00010362351024619071
floquet_buffered_three_qubit,0,1.0,1,22.95,101.5,1.9999607626096199,0.4525895786176699,1.9021312704719722,1,True,7.457900057370411e-05
floquet_buffered_three_qubit,0,1.0,1,23.099999999999998,101.5,1.9999607626096199,0.45257327884005194,1.9027891788597964,1,True,3.1076501821429285e-05
floquet_buffered_three_qubit,0,1.0,1,23.25,101.5,1.9999607626096199,0.4525572280921056,1.903437039667975,1,True,-2.3491865495837287e-05
floquet_buffered_three_qubit,0,1.0,1,23.4,101.5,1.9999607626096199,0.4525414268642632,1.9040748329169273,1,True,-8.46234554525557e-05
floquet_buffered_three_qubit,0,1.0,1,23.55,101.5,1.9999607626096199,0.45252587448648224,1.9047025854706252,1,True,-0.00014709807903569446
floquet_buffered_three_qubit,0,1.0,1,23.7,101.5,1.9999607626096199,0.45251056903423914,1.9053203748324687,1,True,-0.0002054333924021514
floquet_buffered_three_qubit,0,1.0,1,23.849999999999998,101.5,1.9999607626096199,0.4524955073502543,1.9059283282698147,1,True,-0.0002543630122335752
floquet_buffered_three_qubit,0,1.0,1,24.0,101.5,1.9999607626096199,0.4524806852073032,1.9065266162435097,1,True,-0.0002893002988479232
floquet_buffered_three_qubit,0,1.0,1,24.15,101.5,1.9999607626096199,0.4524660975021179,1.9071154445821996,1,True,-0.0003067512175428544
floquet_buffered_three_qubit,0,1.0,1,24.3,101.5,1.9999607626096199,0.4524517385515822,1.907695042527226,1,True,-0.0003046397352623979
floquet_buffered_three_qubit,0,1.0,1,24.45,101.5,1.9999607626096199,0.4524376024608513,1.9082656478738396,1,True,-0.00028251827499290464
floquet_buffered_three_qubit,0,1.0,1,24.599999999999998,101.5,1.9999607626096199,0.4524236834587812,1.90882749343147,1,True,-0.00024163860005929456
floquet_buffered_three_qubit,0,1.0,1,24.75,101.5,1.9999607626096199,0.4524099762585029,1.9093807924685806,1,True,-0.0001848731745822672
floquet_buffered_three_qubit,0,1.0,1,24.9,101.5,1.9999607626096199,0.4523964763639387,1.9099257263391758,1,True,-0.00011648799281960268
floquet_buffered_three_qubit,0,1.0,1,25.05,101.5,1.9999607626096199,0.4523831802867886,1.9104624357229265,1,True,-4.178296996128955e-05
floquet_buffered_three_qubit,0,1.0,1,25.2,101.5,1.9999607626096199,0.45237008570608944,1.9109910141831772,1,True,3.336786950916644e-05
floquet_buffered_three_qubit,0,1.0,1,25.349999999999998,101.5,1.9999607626096199,0.4523571914821191,1.9115115076044424,1,True,0.00010303486372261112
floquet_buffered_three_qubit,0,1.0,1,25.5,101.5,1.9999607626096199,0.4523444975695148,1.9120239176982734,1,True,0.00016175787094508835
floquet_buffered_three_qubit,0,1.0,1,25.65,101.5,1.9999607626096199,0.4523320048613997,1.9125282082942965,1,True,0.00020502818322696512
floquet_buffered_three_qubit,0,1.0,1,25.8,101.5,1.9999607626096199,0.4523197149014886,1.9130243169607808,1,True,0.0002296793521004471
floquet_buffered_three_qubit,0,1.0,1,25.95,101.5,1.9999607626096199,0.4523076295547622,1.9135121682980216,1,True,0.00023415135389497064
floquet_buffered_three_qubit,0,1.0,1,26.099999999999998,101.5,1.9999607626096199,0.4522957506731694,1.9139916874328684,1,True,0.00021860855609089343
floquet_buffered_three_qubit,0,1.0,1,26.25,101.5,1.9999607626096199,0.4522840797245993,1.9144628149962921,1,True,0.00018490176687265399
floquet_buffered_three_qubit,0,1.0,1,26.4,101.5,1.9999607626096199,0.4522726174875081,1.9149255194510477,1,True,0.00013638590747959374
floquet_buffered_three_qubit,0,1.0,1,26.55,101.5,1.9999607626096199,0.45226136379957516,1.915379807238582,1,True,7.761242325832502e-05
floquet_buffered_three_qubit,0,1.0,1,26.7,101.5,1.9999607626096199,0.4522503173630517,1.9158257306375788,1,True,1.3924768031592364e-05
floquet_buffered_three_qubit,0,1.0,1,26.849999999999998,101.5,1.9999607626096199,0.4522394756746126,1.9162633905966788,1,True,-4.900574582292143e-05
floquet_buffered_three_qubit,0,1.0,1,27.0,101.5,1.9999607626096199,0.4522288351662174,1.9166929310490957,1,True,-0.00010566973499519709
floquet_buffered_three_qubit,0,1.0,1,27.15,101.5,1.9999607626096199,0.452218391291255,1.917114535435855,1,True,-0.0001511930903188312
floquet_buffered_three_qubit,0,1.0,1,27.3,101.5,1.9999607626096199,0.45220813845491115,1.9175284295174577,1,True,-0.00018175764771088674
floquet_buffered_three_qubit,0,1.0,1,27.45,101.5,1.9999607626096199,0.45219807065973294,1.9179348553137787,1,True,-0.0001949357758106477
floquet_buffered_three_qubit,0,1.0,1,27.599999999999998,101.5,1.9999607626096199,0.45218818181277454,1.9183340587050282,1,True,-0.00018990600770546105
floquet_buffered_three_qubit,0,1.0,1,27.75,101.5,1.9999607626096199,0.4521784659083856,1.9187262820525977,1,True,-0.0001675298694270447
floquet_buffered_three_qubit,0,1.0,1,27.9,101.5,1.9999607626096199,0.4521689174674284,1.919111746467913,1,True,-0.00013027583740235154
floquet_buffered_three_qubit,0,1.0,1,28.05,101.5,1.9999607626096199,0.4521595318070851,1.9194906409198575,1,True,-8.199668462827823e-05
floquet_buffered_three_qubit,0,1.0,1,28.2,101.5,1.9999607626096199,0.4521503052503247,1.9198631137779723,1,True,-2.7573951690417616e-05
floquet_buffered_three_qubit,0,1.0,1,28.349999999999998,101.5,1.9999607626096199,0.4521412352845467,1.920229266407174,1,True,2.753973566104021e-05
floquet_buffered_three_qubit,0,1.0,1,28.5,101.5,1.9999607626096199,0.4521323205843847,1.9205891522463032,1,True,7.78328394183758e-05
floquet_buffered_three_qubit,0,1.0,1,28.65,101.5,1.9999607626096199,0.4521235608940805,1.920942781555808,1,True,0.00011825436871025343
floquet_buffered_three_qubit,0,1.0,1,28.799999999999997,101.5,1.9999607626096199,0.45211495684914144,1.9212901286167565,1,True,0.00014468649417526304
floquet_buffered_three_qubit,0,1.0,1,28.95,101.5,1.9999607626096199,0.45210650973266603,1.9216311415674507,1,True,0.00015432655764654693
floquet_buffered_three_qubit,0,1.0,1,29.099999999999998,101.5,1.9999607626096199,0.4520982211385894,1.921965755998008,1,True,0.00014594111386957717
floquet_buffered_three_qubit,0,1.0,1,29.25,101.5,1.9999607626096199,0.4520900926076011,1.9222939096484253,1,True,0.00011997091830379458
floquet_buffered_three_qubit,0,1.0,1,29.4,101.5,1.9999607626096199,0.452082125305974,1.9226155553745796,1,True,7.848448814045277e-05
floquet_buffered_three_qubit,0,1.0,1,29.549999999999997,101.5,1.9999607626096199,0.45207431969773937,1.9229306743830987,1,True,2.498509850936268e-05
floquet_buffered_three_qubit,0,1.0,1,29.7,101.5,1.9999607626096199,0.4520666753100121,1.9232392857058511,1,True,-3.590423562037384e-05
floquet_buffered_three_qubit,0,1.0,1,29.849999999999998,101.5,1.9999607626096199,0.4520591905439008,1.923541453834297,1,True,-9.885012346144025e-05
floquet_buffered_three_qubit,0,1.0,1,30.0,101.5,1.9999607626096199,0.45205186263196157,1.9238372904377692,1,True,-0.00015827603118143905
floquet_buffered_three_qubit,0,1.0,1,30.15,101.5,1.9999607626096199,0.4520446878592081,1.9241269454415921,1,True,-0.00020884677175608986
floquet_buffered_three_qubit,0,1.0,1,30.299999999999997,101.5,1.9999607626096199,0.452037661331509,1.9244106163776988,1,True,-0.0002459427825966574
floquet_buffered_three_qubit,0,1.0,1,30.45,101.5,1.9999607626096199,0.45203077726935215,1.924688536525432,1,True,-0.0002660710424927721
floquet_buffered_three_qubit,0,1.0,1,30.599999999999998,101.5,1.9999607626096199,0.4520240296511327,1.9249609489412816,1,True,-0.0002671832600593941
floquet_buffered_three_qubit,0,1.0,1,30.75,101.5,1.9999607626096199,0.45201741223139535,1.925228105722407,1,True,-0.00024887988881973035
floquet_buffered_three_qubit,0,1.0,1,30.9,101.5,1.9999607626096199,0.45201091895644274,1.925490251227739,1,True,-0.00021246754723815348
floquet_buffered_three_qubit,0,1.0,1,31.049999999999997,101.5,1.9999607626096199,0.4520045443562258,1.9257476062563528,1,True,-0.00016086512842953702
floquet_buffered_three_qubit,0,1.0,1,31.2,101.5,1.9999607626096199,0.4519982837530883,1.926000359619607,1,True,-9.835963778583547e-05
floquet_buffered_three_qubit,0,1.0,1,31.349999999999998,101.5,1.9999607626096199,0.45199213353406076,1.9262486571475903,1,True,-3.0233103199902427e-05
floquet_buffered_three_qubit,0,1.0,1,31.5,101.5,1.9999607626096199,0.45198609132111417,1.926492594814977,1,True,3.770927892846848e-05
floquet_buffered_three_qubit,0,1.0,1,31.65,101.5,1.9999607626096199,0.451980155888214,1.9267322220891325,1,True,9.966422581684507e-05
floquet_buffered_three_qubit,0,1.0,1,31.799999999999997,101.5,1.9999607626096199,0.4519743271293189,1.9269675432215163,1,True,0.00015035597883909714
floquet_buffered_three_qubit,0,1.0,1,31.95,101.5,1.9999607626096199,0.4519686058762721,1.9271985245993517,1,True,0.00018551256291715924
floquet_buffered_three_qubit,0,1.0,1,32.1,101.5,1.9999607626096199,0.4519629935928595,1.9274251070968995,1,True,0.00020224398262363226
floquet_buffered_three_qubit,0,1.0,1,32.25,101.5,1.9999607626096199,0.45195749207972574,1.9276472179885458,1,True,0.00019929150173434644
floquet_buffered_three_qubit,0,1.0,1,32.4,101.5,1.9999607626096199,0.45195210311093137,1.9278647856218891,1,True,0.00017712501955361747
floquet_buffered_three_qubit,0,1.0,1,32.55,101.5,1.9999607626096199,0.4519468280806122,1.9280777536831752,1,True,0.00013788463702163491
floquet_buffered_three_qubit,0,1.0,1,32.699999999999996,101.5,1.9999607626096199,0.451941667711955,1.9282860929470083,1,True,8.517917532503976e-05
floquet_buffered_three_qubit,0,1.0,1,32.85,101.5,1.9999607626096199,0.45193662179219446,1.928489811975606,1,True,2.375964607210318e-05
floquet_buffered_three_qubit,0,1.0,1,33.0,101.5,1.9999607626096199,0.451931689024757,1.9286889630886188,1,True,-4.089826158621453e-05
floquet_buffered_three_qubit,0,1.0,1,33.15,101.5,1.9999607626096199,0.4519268669447236,1.9288836457765506,1,True,-0.00010306901332487725
floquet_buffered_three_qubit,0,1.0,1,33.3,101.5,1.9999607626096199,0.45192215199104435,1.9290740037856404,1,True,-0.00015727226867648787
floquet_buffered_three_qubit,0,1.0,1,33.449999999999996,101.5,1.9999607626096199,0.4519175397595684,1.929260214902545,1,True,-0.00019874694112126932
floquet_buffered_three_qubit,0,1.0,1,33.6,101.5,1.9999607626096199,0.45191302491260943,1.9294424946057298,1,True,-0.00022386265004242925
floquet_buffered_three_qubit,0,1.0,1,33.75,101.5,1.9999607626096199,0.4519086016146551,1.9296210784746077,1,True,-0.00023044413474361297
floquet_buffered_three_qubit,0,1.0,1,33.9,101.5,1.9999607626096199,0.45190426409234147,1.9297961995814754,1,True,-0.0002179735786002192
floquet_buffered_three_qubit,0,1.0,1,34.05,101.5,1.9999607626096199,0.45190000671880987,1.9299680850855867,1,True,-0.00018764481146847759
floquet_buffered_three_qubit,0,1.0,1,34.199999999999996,101.5,1.9999607626096199,0.45189582442482534,1.9301369396347026,1,True,-0.00014226702548206553
floquet_buffered_three_qubit,0,1.0,1,34.35,101.5,1.9999607626096199,0.4518917130222601,1.9303029323045573,1,True,-8.601904994855696e-05
floquet_buffered_three_qubit,0,1.0,1,34.5,101.5,1.9999607626096199,0.4518876693840774,1.9304661893319142,1,True,-2.4072116656703783e-05
floquet_buffered_three_qubit,0,1.0,1,34.65,101.5,1.9999607626096199,0.45188369157347036,1.930626788900326,1,True,3.788309627457862e-05
floquet_buffered_three_qubit,0,1.0,1,34.8,101.5,1.9999607626096199,0.45187977887109126,1.930784760040405,1,True,9.416145189394851e-05
floquet_buffered_three_qubit,0,1.0,1,34.949999999999996,101.5,1.9999607626096199,0.4518759316507748,1.9309400876469787,1,True,0.00013960761567257017
floquet_buffered_three_qubit,0,1.0,1,35.1,101.5,1.9999607626096199,0.4518721512110357,1.931092719281876,1,True,0.0001700681944292757
floquet_buffered_three_qubit,0,1.0,1,35.25,101.5,1.9999607626096199,0.4518684395073564,1.931242575982333,1,True,0.00018276680644144745
floquet_buffered_three_qubit,0,1.0,1,35.4,101.5,1.9999607626096199,0.45186479879438146,1.9313895667069172,1,True,0.00017654502583109585
floquet_buffered_three_qubit,0,1.0,1,35.55,101.5,1.9999607626096199,0.45186123130046774,1.9315336014752527,1,True,0.00015195443894841547
floquet_buffered_three_qubit,0,1.0,1,35.699999999999996,101.5,1.9999607626096199,0.45185773887409403,1.9316746056440208,1,True,0.000111192482350114
floquet_buffered_three_qubit,0,1.0,1,35.85,101.5,1.9999607626096199,0.4518543226706676,1.9318125325520743,1,True,5.789367171879713e-05
floquet_buffered_three_qubit,0,1.0,1,36.0,101.5,1.9999607626096199,0.45185098292774906,1.9319473725957983,1,True,-3.1994160604057818e-06
floquet_buffered_three_qubit,0,1.0,1,36.15,101.5,1.9999607626096199,0.4518477187744984,1.9320791609228694,1,True,-6.665777696543956e-05
floquet_buffered_three_qubit,0,1.0,1,36.3,101.5,1.9999607626096199,0.45184452817451487,1.9322079797403557,1,True,-0.00012684104234696923
floquet_buffered_three_qubit,0,1.0,1,36.449999999999996,101.5,1.9999607626096199,0.4518414081479643,1.9323339493466933,1,True,-0.00017838918500658098
floquet_buffered_three_qubit,0,1.0,1,36.6,101.5,1.9999607626096199,0.4518383547059148,1.9324572307830563,1,True,-0.00021669228130491815
floquet_buffered_three_qubit,0,1.0,1,36.75,101.5,1.9999607626096199,0.45183536291501425,1.932578023222249,1,True,-0.00023829874550945486
floquet_buffered_three_qubit,0,1.0,1,36.9,101.5,1.9999607626096199,0.4518324276306142,1.9326965343692,1,True,-0.00024122887682778815
floquet_buffered_three_qubit,0,1.0,1,37.05,101.5,1.9999607626096199,0.4518295436155543,1.9328129756651047,1,True,-0.00022516400376998774
floquet_buffered_three_qubit,0,1.0,1,37.199999999999996,101.5,1.9999607626096199,0.45182670584299567,1.9329275500605376,1,True,-0.0001914911222940783
floquet_buffered_three_qubit,0,1.0,1,37.35,101.5,1.9999607626096199,0.4518239099218798,1.9330404348375685,1,True,-0.00014319305661700471
floquet_buffered_three_qubit,0,1.0,1,37.5,101.5,1.9999607626096199,0.4518211523244346,1.9331517724240395,1,True,-8.45915448242553e-05
floquet_buffered_three_qubit,0,1.0,1,37.65,101.5,1.9999607626096199,0.4518184306216118,1.933261660887597,1,True,-2.096104374429684e-05
floquet_buffered_three_qubit,0,1.0,1,37.8,101.5,1.9999607626096199,0.4518157436216792,1.9333701483397803,1,True,4.1952362842369825e-05
floquet_buffered_three_qubit,0,1.0,1,37.949999999999996,101.5,1.9999607626096199,0.4518130913373885,1.9334772342613489,1,True,9.845785868866329e-05
floquet_buffered_three_qubit,0,1.0,1,38.1,101.5,1.9999607626096199,0.4518104749011787,1.9335828729257083,1,True,0.00014344385631202453
floquet_buffered_three_qubit,0,1.0,1,38.25,101.5,1.9999607626096199,0.4518078963476065,1.933686982183044,1,True,0.00017284471097643272
floquet_buffered_three_qubit,0,1.0,1,38.4,101.5,1.9999607626096199,0.451805358343898,1.933789454339181,1,True,0.0001840069341956371
floquet_buffered_three_qubit,0,1.0,1,38.55,101.5,1.9999607626096199,0.4518028638634021,1.933890169339836,1,True,0.00017592172781023542
floquet_buffered_three_qubit,0,1.0,1,38.699999999999996,101.5,1.9999607626096199,0.4518004158002104,1.9339890103303792,1,True,0.00014930290867948284
floquet_buffered_three_qubit,0,1.0,1,38.85,101.5,1.9999607626096199,0.4517980166427609,1.9340858768341822,1,True,0.00010651192340356925
floquet_buffered_three_qubit,0,1.0,1,39.0,101.5,1.9999607626096199,0.4517956681590221,1.934180697463505,1,True,5.133844318947159e-05
floquet_buffered_three_qubit,0,1.0,1,39.15,101.5,1.9999607626096199,0.45179337114259965,1.934273440170667,1,True,-1.133950178034591e-05
floquet_buffered_three_qubit,0,1.0,1,39.3,101.5,1.9999607626096199,0.4517911252444166,1.934364119044202,1,True,-7.598351485957311e-05
floquet_buffered_three_qubit,0,1.0,1,39.449999999999996,101.5,1.9999607626096199,0.45178892900713735,1.9344527929191824,1,True,-0.00013687467251091723
floquet_buffered_three_qubit,0,1.0,1,39.6,101.5,1.9999607626096199,0.45178677997626704,1.934539560891704,1,True,-0.00018860661291791517
floquet_buffered_three_qubit,0,1.0,1,39.75,101.5,1.9999607626096199,0.451784674471614,1.9346245715463686,1,True,-0.00022656064452142047
floquet_buffered_three_qubit,0,1.0,1,39.9,101.5,1.9999607626096199,0.4517826081098151,1.9347080018592488,1,True,-0.000247308176188919
floquet_buffered_three_qubit,0,1.0,1,40.05,101.5,1.9999607626096199,0.45178057623538714,1.9347900397940339,1,True,-0.00024891830898721243
floquet_buffered_three_qubit,0,1.0,1,40.199999999999996,101.5,1.9999607626096199,0.4517785740122462,1.9348708806069377,1,True,-0.0002311447160043509
floquet_buffered_three_qubit,0,1.0,1,40.35,101.5,1.9999607626096199,0.45177659688694966,1.9349507081430124,1,True,-0.0001954615047585779
floquet_buffered_three_qubit,0,1.0,1,40.5,101.5,1.9999607626096199,0.451774640925344,1.9350296812437469,1,True,-0.00014494621222778528
floquet_buffered_three_qubit,0,1.0,1,40.65,101.5,1.9999607626096199,0.4517727030403748,1.9351079245489684,1,True,-8.401342656981254e-05
floquet_buffered_three_qubit,0,1.0,1,40.8,101.5,1.9999607626096199,0.4517707812690931,1.9351855173124017,1,True,-1.8022706158577723e-05
floquet_buffered_three_qubit,0,1.0,1,40.949999999999996,101.5,1.9999607626096199,0.4517688749014526,1.9352624882011933,1,True,4.720721396487711e-05
floquet_buffered_three_qubit,0,1.0,1,41.1,101.5,1.9999607626096199,0.4517669843953053,1.935338818727857,1,True,0.00010593010541237502
floquet_buffered_three_qubit,0,1.0,1,41.25,101.5,1.9999607626096199,0.45176511131993285,1.9354144455300555,1,True,0.0001529960827877948
floquet_buffered_three_qubit,0,1.0,1,41.4,101.5,1.9999607626096199,0.4517632581648235,1.9354892680912101,1,True,0.00018431845289423347
floquet_buffered_three_qubit,0,1.0,1,41.55,101.5,1.9999607626096199,0.45176142802462355,1.9355631614607212,1,True,0.00019723613288675875
floquet_buffered_three_qubit,0,1.0,1,41.699999999999996,101.5,1.9999607626096199,0.45175962426830774,1.935635989611425,1,True,0.00019074075073673727
floquet_buffered_three_qubit,0,1.0,1,41.85,101.5,1.9999607626096199,0.4517578501938564,1.9357076193822578,1,True,0.00016555140317015948
floquet_buffered_three_qubit,0,1.0,1,42.0,101.5,1.9999607626096199,0.45175610866217636,1.9357779352590598,1,True,0.00012403236646071057
floquet_buffered_three_qubit,0,1.0,1,42.15,101.5,1.9999607626096199,0.451754401806007,1.9358468511278442,1,True,6.99696237675316e-05
floquet_buffered_three_qubit,0,1.0,1,42.3,101.5,1.9999607626096199,0.45175273078852235,1.9359143200215652,1,True,8.227456383876358e-06
floquet_buffered_three_qubit,0,1.0,1,42.449999999999996,101.5,1.9999607626096199,0.4517510956367726,1.9359803408452128,1,True,-5.5682546045909565e-05
floquet_buffered_three_qubit,0,1.0,1,42.6,101.5,1.9999607626096199,0.4517494951959011,1.9360449602245202,1,True,-0.00011608192310125074
floquet_buffered_three_qubit,0,1.0,1,42.75,101.5,1.9999607626096199,0.4517479272712538,1.9361082667682679,1,True,-0.0001676212072440846
floquet_buffered_three_qubit,0,1.0,1,42.9,101.5,1.9999607626096199,0.4517463887754217,1.9361703851314223,1,True,-0.00020574583260410585
floquet_buffered_three_qubit,0,1.0,1,43.05,101.5,1.9999607626096199,0.4517448756803044,1.9362314779507268,1,True,-0.00022709496873557692
floquet_buffered_three_qubit,0,1.0,1,43.199999999999996,101.5,1.9999607626096199,0.451743383632589,1.9362917209941404,1,True,-0.00022980804773347277
floquet_buffered_three_qubit,0,1.0,1,43.35,101.5,1.9999607626096199,0.4517419083234262,1.9363512882347926,1,True,-0.0002137001018293852
floquet_buffered_three_qubit,0,1.0,1,43.5,101.5,1.9999607626096199,0.4517404456501537,1.9364103453211938,1,True,-0.00018029008869450763
floquet_buffered_three_qubit,0,1.0,1,43.65,101.5,1.9999607626096199,0.4517389921527556,1.9364690319546436,1,True,-0.00013267603918043044
floquet_buffered_three_qubit,0,1.0,1,43.8,101.5,1.9999607626096199,0.45173754529328736,1.936527450607037,1,True,-7.526263027739263e-05
floquet_buffered_three_qubit,0,1.0,1,43.949999999999996,101.5,1.9999607626096199,0.4517361036481429,1.9365856587577395,1,True,-1.336262424312271e-05
floquet_buffered_three_qubit,0,1.0,1,44.1,101.5,1.9999607626096199,0.4517346669949707,1.9366436653841135,1,True,4.7290903261838524e-05
floquet_buffered_three_qubit,0,1.0,1,44.25,101.5,1.9999607626096199,0.4517332363320545,1.9367014301788645,1,True,0.00010107453053193293
floquet_buffered_three_qubit,0,1.0,1,44.4,101.5,1.9999607626096199,0.45173181374766835,1.9367588688248538,1,True,0.00014299482529176317
floquet_buffered_three_qubit,0,1.0,1,44.55,101.5,1.9999607626096199,0.45173040219410043,1.9368158621190703,1,True,0.00016914625337340744
floquet_buffered_three_qubit,0,1.0,1,44.699999999999996,101.5,1.9999607626096199,0.4517290052223962,1.9368722666826255,1,True,0.00017706500834364577
floquet_buffered_three_qubit,0,1.0,1,44.85,101.5,1.9999607626096199,0.45172762661911536,1.9369279296271196,1,True,0.00016594423699003936
floquet_buffered_three_qubit,0,1.0,1,45.0,101.5,1.9999607626096199,0.45172627004284366,1.9369827032309677,1,True,0.00013669557080142115
floquet_buffered_three_qubit,0,1.0,1,45.15,101.5,1.9999607626096199,0.4517249386906307,1.9370364584074553,1,True,9.185736819981231e-05
floquet_buffered_three_qubit,0,1.0,1,45.3,101.5,1.9999607626096199,0.45172363497376955,1.937089097795643,1,True,3.5359578051289775e-05
floquet_buffered_three_qubit,0,1.0,1,45.449999999999996,101.5,1.9999607626096199,0.45172236030152774,1.9371405644926483,1,True,-2.7826770045338882e-05
floquet_buffered_three_qubit,0,1.0,1,45.6,101.5,1.9999607626096199,0.4517211149062141,1.9371908491169143,1,True,-9.212626074080983e-05
floquet_buffered_three_qubit,0,1.0,1,45.75,101.5,1.9999607626096199,0.4517198978133229,1.9372399910138218,1,True,-0.00015184374471173347
floquet_buffered_three_qubit,0,1.0,1,45.9,101.5,1.9999607626096199,0.45171870709686807,1.937288067946287,1,True,-0.00020165685013611917
floquet_buffered_three_qubit,0,1.0,1,46.05,101.5,1.9999607626096199,0.4517175396975633,1.937335203436107,1,True,-0.00023708206625133531
floquet_buffered_three_qubit,0,1.0,1,46.199999999999996,101.5,1.9999607626096199,0.45171639168945604,1.9373815559983003,1,True,-0.00025487097665866977
floquet_buffered_three_qubit,0,1.0,1,46.35,101.5,1.9999607626096199,0.4517152589797259,1.93742729088573,1,True,-0.00025330565458529054
floquet_buffered_three_qubit,0,1.0,1,46.5,101.5,1.9999607626096199,0.451714137339005,1.9374725788648952,1,True,-0.00023236647433291243
floquet_buffered_three_qubit,0,1.0,1,46.65,101.5,1.9999607626096199,0.451713022807992,1.9375175797982216,1,True,-0.00019375052684088816
floquet_buffered_three_qubit,0,1.0,1,46.8,101.5,1.9999607626096199,0.4517119120942634,1.937562426622175,1,True,-0.00014073620872798311
floquet_buffered_three_qubit,0,1.0,1,46.949999999999996,101.5,1.9999607626096199,0.45171080278096176,1.9376072169210634,1,True,-7.790084467792051e-05
floquet_buffered_three_qubit,0,1.0,1,47.1,101.5,1.9999607626096199,0.4517096935716588,1.93765200304021,1,True,-1.0713471732835185e-05
floquet_buffered_three_qubit,0,1.0,1,47.25,101.5,1.9999607626096199,0.4517085844256054,1.9376967866249233,1,True,5.496001370095675e-05
floquet_buffered_three_qubit,0,1.0,1,47.4,101.5,1.9999607626096199,0.4517074764639408,1.9377415224073438,1,True,0.00011339093294858825
floquet_buffered_three_qubit,0,1.0,1,47.55,101.5,1.9999607626096199,0.45170637189997054,1.9377861210214846,1,True,0.00015950921695404927
floquet_buffered_three_qubit,0,1.0,1,47.699999999999996,101.5,1.9999607626096199,0.45170527382166453,1.937830457785146,1,True,0.0001893610057690678
floquet_buffered_three_qubit,0,1.0,1,47.85,101.5,1.9999607626096199,0.4517041858702385,1.937874385677674,1,True,0.00020045705013917975
floquet_buffered_three_qubit,0,1.0,1,48.0,101.5,1.9999607626096199,0.45170311192547113,1.937917748045771,1,True,0.00019198432296611964
floquet_buffered_three_qubit,0,1.0,1,48.15,101.5,1.9999607626096199,0.45170205572648875,1.937960393914975,1,True,0.00016486139994999828
floquet_buffered_three_qubit,0,1.0,1,48.3,101.5,1.9999607626096199,0.4517010205255438,1.9380021919689812,1,True,0.00012163919115706378
floquet_buffered_three_qubit,0,1.0,1,48.449999999999996,101.5,1.9999607626096199,0.45170000880025024,1.93804304216869,1,True,6.626204455218633e-05
floquet_buffered_three_qubit,0,1.0,1,48.6,101.5,1.9999607626096199,0.4516990220028051,1.9380828858779198,1,True,3.71094254585524e-06
floquet_buffered_three_qubit,0,1.0,1,48.75,101.5,1.9999607626096199,0.45169806044378774,1.9381217105553066,1,True,-6.04350405867883e-05
floquet_buffered_three_qubit,0,1.0,1,48.9,101.5,1.9999607626096199,0.45169712325016703,1.9381595514499266,1,True,-0.00012048531619885603
floquet_buffered_three_qubit,0,1.0,1,49.05,101.5,1.9999607626096199,0.4516962084123403,1.9381964897020993,1,True,-0.00017113161293448787
floquet_buffered_three_qubit,0,1.0,1,49.199999999999996,101.5,1.9999607626096199,0.45169531298188115,1.9382326443590432,1,True,-0.00020790971887568082
floquet_buffered_three_qubit,0,1.0,1,49.35,101.5,1.9999607626096199,0.4516944333097928,1.938268162754987,1,True,-0.00022759360561815654
floquet_buffered_three_qubit,0,1.0,1,49.5,101.5,1.9999607626096199,0.4516935653605586,1.9383032078308453,1,True,-0.00022848572415412485
floquet_buffered_three_qubit,0,1.0,1,49.65,101.5,1.9999607626096199,0.4516927050980152,1.9383379425538754,1,True,-0.00021057835368381813
floquet_buffered_three_qubit,0,1.0,1,49.8,101.5,1.9999607626096199,0.4516918487160464,1.938372520602963,1,True,-0.00017556684558914766
floquet_buffered_three_qubit,0,1.0,1,49.949999999999996,101.5,1.9999607626096199,0.45169099305933363,1.9384070693799984,1,True,-0.00012670613385195277
floquet_buffered_three_qubit,0,1.0,1,50.1,101.5,1.9999607626096199,0.4516901360150507,1.9384416741943928,1,True,-6.852289999534215e-05
floquet_buffered_three_qubit,0,1.0,1,50.25,101.5,1.9999607626096199,0.4516892765176389,1.9384763780702137,1,True,-6.406053009029419e-06
floquet_buffered_three_qubit,0,1.0,1,50.4,101.5,1.9999607626096199,0.4516884147136901,1.9385111750886252,1,True,5.388944155343746e-05
floquet_buffered_three_qubit,0,1.0,1,50.55,101.5,1.9999607626096199,0.4516875519606196,1.9385460104413992,1,True,0.0001067751051600653
floquet_buffered_three_qubit,0,1.0,1,50.699999999999996,101.5,1.9999607626096199,0.45168669065840783,1.9385807872245933,1,True,0.0001473449075910928
floquet_buffered_three_qubit,0,1.0,1,50.85,101.5,1.9999607626096199,0.4516858340578816,1.93861537417951,1,True,0.00017182511682137548
floquet_buffered_three_qubit,0,1.0,1,51.0,101.5,1.9999607626096199,0.45168498595818735,1.938649617907765,1,True,0.0001779146077384989
floquet_buffered_three_qubit,0,1.0,1,51.15,101.5,1.9999607626096199,0.45168415033246273,1.9386833579855294,1,True,0.00016498331656635516
floquet_buffered_three_qubit,0,1.0,1,51.3,101.5,1.9999607626096199,0.4516833309953309,1.9387164403891128,1,True,0.00013411855740880167
floquet_buffered_three_qubit,0,1.0,1,51.449999999999996,101.5,1.9999607626096199,0.45168253124245317,1.9387487320487995,1,True,8.801551363944118e-05
floquet_buffered_three_qubit,0,1.0,1,51.6,101.5,1.9999607626096199,0.4516817535530489,1.9387801328602379,1,True,3.0728672895694054e-05
floquet_buffered_three_qubit,0,1.0,1,51.75,101.5,1.9999607626096199,0.4516809993779995,1.938810584240266,1,True,-3.268987547560821e-05
floquet_buffered_three_qubit,0,1.0,1,51.9,101.5,1.9999607626096199,0.45168026897280866,1.9388400758715565,1,True,-9.663472914676709e-05
floquet_buffered_three_qubit,0,1.0,1,52.05,101.5,1.9999607626096199,0.4516795613739098,1.9388686466593092,1,True,-0.00015543378281863014
floquet_buffered_three_qubit,0,1.0,1,52.199999999999996,101.5,1.9999607626096199,0.45167887462393347,1.9388963756356827,1,True,-0.00020384267015611905
floquet_buffered_three_qubit,0,1.0,1,52.35,101.5,1.9999607626096199,0.45167820578070844,1.9389233815964129,1,True,-0.00023750207728389654
floquet_buffered_three_qubit,0,1.0,1,52.5,101.5,1.9999607626096199,0.45167755098545825,1.938949820347256,1,True,-0.0002533231897698852
floquet_buffered_three_qubit,0,1.0,1,52.65,101.5,1.9999607626096199,0.45167690619016854,1.9389758553350267,1,True,-0.0002497740000169177
floquet_buffered_three_qubit,0,1.0,1,52.8,101.5,1.9999607626096199,0.45167626733281824,1.9390016505722656,1,True,-0.00022702861275337874
floquet_buffered_three_qubit,0,1.0,1,52.949999999999996,101.5,1.9999607626096199,0.4516756306176742,1.9390273593197276,1,True,-0.0001869689863861846
floquet_buffered_three_qubit,0,1.0,1,53.1,101.5,1.9999607626096199,0.45167499294107444,1.9390531068944383,1,True,-0.0001330322925868963
floquet_buffered_three_qubit,0,1.0,1,53.25,101.5,1.9999607626096199,0.45167435213071483,1.939078981007948,1,True,-6.991236169130216e-05
floquet_buffered_three_qubit,0,1.0,1,53.4,101.5,1.9999607626096199,0.45167370715542643,1.9391050232960623,1,True,-3.140787888736471e-06
floquet_buffered_three_qubit,0,1.0,1,53.55,101.5,1.9999607626096199,0.45167305817767534,1.9391312271989771,1,True,6.141513030170079e-05
floquet_buffered_three_qubit,0,1.0,1,53.699999999999996,101.5,1.9999607626096199,0.4516724065520095,1.9391575380239485,1,True,0.00011808742209205629
floquet_buffered_three_qubit,0,1.0,1,53.85,101.5,1.9999607626096199,0.4516717547070726,1.9391838577091671,1,True,0.00016192463197898046
floquet_buffered_three_qubit,0,1.0,1,54.0,101.5,1.9999607626096199,0.451671105878933,1.939210055591149,1,True,0.0001891378149854576
floquet_buffered_three_qubit,0,1.0,1,54.15,101.5,1.9999607626096199,0.4516704638382096,1.939235979422611,1,True,0.00019743564798674297
floquet_buffered_three_qubit,0,1.0,1,54.3,101.5,1.9999607626096199,0.4516698325423955,1.939261469410637,1,True,0.00018621805196669325
floquet_buffered_three_qubit,0,1.0,1,54.449999999999996,101.5,1.9999607626096199,0.4516692157523953,1.939286373699876,1,True,0.00015661252773021704
floquet_buffered_three_qubit,0,1.0,1,54.6,101.5,1.9999607626096199,0.45166861671233177,1.9393105613010753,1,True,0.00011135904149692246
floquet_buffered_three_qubit,0,1.0,1,54.75,101.5,1.9999607626096199,0.4516680378423192,1.9393339344960927,1,True,5.4554572872259036e-05
floquet_buffered_three_qubit,0,1.0,1,54.9,101.5,1.9999607626096199,0.4516674805156134,1.9393564378360295,1,True,-8.714532430196326e-06
floquet_buffered_three_qubit,0,1.0,1,55.05,101.5,1.9999607626096199,0.4516669449145218,1.9393780639592317,1,True,-7.281948366808831e-05
floquet_buffered_three_qubit,0,1.0,1,55.199999999999996,101.5,1.9999607626096199,0.4516664300715929,1.9393988519282428,1,True,-0.0001320786890806805
floquet_buffered_three_qubit,0,1.0,1,55.35,101.5,1.9999607626096199,0.45166593404194105,1.9394188802718137,1,True,-0.00018124912158182924
floquet_buffered_three_qubit,0,1.0,1,55.5,101.5,1.9999607626096199,0.4516654537112476,1.9394382747373529,1,True,-0.00021598561357071553
floquet_buffered_three_qubit,0,1.0,1,55.65,101.5,1.9999607626096199,0.45166498528686044,1.9394571884616707,1,True,-0.00023322319308197956
floquet_buffered_three_qubit,0,1.0,1,55.8,101.5,1.9999607626096199,0.45166452479927177,1.9394757817226542,1,True,-0.00023145386468283023
floquet_buffered_three_qubit,0,1.0,1,55.949999999999996,101.5,1.9999607626096199,0.45166406818538285,1.939494218577272,1,True,-0.00021087337160244932
floquet_buffered_three_qubit,0,1.0,1,56.1,101.5,1.9999607626096199,0.4516636117390861,1.9395126486682484,1,True,-0.00017337489894080508
floquet_buffered_three_qubit,0,1.0,1,56.25,101.5,1.9999607626096199,0.45166315245367217,1.9395311933985615,1,True,-0.00012239026863674482
floquet_buffered_three_qubit,0,1.0,1,56.4,101.5,1.9999607626096199,0.4516626882335834,1.939549937381369,1,True,-6.258622448373962e-05
floquet_buffered_three_qubit,0,1.0,1,56.55,101.5,1.9999607626096199,0.4516622181304151,1.9395689189108778,1,True,5.586143242417927e-07
floquet_buffered_three_qubit,0,1.0,1,56.699999999999996,101.5,1.9999607626096199,0.45166174244981083,1.9395881256461238,1,True,6.125657351414828e-05
floquet_buffered_three_qubit,0,1.0,1,56.85,101.5,1.9999607626096199,0.45166126263243167,1.9396074994171046,1,True,0.00011394517711037531
floquet_buffered_three_qubit,0,1.0,1,57.0,101.5,1.9999607626096199,0.4516607811673456,1.9396269397218273,1,True,0.00015379897091601978
floquet_buffered_three_qubit,0,1.0,1,57.15,101.5,1.9999607626096199,0.45166030137177066,1.9396463126196828,1,True,0.00017717045595625923
floquet_buffered_three_qubit,0,1.0,1,57.3,101.5,1.9999607626096199,0.4516598270503511,1.939665464488938,1,True,0.0001819152408556576
floquet_buffered_three_qubit,0,1.0,1,57.449999999999996,101.5,1.9999607626096199,0.45165936216279745,1.9396842354465893,1,True,0.0001675760434933328
floquet_buffered_three_qubit,0,1.0,1,57.599999999999994,101.5,1.9999607626096199,0.45165891046640183,1.9397024737826418,1,True,0.00013541119633192576
floquet_buffered_three_qubit,0,1.0,1,57.75,101.5,1.9999607626096199,0.4516584751599988,1.9397200503360863,1,True,8.826856500311537e-05
floquet_buffered_three_qubit,0,1.0,1,57.9,101.5,1.9999607626096199,0.4516580586111765,1.939736869509442,1,True,3.0324142440588157e-05
floquet_buffered_three_qubit,0,1.0,1,58.05,101.5,1.9999607626096199,0.45165766213036196,1.939752878390642,1,True,-3.3291524195597306e-05
floquet_buffered_three_qubit,0,1.0,1,58.199999999999996,101.5,1.9999607626096199,0.451657285844431,1.9397680718563874,1,True,-9.694372348753526e-05
floquet_buffered_three_qubit,0,1.0,1,58.349999999999994,101.5,1.9999607626096199,0.4516569287028584,1.9397824923238545,1,True,-0.00015498328253845593
floquet_buffered_three_qubit,0,1.0,1,58.5,101.5,1.9999607626096199,0.4516565885377482,1.9397962273268625,1,True,-0.00020223825683172726
floquet_buffered_three_qubit,0,1.0,1,58.65,101.5,1.9999607626096199,0.4516562622481844,1.939809402072268,1,True,-0.00023446592207316476
floquet_buffered_three_qubit,0,1.0,1,58.8,101.5,1.9999607626096199,0.4516559460904561,1.9398221677214411,1,True,-0.00024873073250413787
floquet_buffered_three_qubit,0,1.0,1,58.949999999999996,101.5,1.9999607626096199,0.4516556359721842,1.9398346895141767,1,True,-0.00024367367405866882
floquet_buffered_three_qubit,0,1.0,1,59.099999999999994,101.5,1.9999607626096199,0.45165532781749734,1.939847132023809,1,True,-0.00021964745446592323
floquet_buffered_three_qubit,0,1.0,1,59.25,101.5,1.9999607626096199,0.4516550179340139,1.9398596443393963,1,True,-0.00017870170060405404
floquet_buffered_three_qubit,0,1.0,1,59.4,101.5,1.9999607626096199,0.4516547033181474,1.939872347738263,1,True,-0.0001244127430493286
floquet_buffered_three_qubit,0,1.0,1,59.55,101.5,1.9999607626096199,0.4516543819389368,1.9398853242255913,1,True,-6.157104565488793e-05
floquet_buffered_three_qubit,0,1.0,1,59.699999999999996,101.5,1.9999607626096199,0.45165405290147,1.9398986099358073,1,True,4.249436499616266e-06
floquet_buffered_three_qubit,0,1.0,1,59.849999999999994,101.5,1.9999607626096199,0.4516537165177131,1.9399121922726128,1,True,6.719862680748385e-05
floquet_buffered_three_qubit,0,1.0,1,60.0,101.5,1.9999607626096199,0.45165337429499974,1.939926010373741,1,True,0.00012168608056990716
floquet_buffered_three_qubit,0,1.0,1,60.15,101.5,1.9999607626096199,0.4516530287652205,1.9399399620078297,1,True,0.00016289174505651485
floquet_buffered_three_qubit,0,1.0,1,60.3,101.5,1.9999607626096199,0.4516526832512897,1.9399539130038803,1,True,0.00018720120309278533
floquet_buffered_three_qubit,0,1.0,1,60.449999999999996,101.5,1.9999607626096199,0.45165234157870715,1.93996770889766,1,True,0.0001925261004367464
floquet_buffered_three_qubit,0,1.0,1,60.599999999999994,101.5,1.9999607626096199,0.45165200770059094,1.9399811900719466,1,True,0.0001784788818761315
floquet_buffered_three_qubit,0,1.0,1,60.75,101.5,1.9999607626096199,0.4516516853448017,1.9399942060047763,1,True,0.00014639244016988805
floquet_buffered_three_qubit,0,1.0,1,60.9,101.5,1.9999607626096199,0.451651377682437,1.9400066286548396,1,True,9.918745049192931e-05
floquet_buffered_three_qubit,0,1.0,1,61.05,101.5,1.9999607626096199,0.4516510870240422,1.940018364727765,1,True,4.110212158494663e-05
floquet_buffered_three_qubit,0,1.0,1,61.199999999999996,101.5,1.9999607626096199,0.451650814630352,1.940029363317936,1,True,-2.2685510675250738e-05
floquet_buffered_three_qubit,0,1.0,1,61.349999999999994,101.5,1.9999607626096199,0.45165056056286984,1.9400396219417564,1,True,-8.65121312024503e-05
floquet_buffered_three_qubit,0,1.0,1,61.5,101.5,1.9999607626096199,0.4516503236775599,1.9400491867923815,1,True,-0.0001447211053421512
floquet_buffered_three_qubit,0,1.0,1,61.65,101.5,1.9999607626096199,0.4516501019018254,1.9400581415560358,1,True,-0.00019215349905488582
floquet_buffered_three_qubit,0,1.0,1,61.8,101.5,1.9999607626096199,0.4516498921195476,1.9400666120538523,1,True,-0.0002245973771833593
floquet_buffered_three_qubit,0,1.0,1,61.949999999999996,101.5,1.9999607626096199,0.45164969041362213,1.9400747564488692,1,True,-0.00023916045587769
floquet_buffered_three_qubit,0,1.0,1,62.099999999999994,101.5,1.9999607626096199,0.45164949278591204,1.9400827361760846,1,True,-0.00023453622850824892
floquet_buffered_three_qubit,0,1.0,1,62.25,101.5,1.9999607626096199,0.45164929521444425,1.9400907136329908,1,True,-0.0002111310490647285
floquet_buffered_three_qubit,0,1.0,1,62.4,101.5,1.9999607626096199,0.4516490940356537,1.9400988367454726,1,True,-0.00017104096280346314
floquet_buffered_three_qubit,0,1.0,1,62.55,101.5,1.9999607626096199,0.4516488863279896,1.9401072234787315,1,True,-0.00011787478415364901
floquet_buffered_three_qubit,0,1.0,1,62.699999999999996,101.5,1.9999607626096199,0.451648670116518,1.9401159535759007,1,True,-5.6436519171187086e-05
floquet_buffered_three_qubit,0,1.0,1,62.849999999999994,101.5,1.9999607626096199,0.4516484445827707,1.940125060084839,1,True,7.710343594040766e-06
floquet_buffered_three_qubit,0,1.0,1,63.0,101.5,1.9999607626096199,0.4516482101497506,1.9401345259258047,1,True,6.875307950777232e-05
floquet_buffered_three_qubit,0,1.0,1,63.15,101.5,1.9999607626096199,0.4516479683834353,1.940144287868483,1,True,0.0001211637618174487
floquet_buffered_three_qubit,0,1.0,1,63.3,101.5,1.9999607626096199,0.451647721882852,1.9401542409704715,1,True,0.0001602069463466911
floquet_buffered_three_qubit,0,1.0,1,63.449999999999996,101.5,1.9999607626096199,0.4516474740295941,1.9401642486911819,1,True,0.00018236945501750232
floquet_buffered_three_qubit,0,1.0,1,63.599999999999994,101.5,1.9999607626096199,0.45164722866231866,1.940174156034831,1,True,0.00018567149803868814
floquet_buffered_three_qubit,0,1.0,1,63.75,101.5,1.9999607626096199,0.45164698974822337,1.9401838028154135,1,True,0.0001698347432548903
floquet_buffered_three_qubit,0,1.0,1,63.9,101.5,1.9999607626096199,0.4516467610009491,1.9401930390848883,1,True,0.0001362922997493868
floquet_buffered_three_qubit,0,1.0,1,64.05,101.5,1.9999607626096199,0.45164654555273975,1.9402017383705876,1,True,8.804750247166893e-05
floquet_buffered_three_qubit,0,1.0,1,64.2,101.5,1.9999607626096199,0.4516463456778933,1.9402098088416286,1,True,2.9398370142655603e-05
floquet_buffered_three_qubit,0,1.0,1,64.35,101.5,1.9999607626096199,0.45164616255898044,1.9402172027484654,1,True,-3.4446804840755235e-05
floquet_buffered_three_qubit,0,1.0,1,64.5,101.5,1.9999607626096199,0.45164599617443063,1.9402239209619232,1,True,-9.782559242917248e-05
floquet_buffered_three_qubit,0,1.0,1,64.64999999999999,101.5,1.9999607626096199,0.4516458454256042,1.9402300078423314,1,True,-0.0001551132821594941
floquet_buffered_three_qubit,0,1.0,1,64.8,101.5,1.9999607626096199,0.45164570816994476,1.9402355499009443,1,True,-0.0002012118810760282
floquet_buffered_three_qubit,0,1.0,1,64.95,101.5,1.9999607626096199,0.45164558110410485,1.940240680519028,1,True,-0.0002319987967330459
floquet_buffered_three_qubit,0,1.0,1,65.1,101.5,1.9999607626096199,0.45164546043536585,1.940245552837545,1,True,-0.0002446915134663379
floquet_buffered_three_qubit,0,1.0,1,65.25,101.5,1.9999607626096199,0.45164534215571506,1.9402503286905488,1,True,-0.0002381035379415652
floquet_buffered_three_qubit,0,1.0,1,65.39999999999999,101.5,1.9999607626096199,0.4516452222314715,1.940255170948549,1,True,-0.00021276549303222322
floquet_buffered_three_qubit,0,1.0,1,65.55,101.5,1.9999607626096199,0.45164509707144984,1.940260224615159,1,True,-0.00017089166105040368
floquet_buffered_three_qubit,0,1.0,1,65.7,101.5,1.9999607626096199,0.451644963808419,1.9402656054624485,1,True,-0.00011619409655513911
floquet_buffered_three_qubit,0,1.0,1,65.85,101.5,1.9999607626096199,0.45164482053865146,1.940271390358508,1,True,-5.355555943645758e-05
floquet_buffered_three_qubit,0,1.0,1,66.0,101.5,1.9999607626096199,0.4516446665407233,1.9402776084328046,1,True,1.1411461284405097e-05
floquet_buffered_three_qubit,0,1.0,1,66.14999999999999,101.5,1.9999607626096199,0.45164450232341163,1.940284239142196,1,True,7.287747709115171e-05
floquet_buffered_three_qubit,0,1.0,1,66.3,101.5,1.9999607626096199,0.4516443295449866,1.940291215529698,1,True,0.00012533151399024905
floquet_buffered_three_qubit,0,1.0,1,66.45,101.5,1.9999607626096199,0.45164415086823173,1.940298430078419,1,True,0.0001640848670916119
floquet_buffered_three_qubit,0,1.0,1,66.6,101.5,1.9999607626096199,0.45164396973457177,1.9403057438317253,1,True,0.00018569578487099094
floquet_buffered_three_qubit,0,1.0,1,66.75,101.5,1.9999607626096199,0.4516437900390472,1.9403129995169983,1,True,0.00018827385246977633
floquet_buffered_three_qubit,0,1.0,1,66.89999999999999,101.5,1.9999607626096199,0.4516436157567585,1.9403200366289488,1,True,0.00017163702973388033
floquet_buffered_three_qubit,0,1.0,1,67.05,101.5,1.9999607626096199,0.45164345060995714,1.9403267048716883,1,True,0.0001373147171054913
floquet_buffered_three_qubit,0,1.0,1,67.2,101.5,1.9999607626096199,0.45164329771491174,1.940332878417475,1,True,8.839720975577206e-05
floquet_buffered_three_qubit,0,1.0,1,67.35,101.5,1.9999607626096199,0.4516431593100044,1.9403384668855557,1,True,2.9252650439933787e-05
floquet_buffered_three_qubit,0,1.0,1,67.5,101.5,1.9999607626096199,0.4516430365617007,1.940343423176671,1,True,-3.4861577906263267e-05
floquet_buffered_three_qubit,0,1.0,1,67.64999999999999,101.5,1.9999607626096199,0.45164292943699635,1.9403477486233627,1,True,-9.825984993278868e-05
floquet_buffered_three_qubit,0,1.0,1,67.8,101.5,1.9999607626096199,0.45164283672991484,1.9403514919200842,1,True,-0.00015532100116756985
floquet_buffered_three_qubit,0,1.0,1,67.95,101.5,1.9999607626096199,0.45164275615541166,1.9403547453315677,1,True,-0.00020097689350950186
floquet_buffered_three_qubit,0,1.0,1,68.1,101.5,1.9999607626096199,0.4516426845275415,1.9403576374988576,1,True,-0.000231155406420034
floquet_buffered_three_qubit,0,1.0,1,68.25,101.5,1.9999607626096199,0.4516426180621812,1.9403603212160436,1,True,-0.00024314264418848374
floquet_buffered_three_qubit,0,1.0,1,68.39999999999999,101.5,1.9999607626096199,0.45164255269809905,1.9403629604662382,1,True,-0.00023583273421910403
floquet_buffered_three_qubit,0,1.0,1,68.55,101.5,1.9999607626096199,0.45164248444297345,1.9403657164501422,1,True,-0.0002098390629177452
floquet_buffered_three_qubit,0,1.0,1,68.7,101.5,1.9999607626096199,0.4516424097452427,1.940368732571602,1,True,-0.00016745432314642153
floquet_buffered_three_qubit,0,1.0,1,68.85,101.5,1.9999607626096199,0.4516423257960932,1.9403721222440447,1,True,-0.0001124560088238928
floquet_buffered_three_qubit,0,1.0,1,69.0,101.5,1.9999607626096199,0.4516422307839572,1.940375958614421,1,True,-4.9772278240493034e-05
floquet_buffered_three_qubit,0,1.0,1,69.14999999999999,101.5,1.9999607626096199,0.45164212406885734,1.9403802675235904,1,True,1.4963650975263471e-05
floquet_buffered_three_qubit,0,1.0,1,69.3,101.5,1.9999607626096199,0.451642006210073,1.9403850263891989,1,True,7.592922841443527e-05
floquet_buffered_three_qubit,0,1.0,1,69.45,101.5,1.9999607626096199,0.45164187893474494,1.9403901654733497,1,True,0.00012764701159078843
floquet_buffered_three_qubit,0,1.0,1,69.6,101.5,1.9999607626096199,0.4516417449829105,1.940395574139705,1,True,0.00016548654284109096
floquet_buffered_three_qubit,0,1.0,1,69.75,101.5,1.9999607626096199,0.45164160782282586,1.9404011123480998,1,True,0.00018608199230244702
floquet_buffered_three_qubit,0,1.0,1,69.89999999999999,101.5,1.9999607626096199,0.45164147136476995,1.9404066222104843,1,True,0.0001876297929582372
floquet_buffered_three_qubit,0,1.0,1,70.05,101.5,1.9999607626096199,0.4516413395989561,1.9404119426112112,1,True,0.0001700386813832396
floquet_buffered_three_qubit,0,1.0,1,70.2,101.5,1.9999607626096199,0.451641216220214,1.9404169243615002,1,True,0.00013492199380188676
floquet_buffered_three_qubit,0,1.0,1,70.35,101.5,1.9999607626096199,0.451641104318089,1.9404214427125548,1,True,8.544147430817311e-05
floquet_buffered_three_qubit,0,1.0,1,70.5,101.5,1.9999607626096199,0.4516410060829953,1.940425409220406,1,True,2.6016806992088753e-05
floquet_buffered_three_qubit,0,1.0,1,70.64999999999999,101.5,1.9999607626096199,0.45164092261819555,1.9404287793377728,1,True,-3.80675274911118e-05
floquet_buffered_three_qubit,0,1.0,1,70.8,101.5,1.9999607626096199,0.45164085382019736,1.9404315572433806,1,True,-0.00010112489087193405
floquet_buffered_three_qubit,0,1.0,1,70.95,101.5,1.9999607626096199,0.4516407984290353,1.9404337938117033,1,True,-0.00015756146080535656
floquet_buffered_three_qubit,0,1.0,1,71.1,101.5,1.9999607626096199,0.4516407542533357,1.940435577525363,1,True,-0.00020236190940643863
floquet_buffered_three_qubit,0,1.0,1,71.25,101.5,1.9999607626096199,0.45164071802269207,1.9404370404358668,1,True,-0.000231528221987345
floquet_buffered_three_qubit,0,1.0,1,71.39999999999999,101.5,1.9999607626096199,0.45164068584164563,1.9404383398329164,1,True,-0.00024243667377402966
floquet_buffered_three_qubit,0,1.0,1,71.55,101.5,1.9999607626096199,0.45164065374705337,1.9404396357391607,1,True,-0.00023408043382835893
floquet_buffered_three_qubit,0,1.0,1,71.7,101.5,1.9999607626096199,0.4516406177885787,1.9404410876601597,1,True,-0.00020717269792919568
floquet_buffered_three_qubit,0,1.0,1,71.85,101.5,1.9999607626096199,0.4516405744600078,1.9404428371688227,1,True,-0.00016409617612837143
floquet_buffered_three_qubit,0,1.0,1,72.0,101.5,1.9999607626096199,0.45164052103903596,1.9404449941856128,1,True,-0.00010870137378083181
floquet_buffered_three_qubit,0,1.0,1,72.14999999999999,101.5,1.9999607626096199,0.45164045578624507,1.9404476289442822,1,True,-4.596610662046744e-05
floquet_buffered_three_qubit,0,1.0,1,72.3,101.5,1.9999607626096199,0.4516403781396167,1.940450764137886,1,True,1.8456664478101364e-05
floquet_buffered_three_qubit,0,1.0,1,72.45,101.5,1.9999607626096199,0.4516402887915321,1.9404543718097051,1,True,7.875635802845986e-05
floquet_buffered_three_qubit,0,1.0,1,72.6,101.5,1.9999607626096199,0.45164018954761004,1.9404583790530088,1,True,0.00012949872966179997
floquet_buffered_three_qubit,0,1.0,1,72.75,101.5,1.9999607626096199,0.4516400832093614,1.9404626727492187,1,True,0.0001661232423601321
floquet_buffered_three_qubit,0,1.0,1,72.89999999999999,101.5,1.9999607626096199,0.45163997332734773,1.940467109534775,1,True,0.00018535622623946062
floquet_buffered_three_qubit,0,1.0,1,73.05,101.5,1.9999607626096199,0.4516398638454857,1.9404715301633062,1,True,0.0001854984024294919
floquet_buffered_three_qubit,0,1.0,1,73.2,101.5,1.9999607626096199,0.45163975876823886,1.9404757729436763,1,True,0.000166566506025973
floquet_buffered_three_qubit,0,1.0,1,73.35,101.5,1.9999607626096199,0.45163966179692155,1.9404796884251898,1,True,0.0001302775982539488
floquet_buffered_three_qubit,0,1.0,1,73.5,101.5,1.9999607626096199,0.45163957599014776,1.940483153107924,1,True,7.988247449270604e-05
floquet_buffered_three_qubit,0,1.0,1,73.64999999999999,101.5,1.9999607626096199,0.4516395035094922,1.940486079712343,1,True,1.987000958150864e-05
floquet_buffered_three_qubit,0,1.0,1,73.8,101.5,1.9999607626096199,0.45163944539427003,1.9404884262732183,1,True,-4.443250341045309e-05
floquet_buffered_three_qubit,0,1.0,1,73.95,101.5,1.9999607626096199,0.45163940146547893,1.9404902000182125,1,True,-0.00010732493955834373
floquet_buffered_three_qubit,0,1.0,1,74.1,101.5,1.9999607626096199,0.451639370536505,1.9404914488600815,1,True,-0.00016322701866499674
floquet_buffered_three_qubit,0,1.0,1,74.25,101.5,1.9999607626096199,0.45163935028627195,1.9404922665186037,1,True,-0.00020716577023330827
floquet_buffered_three_qubit,0,1.0,1,74.39999999999999,101.5,1.9999607626096199,0.45163933729993627,1.9404927908774123,1,True,-0.00023521228560369951
floquet_buffered_three_qubit,0,1.0,1,74.55,101.5,1.9999607626096199,0.4516393278213898,1.9404931735996438,1,True,-0.00024482922247628637
floquet_buffered_three_qubit,0,1.0,1,74.7,101.5,1.9999607626096199,0.4516393178368377,1.9404935767532399,1,True,-0.00023510734056685263
floquet_buffered_three_qubit,0,1.0,1,74.85,101.5,1.9999607626096199,0.4516393033910007,1.940494160043414,1,True,-0.00020686084851230348
floquet_buffered_three_qubit,0,1.0,1,75.0,101.5,1.9999607626096199,0.45163928104148016,1.9404950624664308,1,True,-0.0001625689562197461
floquet_buffered_three_qubit,0,1.0,1,75.14999999999999,101.5,1.9999607626096199,0.45163924809042155,1.9404963929555579,1,True,-0.00010616431783738531
floquet_buffered_three_qubit,0,1.0,1,75.3,101.5,1.9999607626096199,0.4516392028538285,1.9404982195067724,1,True,-4.2685136863841985e-05
floquet_buffered_three_qubit,0,1.0,1,75.45,101.5,1.9999607626096199,0.4516391448615507,1.9405005611037074,1,True,2.2181100892050556e-05
floquet_buffered_three_qubit,0,1.0,1,75.6,101.5,1.9999607626096199,0.4516390748384804,1.9405033884768856,1,True,8.261804174379036e-05
floquet_buffered_three_qubit,0,1.0,1,75.75,101.5,1.9999607626096199,0.4516389946618554,1.9405066258277297,1,True,0.0001332144498910224
floquet_buffered_three_qubit,0,1.0,1,75.89999999999999,101.5,1.9999607626096199,0.45163890717996275,1.9405101581488815,1,True,0.0001694583055954606
floquet_buffered_three_qubit,0,1.0,1,76.05,101.5,1.9999607626096199,0.4516388159565526,1.9405138415441832,1,True,0.00018814343305015275
floquet_buffered_three_qubit,0,1.0,1,76.2,101.5,1.9999607626096199,0.4516387249612885,1.9405175157275918,1,True,0.00018765175751661432
floquet_buffered_three_qubit,0,1.0,1,76.35,101.5,1.9999607626096199,0.4516386381843382,1.9405210195851308,1,True,0.00016808462325849528
floquet_buffered_three_qubit,0,1.0,1,76.5,101.5,1.9999607626096199,0.4516385592973983,1.940524204861947,1,True,0.00013123934303008785
floquet_buffered_three_qubit,0,1.0,1,76.64999999999999,101.5,1.9999607626096199,0.451638491324706,1.9405269494461292,1,True,8.043590133375087e-05
floquet_buffered_three_qubit,0,1.0,1,76.8,101.5,1.9999607626096199,0.45163843636329704,1.9405291686640553,1,True,2.0213418561167345e-05
floquet_buffered_three_qubit,0,1.0,1,76.95,101.5,1.9999607626096199,0.4516383954194002,1.9405308218864374,1,True,-4.407218228833887e-05
floquet_buffered_three_qubit,0,1.0,1,77.1,101.5,1.9999607626096199,0.4516383683027522,1.940531916795651,1,True,-0.00010671736838150728
floquet_buffered_three_qubit,0,1.0,1,77.25,101.5,1.9999607626096199,0.4516383536394613,1.9405325088663445,1,True,-0.00016216591154287108
floquet_buffered_three_qubit,0,1.0,1,77.39999999999999,101.5,1.9999607626096199,0.45163834901958905,1.94053269540639,1,True,-0.00020549161356911227
floquet_buffered_three_qubit,0,1.0,1,77.55,101.5,1.9999607626096199,0.45163835117994305,1.9405326081761543,1,True,-0.00023283079638237994
floquet_buffered_three_qubit,0,1.0,1,77.7,101.5,1.9999607626096199,0.45163835629410176,1.9405324016779362,1,True,-0.00024172700873052437
floquet_buffered_three_qubit,0,1.0,1,77.85,101.5,1.9999607626096199,0.4516383603326475,1.9405322386105464,1,True,-0.0002313593763309453
floquet_buffered_three_qubit,0,1.0,1,78.0,101.5,1.9999607626096199,0.4516383593953736,1.9405322764555555,1,True,-0.0002026289046233451
floquet_buffered_three_qubit,0,1.0,1,78.14999999999999,101.5,1.9999607626096199,0.4516383500737613,1.940532652841287,1,True,-0.0001580920664750554
floquet_buffered_three_qubit,0,1.0,1,78.3,101.5,1.9999607626096199,0.4516383297591415,1.9405334730999262,1,True,-0.00010174180312863377
floquet_buffered_three_qubit,0,1.0,1,78.45,101.5,1.9999607626096199,0.451638296866415,1.9405348012342294,1,True,-3.865188625118603e-05
floquet_buffered_three_qubit,0,1.0,1,78.6,101.5,1.9999607626096199,0.4516382510014097,1.940536653159997,1,True,2.5483220854027994e-05
floquet_buffered_three_qubit,0,1.0,1,78.75,101.5,1.9999607626096199,0.4516381929774523,1.9405389960369528,1,True,8.487097891769484e-05
floquet_buffered_three_qubit,0,1.0,1,78.89999999999999,101.5,1.9999607626096199,0.45163812474058407,1.940541751288355,1,True,0.000134152940147005
floquet_buffered_three_qubit,0,1.0,1,79.05,101.5,1.9999607626096199,0.4516380492165199,1.940544800780439,1,True,0.0001688955352930601
floquet_buffered_three_qubit,0,1.0,1,79.2,101.5,1.9999607626096199,0.451637970021073,1.9405479985148106,1,True,0.00018598997415925262
floquet_buffered_three_qubit,0,1.0,1,79.35,101.5,1.9999607626096199,0.451637891135485,1.940551183737872,1,True,0.0001839250023439642
floquet_buffered_three_qubit,0,1.0,1,79.5,101.5,1.9999607626096199,0.4516378165654978,1.9405541947067495,1,True,0.00016291132171337037
floquet_buffered_three_qubit,0,1.0,1,79.64999999999999,101.5,1.9999607626096199,0.45163774996317085,1.94055688395944,1,True,0.0001248474963193998
floquet_buffered_three_qubit,0,1.0,1,79.8,101.5,1.9999607626096199,0.45163769431462364,1.940559130923111,1,True,7.313883127497236e-05
floquet_buffered_three_qubit,0,1.0,1,79.95,101.5,1.9999607626096199,0.4516376516766045,1.9405608525508378,1,True,1.23879387235346e-05
floquet_buffered_three_qubit,0,1.0,1,80.1,101.5,1.9999607626096199,0.4516376229740227,1.9405620114968307,1,True,-5.201381059956297e-05
floquet_buffered_three_qubit,0,1.0,1,80.25,101.5,1.9999607626096199,0.45163760791765134,1.9405626194393992,1,True,-0.00011435633048425681
floquet_buffered_three_qubit,0,1.0,1,80.39999999999999,101.5,1.9999607626096199,0.4516376051321736,1.9405627319107581,1,True,-0.0001691074606061888
floquet_buffered_three_qubit,0,1.0,1,80.55,101.5,1.9999607626096199,0.4516376122580475,1.9405624441839204,1,True,-0.00021139346758188113
floquet_buffered_three_qubit,0,1.0,1,80.7,101.5,1.9999607626096199,0.451637625858912,1.94056189501146,1,True,-0.0002374266755872126
floquet_buffered_three_qubit,0,1.0,1,80.85,101.5,1.9999607626096199,0.45163764205876056,1.9405612408978414,1,True,-0.00024484548316601175
floquet_buffered_three_qubit,0,1.0,1,81.0,101.5,1.9999607626096199,0.45163765688392876,1.9405606422907455,1,True,-0.00023293405023709177
floquet_buffered_three_qubit,0,1.0,1,81.14999999999999,101.5,1.9999607626096199,0.45163766643327424,1.9405602567095588,1,True,-0.00020270101751408522
floquet_buffered_three_qubit,0,1.0,1,81.3,101.5,1.9999607626096199,0.45163766732913263,1.9405602205368022,1,True,-0.00015680256437737206
floquet_buffered_three_qubit,0,1.0,1,81.45,101.5,1.9999607626096199,0.4516376570037849,1.9405606374512234,1,True,-9.931608568004547e-05
floquet_buffered_three_qubit,0,1.0,1,81.6,101.5,1.9999607626096199,0.45163763391487993,1.9405615697295078,1,True,-3.5378125288908154e-05
floquet_buffered_three_qubit,0,1.0,1,81.75,101.5,1.9999607626096199,0.451637597718002,1.9405630312784108,1,True,2.9282580116050495e-05
floquet_buffered_three_qubit,0,1.0,1,81.89999999999999,101.5,1.9999607626096199,0.4516375493025163,1.9405649861873755,1,True,8.886884847734527e-05
floquet_buffered_three_qubit,0,1.0,1,82.05,101.5,1.9999607626096199,0.45163749067104914,1.940567353594858,1,True,0.00013804743521883046
floquet_buffered_three_qubit,0,1.0,1,82.2,101.5,1.9999607626096199,0.4516374247703878,1.9405700145162055,1,True,0.00017243518488297018
floquet_buffered_three_qubit,0,1.0,1,82.35,101.5,1.9999607626096199,0.45163735524525234,1.9405728217857867,1,True,0.00018899405131960061
floquet_buffered_three_qubit,0,1.0,1,82.5,101.5,1.9999607626096199,0.45163728609252235,1.9405756140185426,1,True,0.00018629642386493883
floquet_buffered_three_qubit,0,1.0,1,82.64999999999999,101.5,1.9999607626096199,0.45163722129174283,1.940578230529332,1,True,0.00016463936595250236
floquet_buffered_three_qubit,0,1.0,1,82.8,101.5,1.9999607626096199,0.45163716447076363,1.940580524833653,1,True,0.00012600423142826016
floquet_buffered_three_qubit,0,1.0,1,82.95,101.5,1.9999607626096199,0.45163711856430583,1.9405823784340006,1,True,7.386650336040566e-05
floquet_buffered_three_qubit,0,1.0,1,83.1,101.5,1.9999607626096199,0.4516370855673245,1.9405837107785062,1,True,1.2880522228621477e-05
floquet_buffered_three_qubit,0,1.0,1,83.25,101.5,1.9999607626096199,0.451637066331046,1.940584487496535,1,True,-5.1533406149521874e-05
floquet_buffered_three_qubit,0,1.0,1,83.39999999999999,101.5,1.9999607626096199,0.4516370605037649,1.940584722789151,1,True,-0.00011366241605247278
floquet_buffered_three_qubit,0,1.0,1,83.55,101.5,1.9999607626096199,0.4516370667590389,1.9405844702151356,1,True,-0.00016799382600874127
floquet_buffered_three_qubit,0,1.0,1,83.7,101.5,1.9999607626096199,0.45163708255575113,1.9405838323791227,1,True,-0.00020969958541022394
floquet_buffered_three_qubit,0,1.0,1,83.85,101.5,1.9999607626096199,0.4516371043986343,1.940582950412218,1,True,-0.00023505897703531692
floquet_buffered_three_qubit,0,1.0,1,84.0,101.5,1.9999607626096199,0.45163712852237087,1.9405819763495482,1,True,-0.0002417886852779483
floquet_buffered_three_qubit,0,1.0,1,84.14999999999999,101.5,1.9999607626096199,0.45163715089965867,1.940581072804592,1,True,-0.00022925900094826075
floquet_buffered_three_qubit,0,1.0,1,84.3,101.5,1.9999607626096199,0.45163716765744916,1.9405803961624046,1,True,-0.00019856293277217816
floquet_buffered_three_qubit,0,1.0,1,84.45,101.5,1.9999607626096199,0.4516371754874378,1.9405800800049346,1,True,-0.00015243240429352147
floquet_buffered_three_qubit,0,1.0,1,84.6,101.5,1.9999607626096199,0.4516371718591994,1.9405802265051055,1,True,-9.500184238353233e-05
floquet_buffered_three_qubit,0,1.0,1,84.75,101.5,1.9999607626096199,0.451637155301553,1.940580895065918,1,True,-3.1440323183819825e-05
floquet_buffered_three_qubit,0,1.0,1,84.89999999999999,101.5,1.9999607626096199,0.4516371255848879,1.9405820949585573,1,True,3.2518379025141035e-05
floquet_buffered_three_qubit,0,1.0,1,85.05,101.5,1.9999607626096199,0.4516370836435746,1.9405837884552386,1,True,9.110232995125323e-05
floquet_buffered_three_qubit,0,1.0,1,85.2,101.5,1.9999607626096199,0.45163703154698365,1.9405858919994186,1,True,0.0001390315202671862
floquet_buffered_three_qubit,0,1.0,1,85.35,101.5,1.9999607626096199,0.45163697231652133,1.94058828359347,1,True,0.0001720009140707399
floquet_buffered_three_qubit,0,1.0,1,85.5,101.5,1.9999607626096199,0.45163690961866204,1.9405908151933406,1,True,0.00018706709812029825
floquet_buffered_three_qubit,0,1.0,1,85.64999999999999,101.5,1.9999607626096199,0.45163684746494126,1.9405933248221758,1,True,0.00018290655076749776
floquet_buffered_three_qubit,0,1.0,1,85.8,101.5,1.9999607626096199,0.4516367898375733,1.940595651687017,1,True,0.0001599214162931807
floquet_buffered_three_qubit,0,1.0,1,85.95,101.5,1.9999607626096199,0.45163674032863943,1.940597650747603,1,True,0.00012018847161900047
floquet_buffered_three_qubit,0,1.0,1,86.1,101.5,1.9999607626096199,0.4516367018381041,1.9405992049097989,1,True,6.726313362392759e-05
floquet_buffered_three_qubit,0,1.0,1,86.25,101.5,1.9999607626096199,0.4516366762976542,1.9406002361763655,1,True,5.8563411670419765e-06
floquet_buffered_three_qubit,0,1.0,1,86.39999999999999,101.5,1.9999607626096199,0.45163666451733364,1.9406007118395143,1,True,-5.858151302002956e-05
floquet_buffered_three_qubit,0,1.0,1,86.55,101.5,1.9999607626096199,0.45163666609071473,1.940600648309885,1,True,-0.00012033613286418037
floquet_buffered_three_qubit,0,1.0,1,86.7,101.5,1.9999607626096199,0.4516366794571948,1.9406001086011397,1,True,-0.00017392635876395667
floquet_buffered_three_qubit,0,1.0,1,86.85,101.5,1.9999607626096199,0.45163670217221874,1.9405991914189924,1,True,-0.00021458185951848255
floquet_buffered_three_qubit,0,1.0,1,87.0,101.5,1.9999607626096199,0.4516367308075406,1.9405980351883916,1,True,-0.0002386592870700752
floquet_buffered_three_qubit,0,1.0,1,87.14999999999999,101.5,1.9999607626096199,0.4516367613703535,1.9405968011300023,1,True,-0.0002439711619071462
floquet_buffered_three_qubit,0,1.0,1,87.3,101.5,1.9999607626096199,0.4516367899033473,1.9405956490312075,1,True,-0.00022999353467642464
floquet_buffered_three_qubit,0,1.0,1,87.45,101.5,1.9999607626096199,0.4516368125614158,1.9405947341488328,1,True,-0.00019792478067020343
floquet_buffered_three_qubit,0,1.0,1,87.6,101.5,1.9999607626096199,0.45163682602881494,1.9405941903652337,1,True,-0.00015059309354137346
floquet_buffered_three_qubit,0,1.0,1,87.75,101.5,1.9999607626096199,0.451636827857852,1.9405941165127896,1,True,-9.221324110603591e-05
floquet_buffered_three_qubit,0,1.0,1,87.89999999999999,101.5,1.9999607626096199,0.4516368166539992,1.9405945688994255,1,True,-2.8010074812891672e-05
floquet_buffered_three_qubit,0,1.0,1,88.05,101.5,1.9999607626096199,0.4516367922152064,1.9405955556834815,1,True,3.625560438024725e-05
floquet_buffered_three_qubit,0,1.0,1,88.2,101.5,1.9999607626096199,0.4516367555604229,1.9405970357220765,1,True,9.481525981161461e-05
floquet_buffered_three_qubit,0,1.0,1,88.35,101.5,1.9999607626096199,0.4516367088084086,1.9405989234644068,1,True,0.00014242182518132198
floquet_buffered_three_qubit,0,1.0,1,88.5,101.5,1.9999607626096199,0.4516366550108817,1.9406010956889068,1,True,0.00017482822179894385
floquet_buffered_three_qubit,0,1.0,1,88.64999999999999,101.5,1.9999607626096199,0.4516365978777898,1.9406034025961523,1,True,0.0001891693795622572
floquet_buffered_three_qubit,0,1.0,1,88.8,101.5,1.9999607626096199,0.4516365414140954,1.9406056824746656,1,True,0.0001842102402948597
floquet_buffered_three_qubit,0,1.0,1,88.95,101.5,1.9999607626096199,0.4516364895881545,1.9406077750910458,1,True,0.00016044428715449298
floquet_buffered_three_qubit,0,1.0,1,89.1,101.5,1.9999607626096199,0.45163644596602126,1.9406095364559246,1,True,0.0001200343860051426
floquet_buffered_three_qubit,0,1.0,1,89.25,101.5,1.9999607626096199,0.45163641339055866,1.9406108517807932,1,True,6.660759009763653e-05
floquet_buffered_three_qubit,0,1.0,1,89.39999999999999,101.5,1.9999607626096199,0.45163639374631176,1.9406116449718835,1,True,4.92768855580411e-06
floquet_buffered_three_qubit,0,1.0,1,89.55,101.5,1.9999607626096199,0.4516363877598573,1.94061188669163,1,True,-5.952684427976762e-05
floquet_buffered_three_qubit,0,1.0,1,89.7,101.5,1.9999607626096199,0.4516363949365796,1.940611596911509,1,True,-0.00012104007293142363
floquet_buffered_three_qubit,0,1.0,1,89.85,101.5,1.9999607626096199,0.4516364137741578,1.9406108362919108,1,True,-0.00017415454675852576
floquet_buffered_three_qubit,0,1.0,1,90.0,101.5,1.9999607626096199,0.45163644171302636,1.9406097081824185,1,True,-0.0002141465970757837
floquet_buffered_three_qubit,0,1.0,1,90.14999999999999,101.5,1.9999607626096199,0.451636475174618,1.94060835707764,1,True,-0.0002374416545067439
floquet_buffered_three_qubit,0,1.0,1,90.3,101.5,1.9999607626096199,0.45163651030314445,1.940606938665758,1,True,-0.00024193579687069788
floquet_buffered_three_qubit,0,1.0,1,90.45,101.5,1.9999607626096199,0.45163654310713536,1.9406056141134753,1,True,-0.0002271933674209415
floquet_buffered_three_qubit,0,1.0,1,90.6,101.5,1.9999607626096199,0.4516365697505042,1.9406045383134387,1,True,-0.0001945002168958155
floquet_buffered_three_qubit,0,1.0,1,90.75,101.5,1.9999607626096199,0.4516365869917342,1.9406038421508842,1,True,-0.0001467615486054894
floquet_buffered_three_qubit,0,1.0,1,90.89999999999999,101.5,1.9999607626096199,0.4516365924210416,1.9406036229275185,1,True,-8.825120254801604e-05
floquet_buffered_three_qubit,0,1.0,1,91.05,101.5,1.9999607626096199,0.45163658469989204,1.9406039346903796,1,True,-2.422965448310437e-05
floquet_buffered_three_qubit,0,1.0,1,91.2,101.5,1.9999607626096199,0.45163656371006905,1.9406047822127894,1,True,3.953567478986884e-05
floquet_buffered_three_qubit,0,1.0,1,91.35,101.5,1.9999607626096199,0.45163653053166614,1.9406061218829862,1,True,9.729886454528008e-05
floquet_buffered_three_qubit,0,1.0,1,91.5,101.5,1.9999607626096199,0.45163648735763834,1.9406078651543337,1,True,0.00014386384423143887
floquet_buffered_three_qubit,0,1.0,1,91.64999999999999,101.5,1.9999607626096199,0.4516364372802331,1.9406098871687683,1,True,0.00017505785928032978
floquet_buffered_three_qubit,0,1.0,1,91.8,101.5,1.9999607626096199,0.4516363840264146,1.9406120374397606,1,True,0.0001881063242024524
floquet_buffered_three_qubit,0,1.0,1,91.95,101.5,1.9999607626096199,0.4516363316276602,1.9406141531852052,1,True,0.0001818746748605136
floquet_buffered_three_qubit,0,1.0,1,92.1,101.5,1.9999607626096199,0.4516362840309023,1.9406160750367236,1,True,0.0001569555184080312
floquet_buffered_three_qubit,0,1.0,1,92.25,101.5,1.9999607626096199,0.45163624477102426,1.940617660263549,1,True,0.0001156022554141616
floquet_buffered_three_qubit,0,1.0,1,92.39999999999999,101.5,1.9999607626096199,0.45163621664790826,1.940618795812633,1,True,6.151644386490234e-05
floquet_buffered_three_qubit,0,1.0,1,92.55,101.5,1.9999607626096199,0.4516362014707171,1.9406194086339725,1,True,-4.869307832419932e-07
floquet_buffered_three_qubit,0,1.0,1,92.7,101.5,1.9999607626096199,0.4516361998819582,1.9406194727845363,1,True,-6.490463025797274e-05
floquet_buffered_three_qubit,0,1.0,1,92.85,101.5,1.9999607626096199,0.45163621137853294,1.9406190085783284,1,True,-0.00012602427424826702
floquet_buffered_three_qubit,0,1.0,1,93.0,101.5,1.9999607626096199,0.4516362344415633,1.9406180773442838,1,True,-0.0001784182506622204
floquet_buffered_three_qubit,0,1.0,1,93.14999999999999,101.5,1.9999607626096199,0.4516362662951515,1.9406167911670127,1,True,-0.00021742221421057353
floquet_buffered_three_qubit,0,1.0,1,93.3,101.5,1.9999607626096199,0.4516363034035706,1.9406152928113387,1,True,-0.0002395422030959914
floquet_buffered_three_qubit,0,1.0,1,93.45,101.5,1.9999607626096199,0.45163634193911284,1.9406137368316216,1,True,-0.00024276763812942253
floquet_buffered_three_qubit,0,1.0,1,93.6,101.5,1.9999607626096199,0.45163637785867755,1.940612286479294,1,True,-0.00022676508338031448
floquet_buffered_three_qubit,0,1.0,1,93.75,101.5,1.9999607626096199,0.4516364073670199,1.9406110949979205,1,True,-0.0001929210782779427
floquet_buffered_three_qubit,0,1.0,1,93.89999999999999,101.5,1.9999607626096199,0.4516364272658797,1.9406102915261265,1,True,-0.0001442319565432765
floquet_buffered_three_qubit,0,1.0,1,94.05,101.5,1.9999607626096199,0.45163643517966856,1.9406099719849008,1,True,-8.504326011942455e-05
floquet_buffered_three_qubit,0,1.0,1,94.2,101.5,1.9999607626096199,0.45163642983758995,1.9406101876861783,1,True,-2.0662243393786082e-05
floquet_buffered_three_qubit,0,1.0,1,94.35,101.5,1.9999607626096199,0.4516364112136891,1.9406109396779558,1,True,4.312528808594401e-05
floquet_buffered_three_qubit,0,1.0,1,94.5,101.5,1.9999607626096199,0.45163638043766324,1.940612182345575,1,True,0.00010058625387551874
floquet_buffered_three_qubit,0,1.0,1,94.64999999999999,101.5,1.9999607626096199,0.4516363397466241,1.9406138253594543,1,True,0.0001465658156113963
floquet_buffered_three_qubit,0,1.0,1,94.8,101.5,1.9999607626096199,0.45163629229509855,1.9406157413468064,1,True,0.00017695786710753342
floquet_buffered_three_qubit,0,1.0,1,94.95,101.5,1.9999607626096199,0.4516362418356977,1.9406177787855274,1,True,0.0001890722589840754
floquet_buffered_three_qubit,0,1.0,1,95.1,101.5,1.9999607626096199,0.45163619239346037,1.9406197751534828,1,True,0.00018186786489998534
floquet_buffered_three_qubit,0,1.0,1,95.25,101.5,1.9999607626096199,0.4516361479137752,1.9406215711446153,1,True,0.0001560330118490386
floquet_buffered_three_qubit,0,1.0,1,95.39999999999999,101.5,1.9999607626096199,0.451636111893101,1.9406230255796493,1,True,0.00011390844017214867
floquet_buffered_three_qubit,0,1.0,1,95.55,101.5,1.9999607626096199,0.4516360870847811,1.9406240272846647,1,True,5.926819158378679e-05
floquet_buffered_three_qubit,0,1.0,1,95.7,101.5,1.9999607626096199,0.45163607525004235,1.94062450514521,1,True,-3.0210476869640835e-06
floquet_buffered_three_qubit,0,1.0,1,95.85,101.5,1.9999607626096199,0.4516360769901028,1.940624434885422,1,True,-6.74294959514156e-05
floquet_buffered_three_qubit,0,1.0,1,96.0,101.5,1.9999607626096199,0.45163609169291036,1.9406238412186112,1,True,-0.00012824508687800563
floquet_buffered_three_qubit,0,1.0,1,96.14999999999999,101.5,1.9999607626096199,0.45163611766394784,1.940622792565634,1,True,-0.00018007112816043793
floquet_buffered_three_qubit,0,1.0,1,96.3,101.5,1.9999607626096199,0.45163615229020054,1.9406213944342532,1,True,-0.00021829576257120285
floquet_buffered_three_qubit,0,1.0,1,96.45,101.5,1.9999607626096199,0.4516361919791071,1.9406197918841497,1,True,-0.00023949553178515714
floquet_buffered_three_qubit,0,1.0,1,96.6,101.5,1.9999607626096199,0.4516362327557421,1.9406181454140066,1,True,-0.00024174750544140436
floquet_buffered_three_qubit,0,1.0,1,96.75,101.5,1.9999607626096199,0.45163627066417333,1.940616614755598,1,True,-0.00022481144250880732
floquet_buffered_three_qubit,0,1.0,1,96.89999999999999,101.5,1.9999607626096199,0.4516363019164104,1.9406153528595687,1,True,-0.0001901647156180313
floquet_buffered_three_qubit,0,1.0,1,97.05,101.5,1.9999607626096199,0.451636323332249,1.9406144881355074,1,True,-0.00014088371732870003
floquet_buffered_three_qubit,0,1.0,1,97.2,101.5,1.9999607626096199,0.4516363326296962,1.9406141127252141,1,True,-8.137661812773487e-05
floquet_buffered_three_qubit,0,1.0,1,97.35,101.5,1.9999607626096199,0.4516363286190706,1.9406142746653794,1,True,-1.6988034851856583e-05
floquet_buffered_three_qubit,0,1.0,1,97.5,101.5,1.9999607626096199,0.45163631130084,1.9406149739371192,1,True,4.648771865667588e-05
floquet_buffered_three_qubit,0,1.0,1,97.64999999999999,101.5,1.9999607626096199,0.45163628189156907,1.940616161418254,1,True,0.00010333834600367416
floquet_buffered_three_qubit,0,1.0,1,97.8,101.5,1.9999607626096199,0.45163624269514235,1.9406177440830596,1,True,0.00014845812382711538
floquet_buffered_three_qubit,0,1.0,1,97.95,101.5,1.9999607626096199,0.4516361968887198,1.940619593644869,1,True,0.00017781244110046864
floquet_buffered_three_qubit,0,1.0,1,98.1,101.5,1.9999607626096199,0.4516361482588995,1.9406215572092604,1,True,0.00018879982099172856
floquet_buffered_three_qubit,0,1.0,1,98.25,101.5,1.9999607626096199,0.45163610083849814,1.9406234719400288,1,True,0.0001804760176749277
floquet_buffered_three_qubit,0,1.0,1,98.39999999999999,101.5,1.9999607626096199,0.45163605854793515,1.9406251795393188,1,True,0.00015362476964678634
floquet_buffered_three_qubit,0,1.0,1,98.55,101.5,1.9999607626096199,0.4516360248579241,1.9406265398673828,1,True,0.00011067416300455688
floquet_buffered_three_qubit,0,1.0,1,98.7,101.5,1.9999607626096199,0.4516360024636684,1.9406274440978628,1,True,5.5468363826507114e-05
floquet_buffered_three_qubit,0,1.0,1,98.85,101.5,1.9999607626096199,0.4516359930658557,1.94062782356074,1,True,-7.07780394857132e-06
floquet_buffered_three_qubit,0,1.0,1,99.0,101.5,1.9999607626096199,0.45163599719023617,1.9406276570273857,1,True,-7.141265273343044e-05
floquet_buffered_three_qubit,0,1.0,1,99.14999999999999,101.5,1.9999607626096199,0.45163601414905474,1.9406269722678253,1,True,-0.00013183134395002577
floquet_buffered_three_qubit,0,1.0,1,99.3,101.5,1.9999607626096199,0.4516360422970827,1.9406258357127637,1,True,-0.00018296960115802094
floquet_buffered_three_qubit,0,1.0,1,99.45,101.5,1.9999607626096199,0.45163607885711876,1.940624359499451,1,True,-0.00022027308510160187
floquet_buffered_three_qubit,0,1.0,1,99.6,101.5,1.9999607626096199,0.4516361201529926,1.940622692063522,1,True,-0.00024039867900759905
floquet_buffered_three_qubit,0,1.0,1,99.75,101.5,1.9999607626096199,0.4516361623274283,1.9406209891532362,1,True,-0.00024151622381849227
floquet_buffered_three_qubit,0,1.0,1,99.89999999999999,101.5,1.9999607626096199,0.4516362013733312,1.9406194125661982,1,True,-0.00022348391732518254
floquet_buffered_three_qubit,0,1.0,1,100.05,101.5,1.9999607626096199,0.4516362335296664,1.9406181141646586,1,True,-0.00018787498042038435
floquet_buffered_three_qubit,0,1.0,1,100.2,101.5,1.9999607626096199,0.4516362556863255,1.940617219527886,1,True,-0.00013785021334858393
floquet_buffered_three_qubit,0,1.0,1,100.35,101.5,1.9999607626096199,0.4516362655934299,1.9406168195009756,1,True,-7.788290650223303e-05
floquet_buffered_three_qubit,0,1.0,1,100.5,101.5,1.9999607626096199,0.45163626210867114,1.9406169602078076,1,True,-1.3357573112543745e-05
floquet_buffered_three_qubit,0,1.0,1,100.64999999999999,101.5,1.9999607626096199,0.45163624533673585,1.9406176374213686,1,True,4.992114438946792e-05
floquet_buffered_three_qubit,0,1.0,1,100.8,101.5,1.9999607626096199,0.45163621654365504,1.9406188000221472,1,True,0.00010626102140801649
floquet_buffered_three_qubit,0,1.0,1,100.95,101.5,1.9999607626096199,0.4516361780882397,1.940620352766596,1,True,0.00015060464619066062
floquet_buffered_three_qubit,0,1.0,1,101.1,101.5,1.9999607626096199,0.45163613320585755,1.940622165017746,1,True,0.00017899003062857896
floquet_buffered_three_qubit,0,1.0,1,101.25,101.5,1.9999607626096199,0.4516360856936312,1.9406240834562167,1,True,0.00018890395818338832
floquet_buffered_three_qubit,0,1.0,1,101.39999999999999,101.5,1.9999607626096199,0.4516360395954598,1.9406259447983167,1,True,0.00017949946419802996
floquet_buffered_three_qubit,0,1.0,1,101.55,101.5,1.9999607626096199,0.45163599882050504,1.940627591200738,1,True,0.00015165731615211854
floquet_buffered_three_qubit,0,1.0,1,101.7,101.5,1.9999607626096199,0.45163596679810175,1.9406288841945214,1,True,0.00010789279103725288
floquet_buffered_three_qubit,0,1.0,1,101.85,101.5,1.9999607626096199,0.4516359461851456,1.9406297165000896,1,True,5.212172358136415e-05
floquet_buffered_three_qubit,0,1.0,1,102.0,101.5,1.9999607626096199,0.45163593861202694,1.9406300222858652,1,True,-1.0692486194904387e-05
floquet_buffered_three_qubit,0,1.0,1,102.14999999999999,101.5,1.9999607626096199,0.45163594456352385,1.9406297819775868,1,True,-7.497506033573702e-05
floquet_buffered_three_qubit,0,1.0,1,102.3,101.5,1.9999607626096199,0.4516359633290214,1.9406290242683113,1,True,-0.0001350257888719888
floquet_buffered_three_qubit,0,1.0,1,102.45,101.5,1.9999607626096199,0.4516359930466816,1.940627824334951,1,True,-0.00018551365580111662
floquet_buffered_three_qubit,0,1.0,1,102.6,101.5,1.9999607626096199,0.4516360308996823,1.9406262959145608,1,True,-0.00022194105298879664
floquet_buffered_three_qubit,0,1.0,1,102.75,101.5,1.9999607626096199,0.4516360733464411,1.9406245820084123,1,True,-0.0002410417316792798
floquet_buffered_three_qubit,0,1.0,1,102.89999999999999,101.5,1.9999607626096199,0.4516361164344721,1.9406228422091427,1,True,-0.00024107607053926598
floquet_buffered_three_qubit,0,1.0,1,103.05,101.5,1.9999607626096199,0.45163615619028286,1.9406212369575717,1,True,-0.00022199829496692577
floquet_buffered_three_qubit,0,1.0,1,103.2,101.5,1.9999607626096199,0.45163618885006906,1.940619918227772,1,True,-0.00018547581488562978
floquet_buffered_three_qubit,0,1.0,1,103.35,101.5,1.9999607626096199,0.4516362112737106,1.9406190128108207,1,True,-0.0001347517085441612
floquet_buffered_three_qubit,0,1.0,1,103.5,101.5,1.9999607626096199,0.4516362213508693,1.9406186059174906,1,True,-7.436155471835459e-05
floquet_buffered_three_qubit,0,1.0,1,103.64999999999999,101.5,1.9999607626096199,0.4516362180122322,1.9406187407242566,1,True,-9.727348122866763e-06
floquet_buffered_three_qubit,0,1.0,1,103.8,101.5,1.9999607626096199,0.45163620139584754,1.9406194116570412,1,True,5.3337567438994244e-05
floquet_buffered_three_qubit,0,1.0,1,103.95,101.5,1.9999607626096199,0.4516361728521775,1.9406205641871834,1,True,0.00010916242158794173
floquet_buffered_three_qubit,0,1.0,1,104.1,101.5,1.9999607626096199,0.4516361347844963,1.9406221012758098,1,True,0.00015273870722091443
floquet_buffered_three_qubit,0,1.0,1,104.25,101.5,1.9999607626096199,0.45163609046299014,1.940623890880064,1,True,0.00018017599487949343
floquet_buffered_three_qubit,0,1.0,1,104.39999999999999,101.5,1.9999607626096199,0.45163604372273936,1.9406257781479026,1,True,0.0001890495741886232
floquet_buffered_three_qubit,0,1.0,1,104.55,101.5,1.9999607626096199,0.4516359985946517,1.9406276003201972,1,True,0.00017860727175071314
floquet_buffered_three_qubit,0,1.0,1,104.7,101.5,1.9999607626096199,0.4516359589731278,1.9406292001496586,1,True,0.00014982409330909136
floquet_buffered_three_qubit,0,1.0,1,104.85,101.5,1.9999607626096199,0.45163592825299514,1.940630440560657,1,True,0.00010530024404931534
floquet_buffered_three_qubit,0,1.0,1,105.0,101.5,1.9999607626096199,0.45163590903151113,1.9406312166816668,1,True,4.901902288338045e-05
floquet_buffered_three_qubit,0,1.0,1,105.14999999999999,101.5,1.9999607626096199,0.451635902890659,1.940631464635694,1,True,-1.4010284140355072e-05
floquet_buffered_three_qubit,0,1.0,1,105.3,101.5,1.9999607626096199,0.4516359102259927,1.9406311684511426,1,True,-7.819396518105539e-05
floquet_buffered_three_qubit,0,1.0,1,105.45,101.5,1.9999607626096199,0.4516359302186065,1.9406303611936189,1,True,-0.0001378396895866547
floquet_buffered_three_qubit,0,1.0,1,105.6,101.5,1.9999607626096199,0.4516359610467522,1.940629116421293,1,True,-0.0001876523483540494
floquet_buffered_three_qubit,0,1.0,1,105.75,101.5,1.9999607626096199,0.4516359999121064,1.940627547124289,1,True,-0.0002231947868360632
floquet_buffered_three_qubit,0,1.0,1,105.89999999999999,101.5,1.9999607626096199,0.45163604308362504,1.9406258039539228,1,True,-0.00024127828698903254
floquet_buffered_three_qubit,0,1.0,1,106.05,101.5,1.9999607626096199,0.45163608661600146,1.9406240462129491,1,True,-0.00024025536911811399
floquet_buffered_three_qubit,0,1.0,1,106.2,101.5,1.9999607626096199,0.4516361265480262,1.9406224338462286,1,True,-0.000220177018839663
floquet_buffered_three_qubit,0,1.0,1,106.35,101.5,1.9999607626096199,0.451636159165361,1.940621116830508,1,True,-0.00018280271012581056
floquet_buffered_three_qubit,0,1.0,1,106.5,101.5,1.9999607626096199,0.4516361814304582,1.9406202178152177,1,True,-0.0001314559588458092
floquet_buffered_three_qubit,0,1.0,1,106.64999999999999,101.5,1.9999607626096199,0.45163619122786297,1.940619822217723,1,True,-7.073324784140922e-05
floquet_buffered_three_qubit,0,1.0,1,106.8,101.5,1.9999607626096199,0.45163618757490176,1.9406199697162025,1,True,-6.090954523001648e-06
floquet_buffered_three_qubit,0,1.0,1,106.95,101.5,1.9999607626096199,0.4516361706796455,1.9406206519092122,1,True,5.665294877156866e-05
floquet_buffered_three_qubit,0,1.0,1,107.1,101.5,1.9999607626096199,0.4516361419458855,1.940621812114778,1,True,0.0001118527029166395
floquet_buffered_three_qubit,0,1.0,1,107.25,101.5,1.9999607626096199,0.45163610385659536,1.9406233500759473,1,True,0.0001545532449281776
floquet_buffered_three_qubit,0,1.0,1,107.39999999999999,101.5,1.9999607626096199,0.451636059712152,1.9406251325308177,1,True,0.00018093979706896755
floquet_buffered_three_qubit,0,1.0,1,107.55,101.5,1.9999607626096199,0.45163601336217385,1.9406270040403342,1,True,0.00018867846726719413
floquet_buffered_three_qubit,0,1.0,1,107.7,101.5,1.9999607626096199,0.4516359688561295,1.9406288010959152,1,True,0.0001771162644396618
floquet_buffered_three_qubit,0,1.0,1,107.85,101.5,1.9999607626096199,0.4516359300607828,1.9406303675661896,1,True,0.00014732430896991403
floquet_buffered_three_qubit,0,1.0,1,108.0,101.5,1.9999607626096199,0.4516359003392255,1.940631567656936,1,True,0.00010198931822227778
floquet_buffered_three_qubit,0,1.0,1,108.14999999999999,101.5,1.9999607626096199,0.4516358822382848,1.9406322985328928,1,True,4.5163657919802434e-05
floquet_buffered_three_qubit,0,1.0,1,108.3,101.5,1.9999607626096199,0.45163587726585724,1.940632499308524,1,True,-1.809784633034225e-05
floquet_buffered_three_qubit,0,1.0,1,108.45,101.5,1.9999607626096199,0.4516358857392145,1.9406321571730978,1,True,-8.218218664631066e-05
floquet_buffered_three_qubit,0,1.0,1,108.6,101.5,1.9999607626096199,0.45163590681288984,1.9406313062646874,1,True,-0.00014140670004863634
floquet_buffered_three_qubit,0,1.0,1,108.75,101.5,1.9999607626096199,0.45163593866599006,1.9406300201069555,1,True,-0.0001905108530863026
floquet_buffered_three_qubit,0,1.0,1,108.89999999999999,101.5,1.9999607626096199,0.451635978302157,1.9406284196862238,1,True,-0.00022511797612009553
floquet_buffered_three_qubit,0,1.0,1,109.05,101.5,1.9999607626096199,0.4516360220100602,1.940626654857825,1,True,-0.00024212132115115638
floquet_buffered_three_qubit,0,1.0,1,109.2,101.5,1.9999607626096199,0.4516360658959302,1.940624882843547,1,True,-0.00023996571756968366
floquet_buffered_three_qubit,0,1.0,1,109.35,101.5,1.9999607626096199,0.45163610595481674,1.9406232653544153,1,True,-0.00021880029628142366
floquet_buffered_three_qubit,0,1.0,1,109.5,101.5,1.9999607626096199,0.45163613851755496,1.9406219505431723,1,True,-0.00018047855193300028
floquet_buffered_three_qubit,0,1.0,1,109.64999999999999,101.5,1.9999607626096199,0.45163616060305556,1.9406210587795865,1,True,-0.00012840559705508755
floquet_buffered_three_qubit,0,1.0,1,109.8,101.5,1.9999607626096199,0.4516361701295003,1.940620674122856,1,True,-6.723961968247687e-05
floquet_buffered_three_qubit,0,1.0,1,109.95,101.5,1.9999607626096199,0.4516361661555679,1.9406208345814415,1,True,-2.4726023852858917e-06
floquet_buffered_three_qubit,0,1.0,1,110.1,101.5,1.9999607626096199,0.4516361489966192,1.9406215274217735,1,True,6.0070957817782945e-05
floquet_buffered_three_qubit,0,1.0,1,110.25,101.5,1.9999607626096199,0.4516361201072846,1.9406226939091078,1,True,0.00011476906081627056
floquet_buffered_three_qubit,0,1.0,1,110.39999999999999,101.5,1.9999607626096199,0.45163608200312755,1.940624232470583,1,True,0.00015671720344050003
floquet_buffered_three_qubit,0,1.0,1,110.55,101.5,1.9999607626096199,0.45163603804357255,1.9406260074600852,1,True,0.00018217454840880514
floquet_buffered_three_qubit,0,1.0,1,110.7,101.5,1.9999607626096199,0.4516359920918028,1.9406278628908449,1,True,0.00018889573265499067
floquet_buffered_three_qubit,0,1.0,1,110.85,101.5,1.9999607626096199,0.45163594818844915,1.9406296356111232,1,True,0.00017632265746790246
floquet_buffered_three_qubit,0,1.0,1,111.0,101.5,1.9999607626096199,0.4516359101900088,1.940631169904093,1,True,0.0001456205302293948
floquet_buffered_three_qubit,0,1.0,1,111.14999999999999,101.5,1.9999607626096199,0.45163588141217814,1.940632331889255,1,True,9.955886393882377e-05
floquet_buffered_three_qubit,0,1.0,1,111.3,101.5,1.9999607626096199,0.45163586435427144,1.9406330206498112,1,True,4.225604379909586e-05
floquet_buffered_three_qubit,0,1.0,1,111.45,101.5,1.9999607626096199,0.4516358604667789,1.9406331776181642,1,True,-2.1190022578874018e-05
floquet_buffered_three_qubit,0,1.0,1,111.6,101.5,1.9999607626096199,0.45163587002380384,1.9406327917266282,1,True,-8.514964701219239e-05
floquet_buffered_three_qubit,0,1.0,1,111.75,101.5,1.9999607626096199,0.4516358921204541,1.9406318995127525,1,True,-0.0001439506087347243
floquet_buffered_three_qubit,0,1.0,1,111.89999999999999,101.5,1.9999607626096199,0.45163592472759506,1.9406305829085146,1,True,-0.00019237115291370518
floquet_buffered_three_qubit,0,1.0,1,112.05,101.5,1.9999607626096199,0.4516359648754813,1.9406289618256833,1,True,-0.00022609523163127793
floquet_buffered_three_qubit,0,1.0,1,112.2,101.5,1.9999607626096199,0.4516360089365495,1.9406271827372523,1,True,-0.0002420955004046248
floquet_buffered_three_qubit,0,1.0,1,112.35,101.5,1.9999607626096199,0.451636052917679,1.9406254068765953,1,True,-0.00023890907204347265
floquet_buffered_three_qubit,0,1.0,1,112.5,101.5,1.9999607626096199,0.4516360928266553,1.940623795440501,1,True,-0.00021678029565062737
floquet_buffered_three_qubit,0,1.0,1,112.64999999999999,101.5,1.9999607626096199,0.4516361250373059,1.9406224948457695,1,True,-0.0001776539479505972
floquet_buffered_three_qubit,0,1.0,1,112.8,101.5,1.9999607626096199,0.4516361465980043,1.9406216242725285,1,True,-0.0001250129085103154
floquet_buffered_three_qubit,0,1.0,1,112.95,101.5,1.9999607626096199,0.45163615551947484,1.9406212640433143,1,True,-6.35725626153749e-05
floquet_buffered_three_qubit,0,1.0,1,113.1,101.5,1.9999607626096199,0.4516361509401284,1.9406214489471785,1,True,1.1445627985373178e-06
floquet_buffered_three_qubit,0,1.0,1,113.25,101.5,1.9999607626096199,0.45163613320519796,1.9406221650443802,1,True,6.331300463438587e-05
floquet_buffered_three_qubit,0,1.0,1,113.39999999999999,101.5,1.9999607626096199,0.4516361038597343,1.9406233499492043,1,True,0.00011733961847361224
floquet_buffered_three_qubit,0,1.0,1,113.55,101.5,1.9999607626096199,0.4516360654779603,1.940624899720244,1,True,0.00015837626350280435
floquet_buffered_three_qubit,0,1.0,1,113.7,101.5,1.9999607626096199,0.45163602144026244,1.9406266778649972,1,True,0.0001827594632405406
floquet_buffered_three_qubit,0,1.0,1,113.85,101.5,1.9999607626096199,0.45163597564393315,1.9406285270194223,1,True,0.0001883368540800223
floquet_buffered_three_qubit,0,1.0,1,114.0,101.5,1.9999607626096199,0.4516359321274714,1.9406302841178757,1,True,0.00017464885200733007
floquet_buffered_three_qubit,0,1.0,1,114.14999999999999,101.5,1.9999607626096199,0.4516358947213939,1.9406317944925537,1,True,0.00014295585451164146
floquet_buffered_three_qubit,0,1.0,1,114.3,101.5,1.9999607626096199,0.4516358667115443,1.9406329254683437,1,True,9.611231551588128e-05
floquet_buffered_three_qubit,0,1.0,1,114.45,101.5,1.9999607626096199,0.4516358505339635,1.9406335786832924,1,True,3.8302452194969634e-05
floquet_buffered_three_qubit,0,1.0,1,114.6,101.5,1.9999607626096199,0.4516358475813318,1.9406336979040335,1,True,-2.5332972513279448e-05
floquet_buffered_three_qubit,0,1.0,1,114.75,101.5,1.9999607626096199,0.4516358580481058,1.940633275278839,1,True,-8.914843641595823e-05
floquet_buffered_three_qubit,0,1.0,1,114.89999999999999,101.5,1.9999607626096199,0.45163588091738455,1.940632351867925,1,True,-0.00014748441146664296
floquet_buffered_three_qubit,0,1.0,1,115.05,101.5,1.9999607626096199,0.45163591423454397,1.9406310065947086,1,True,-0.00019515917115657582
floquet_buffered_three_qubit,0,1.0,1,115.19999999999999,101.5,1.9999607626096199,0.45163595500245746,1.9406293604765414,1,True,-0.00022792067423905822
floquet_buffered_three_qubit,0,1.0,1,115.35,101.5,1.9999607626096199,0.45163599939426724,1.9406275680334886,1,True,-0.0002428230945729386
floquet_buffered_three_qubit,0,1.0,1,115.5,101.5,1.9999607626096199,0.45163604348474384,1.9406257877576338,1,True,-0.00023849832775237496
floquet_buffered_three_qubit,0,1.0,1,115.64999999999999,101.5,1.9999607626096199,0.45163608331545246,1.9406241794818075,1,True,-0.0002152894327964409
floquet_buffered_three_qubit,0,1.0,1,115.8,101.5,1.9999607626096199,0.4516361152659201,1.9406228893926831,1,True,-0.0001752342917186981
floquet_buffered_three_qubit,0,1.0,1,115.94999999999999,101.5,1.9999607626096199,0.45163613644482015,1.940622034235613,1,True,-0.00012189510129022576
floquet_buffered_three_qubit,0,1.0,1,116.1,101.5,1.9999607626096199,0.45163614489794096,1.940621692917322,1,True,-6.0046472766957026e-05
floquet_buffered_three_qubit,0,1.0,1,116.25,101.5,1.9999607626096199,0.45163613982236644,1.9406218978577732,1,True,4.756032829551748e-06
floquet_buffered_three_qubit,0,1.0,1,116.39999999999999,101.5,1.9999607626096199,0.4516361216546017,1.940622631431873,1,True,6.66843082297361e-05
floquet_buffered_three_qubit,0,1.0,1,116.55,101.5,1.9999607626096199,0.45163609198274574,1.9406238295156986,1,True,0.0001201720240425031
floquet_buffered_three_qubit,0,1.0,1,116.69999999999999,101.5,1.9999607626096199,0.451636053437681,1.9406253858800675,1,True,0.00016042514864554662
floquet_buffered_three_qubit,0,1.0,1,116.85,101.5,1.9999607626096199,0.4516360094437838,1.940627162256252,1,True,0.00018385642215842753
floquet_buffered_three_qubit,0,1.0,1,117.0,101.5,1.9999607626096199,0.4516359639009826,1.9406290011737843,1,True,0.00018840300975143506
floquet_buffered_three_qubit,0,1.0,1,117.14999999999999,101.5,1.9999607626096199,0.45163592085468096,1.9406307392882185,1,True,0.00017370171440006174
floquet_buffered_three_qubit,0,1.0,1,117.3,101.5,1.9999607626096199,0.4516358841116657,1.9406322228899178,1,True,0.00014110616641455697
floquet_buffered_three_qubit,0,1.0,1,117.44999999999999,101.5,1.9999607626096199,0.4516358569126524,1.9406333211259366,1,True,9.35524895483258e-05
floquet_buffered_three_qubit,0,1.0,1,117.6,101.5,1.9999607626096199,0.45163584164991755,1.940633937401428,1,True,3.528925029758465e-05
floquet_buffered_three_qubit,0,1.0,1,117.75,101.5,1.9999607626096199,0.4516358396316635,1.9406340188940647,1,True,-2.8502765850779227e-05
floquet_buffered_three_qubit,0,1.0,1,117.89999999999999,101.5,1.9999607626096199,0.45163585096314507,1.9406335613538888,1,True,-9.216435404313672e-05
floquet_buffered_three_qubit,0,1.0,1,118.05,101.5,1.9999607626096199,0.4516358746596099,1.9406326045430307,1,True,-0.00015004930233182114
floquet_buffered_three_qubit,0,1.0,1,118.19999999999999,101.5,1.9999607626096199,0.45163590869851766,1.9406312301272066,1,True,-0.00019701449326077128
floquet_buffered_three_qubit,0,1.0,1,118.35,101.5,1.9999607626096199,0.4516359498833673,1.940629567174078,1,True,-0.00022887205080377154
floquet_buffered_three_qubit,0,1.0,1,118.5,101.5,1.9999607626096199,0.45163599449440134,1.940627765879231,1,True,-0.00024275880405586874
floquet_buffered_three_qubit,0,1.0,1,118.64999999999999,101.5,1.9999607626096199,0.45163603859327817,1.9406259852641907,1,True,-0.0002373982750409311
floquet_buffered_three_qubit,0,1.0,1,118.8,101.5,1.9999607626096199,0.4516360781945855,1.9406243862510768,1,True,-0.00021322919611594952
floquet_buffered_three_qubit,0,1.0,1,118.94999999999999,101.5,1.9999607626096199,0.4516361097351256,1.9406231127139162,1,True,-0.00017237960886347956
floquet_buffered_three_qubit,0,1.0,1,119.1,101.5,1.9999607626096199,0.45163613036448713,1.9406222797459907,1,True,-0.00011848839622478568
floquet_buffered_three_qubit,0,1.0,1,119.25,101.5,1.9999607626096199,0.4516361381811037,1.9406219641283275,1,True,-5.638452898120056e-05
floquet_buffered_three_qubit,0,1.0,1,119.39999999999999,101.5,1.9999607626096199,0.45163613245812767,1.940622195209423,1,True,8.349103558030641e-06
floquet_buffered_three_qubit,0,1.0,1,119.55,101.5,1.9999607626096199,0.45163611370246126,1.9406229525216896,1,True,6.988603456418362e-05
floquet_buffered_three_qubit,0,1.0,1,119.69999999999999,101.5,1.9999607626096199,0.45163608356994567,1.940624169205937,1,True,0.00012269183191940296
floquet_buffered_three_qubit,0,1.0,1,119.85,101.5,1.9999607626096199,0.4516360447314515,1.940625737418337,1,True,0.00016203050595889307
floquet_buffered_three_qubit,0,1.0,1,120.0,101.5,1.9999607626096199,0.45163600065044224,1.9406275173119214,1,True,0.0001843941081519671
direct_three_qubit,1,2.0,0,0.0,-98.5,1.000052569303521,0.46257015465625045,1.5000000000000013,1,False,0.0
direct_three_qubit,1,2.0,0,0.15,-98.5,1.000052569303521,0.46279200613402977,1.4910762281279561,0,True,0.0
direct_three_qubit,1,2.0,0,0.3,-98.5,1.000052569303521,0.4630101413714598,1.4823025163862538,0,True,0.0
direct_three_qubit,1,2.0,0,0.44999999999999996,-98.5,1.000052569303521,0.46322439132747883,1.4736856305693904,0,True,0.0
direct_three_qubit,1,2.0,0,0.6,-98.5,1.000052569303521,0.46343485098747744,1.4652217177828168,0,True,0.0
direct_three_qubit,1,2.0,0,0.75,-98.5,1.000052569303521,0.4636416427882017,1.4569058230537775,0,True,0.0
direct_three_qubit,1,2.0,0,0.8999999999999999,-98.5,1.000052569303521,0.4638447691012513,1.4487378212629423,0,True,0.0
direct_three_qubit,1,2.0,0,1.05,-98.5,1.000052569303521,0.4640442299266262,1.4407176834511208,0,True,0.0
direct_three_qubit,1,2.0,0,1.2,-98.5,1.000052569303521,0.46424003793228275,1.4328448721021019,0,True,0.0
direct_three_qubit,1,2.0,0,1.3499999999999999,-98.5,1.000052569303521,0.4644323233916312,1.4251141224211739,0,True,0.0
direct_three_qubit,1,2.0,0,1.5,-98.5,1.000052569303521,0.4646211705553653,1.4175220216486746,0,True,0.0
direct_three_qubit,1,2.0,0,1.65,-98.5,1.000052569303521,0.4648066420255891,1.4100660286743099,0,True,0.0
direct_three_qubit,1,2.0,0,1.7999999999999998,-98.5,1.000052569303521,0.4649888004044067,1.4027436035494516,0,True,0.0
direct_three_qubit,1,2.0,0,1.95,-98.5,1.000052569303521,0.4651677082939223,1.395552207445781,0,True,0.0
direct_three_qubit,1,2.0,0,2.1,-98.5,1.000052569303521,0.4653434282962399,1.3884893026153147,0,True,0.0
direct_three_qubit,1,2.0,0,2.25,-98.5,1.000052569303521,0.4655160230134637,1.381552352351783,0,True,0.0
direct_three_qubit,1,2.0,0,2.4,-98.5,1.000052569303521,0.4656855424754983,1.3747393262210716,0,True,0.0
direct_three_qubit,1,2.0,0,2.55,-98.5,1.000052569303521,0.4658520279154259,1.3680485481867068,0,True,0.0
direct_three_qubit,1,2.0,0,2.6999999999999997,-98.5,1.000052569303521,0.4660155345667689,1.3614777803783422,0,True,0.0
direct_three_qubit,1,2.0,0,2.85,-98.5,1.000052569303521,0.4661761177442557,1.3550247825187982,0,True,0.0
direct_three_qubit,1,2.0,0,3.0,-98.5,1.000052569303521,0.4663338327626143,1.348687315157892,0,True,0.0
direct_three_qubit,1,2.0,0,3.15,-98.5,1.000052569303521,0.46648873493657333,1.3424631396434608,0,True,0.0
direct_three_qubit,1,2.0,0,3.3,-98.5,1.000052569303521,0.4666408795808607,1.3363500180934165,0,True,0.0
direct_three_qubit,1,2.0,0,3.4499999999999997,-98.5,1.000052569303521,0.46679031964195306,1.3303458085184787,0,True,0.0
direct_three_qubit,1,2.0,0,3.5999999999999996,-98.5,1.000052569303521,0.4669370891439326,1.3244491298512466,0,True,0.0
direct_three_qubit,1,2.0,0,3.75,-98.5,1.000052569303521,0.4670812330380125,1.3186581625975553,0,True,0.0
direct_three_qubit,1,2.0,0,3.9,-98.5,1.000052569303521,0.46722280006647443,1.312970935575714,0,True,0.0
direct_three_qubit,1,2.0,0,4.05,-98.5,1.000052569303521,0.4673618389715998,1.307385478215591,0,True,0.0
direct_three_qubit,1,2.0,0,4.2,-98.5,1.000052569303521,0.4674983984956704,1.3018998205376178,0,True,0.0
direct_three_qubit,1,2.0,0,4.35,-98.5,1.000052569303521,0.46763252738096794,1.2965119931324993,0,True,0.0
direct_three_qubit,1,2.0,0,4.5,-98.5,1.000052569303521,0.46776427436977386,1.2912200271415708,0,True,0.0
direct_three_qubit,1,2.0,0,4.6499999999999995,-98.5,1.000052569303521,0.46789367664379733,1.2860224185752405,0,True,0.0
direct_three_qubit,1,2.0,0,4.8,-98.5,1.000052569303521,0.4680207642415711,1.2809179507970503,0,True,0.0
direct_three_qubit,1,2.0,0,4.95,-98.5,1.000052569303521,0.46814557938895646,1.2759049180919209,0,True,0.0
direct_three_qubit,1,2.0,0,5.1,-98.5,1.000052569303521,0.468268164357723,1.2709816133514675,0,True,0.0
direct_three_qubit,1,2.0,0,5.25,-98.5,1.000052569303521,0.4683885614196402,1.2661463299029099,0,True,0.0
direct_three_qubit,1,2.0,0,5.3999999999999995,-98.5,1.000052569303521,0.46850681284647755,1.2613973614944245,0,True,0.0
direct_three_qubit,1,2.0,0,5.55,-98.5,1.000052569303521,0.4686229609100046,1.2567330022810015,0,True,0.0
direct_three_qubit,1,2.0,0,5.7,-98.5,1.000052569303521,0.46873704659343735,1.2521515985551448,0,True,0.0
direct_three_qubit,1,2.0,0,5.85,-98.5,1.000052569303521,0.4688491006830231,1.2476519064514386,0,True,0.0
direct_three_qubit,1,2.0,0,6.0,-98.5,1.000052569303521,0.4689591582067116,1.243232512096331,0,True,0.0
direct_three_qubit,1,2.0,0,6.1499999999999995,-98.5,1.000052569303521,0.469067255276913,1.23889195839615,0,True,0.0
direct_three_qubit,1,2.0,0,6.3,-98.5,1.000052569303521,0.4691734273534441,1.2346288147796394,0,True,0.0
direct_three_qubit,1,2.0,0,6.45,-98.5,1.000052569303521,0.46927770924352863,1.2304416771841509,0,True,0.0
direct_three_qubit,1,2.0,0,6.6,-98.5,1.000052569303521,0.4693801351017972,1.2263291680424127,0,True,0.0
direct_three_qubit,1,2.0,0,6.75,-98.5,1.000052569303521,0.4694807384302873,1.2222899362697535,0,True,0.0
direct_three_qubit,1,2.0,0,6.8999999999999995,-98.5,1.000052569303521,0.4695795520784432,1.218322657251858,0,True,0.0
direct_three_qubit,1,2.0,0,7.05,-98.5,1.000052569303521,0.46967660824311613,1.2144260328329606,0,True,0.0
direct_three_qubit,1,2.0,0,7.199999999999999,-98.5,1.000052569303521,0.4697719384685641,1.2105987913045169,0,True,0.0
direct_three_qubit,1,2.0,0,7.35,-98.5,1.000052569303521,0.4698655736464518,1.20683968739429,0,True,0.0
direct_three_qubit,1,2.0,0,7.5,-98.5,1.000052569303521,0.4699575440158512,1.2031475022558573,0,True,0.0
direct_three_qubit,1,2.0,0,7.6499999999999995,-98.5,1.000052569303521,0.47004787916324087,1.199521043458519,0,True,0.0
direct_three_qubit,1,2.0,0,7.8,-98.5,1.000052569303521,0.4701366080225061,1.1959591449776203,0,True,0.0
direct_three_qubit,1,2.0,0,7.949999999999999,-98.5,1.000052569303521,0.4702237588749394,1.1924606671851967,0,True,0.0
direct_three_qubit,1,2.0,0,8.1,-98.5,1.000052569303521,0.47030935934923973,1.189024496841022,0,True,0.0
direct_three_qubit,1,2.0,0,8.25,-98.5,1.000052569303521,0.47039343642151327,1.1856495470839816,0,True,0.0
direct_three_qubit,1,2.0,0,8.4,-98.5,1.000052569303521,0.4704760164152729,1.1823347574237604,0,True,0.0
direct_three_qubit,1,2.0,0,8.549999999999999,-98.5,1.000052569303521,0.47055712500143826,1.1790790937329065,0,True,0.0
direct_three_qubit,1,2.0,0,8.7,-98.5,1.000052569303521,0.4706367871983359,1.1758815482391278,0,True,0.0
direct_three_qubit,1,2.0,0,8.85,-98.5,1.000052569303521,0.4707150273716994,1.1727411395179372,0,True,0.0
direct_three_qubit,1,2.0,0,9.0,-98.5,1.000052569303521,0.47079186923466904,1.1696569124855594,0,True,0.0
direct_three_qubit,1,2.0,0,9.15,-98.5,1.000052569303521,0.4708673399072656,1.1666277754600607,0,True,0.0
direct_three_qubit,1,2.0,0,9.299999999999999,-98.5,1.000052569303521,0.47094147188479774,1.1636524211657377,0,True,0.0
direct_three_qubit,1,2.0,0,9.45,-98.5,1.000052569303521,0.471014289366784,1.1607298754338775,0,True,0.0
direct_three_qubit,1,2.0,0,9.6,-98.5,1.000052569303521,0.47108581570171537,1.1578591983801265,0,True,0.0
direct_three_qubit,1,2.0,0,9.75,-98.5,1.000052569303521,0.47115607369840956,1.155039471901989,0,True,0.0
direct_three_qubit,1,2.0,0,9.9,-98.5,1.000052569303521,0.4712250856260115,1.1522697996733149,0,True,0.0
direct_three_qubit,1,2.0,0,10.049999999999999,-98.5,1.000052569303521,0.47129287321399294,1.149549307139059,0,True,0.0
direct_three_qubit,1,2.0,0,10.2,-98.5,1.000052569303521,0.47135945765215265,1.1468771415101806,0,True,0.0
direct_three_qubit,1,2.0,0,10.35,-98.5,1.000052569303521,0.4714248595906164,1.1442524717587743,0,True,0.0
direct_three_qubit,1,2.0,0,10.5,-98.5,1.000052569303521,0.4714890991398369,1.1416744886133634,0,True,0.0
direct_three_qubit,1,2.0,0,10.65,-98.5,1.000052569303521,0.47155219587059377,1.1391424045543768,0,True,0.0
direct_three_qubit,1,2.0,0,10.799999999999999,-98.5,1.000052569303521,0.4716141688139937,1.1366554538098024,0,True,0.0
direct_three_qubit,1,2.0,0,10.95,-98.5,1.000052569303521,0.4716750364614703,1.1342128923509953,0,True,0.0
direct_three_qubit,1,2.0,0,11.1,-98.5,1.000052569303521,0.47173481676478407,1.1318139978886643,0,True,0.0
direct_three_qubit,1,2.0,0,11.25,-98.5,1.000052569303521,0.4717935271360227,1.1294580698689742,0,True,0.0
direct_three_qubit,1,2.0,0,11.4,-98.5,1.000052569303521,0.4718511844476005,1.1271444294698445,0,True,0.0
direct_three_qubit,1,2.0,0,11.549999999999999,-98.5,1.000052569303521,0.471907805032259,1.1248724195973479,0,True,0.0
direct_three_qubit,1,2.0,0,11.7,-98.5,1.000052569303521,0.47196340468306663,1.1226414048822637,0,True,0.0
direct_three_qubit,1,2.0,0,11.85,-98.5,1.000052569303521,0.47201799865341887,1.1204507716767709,0,True,0.0
direct_three_qubit,1,2.0,0,12.0,-98.5,1.000052569303521,0.472071601657038,1.1182999280512653,0,True,0.0
direct_three_qubit,1,2.0,0,12.15,-98.5,1.000052569303521,0.47212422786797337,1.1161883037912756,0,True,0.0
direct_three_qubit,1,2.0,0,12.299999999999999,-98.5,1.000052569303521,0.47217589092060136,1.1141153503945376,0,True,0.0
direct_three_qubit,1,2.0,0,12.45,-98.5,1.000052569303521,0.4722266041159083,1.1120805327912928,0,True,0.0
direct_three_qubit,1,2.0,0,12.6,-98.5,1.000052569303521,0.4722764008508605,1.110082509647167,0,True,0.0
direct_three_qubit,1,2.0,0,12.75,-98.5,1.000052569303521,0.4723253102058124,1.108120112909969,0,True,0.0
direct_three_qubit,1,2.0,0,12.9,-98.5,1.000052569303521,0.4723733483497378,1.1061926926408383,0,True,0.0
direct_three_qubit,1,2.0,0,13.049999999999999,-98.5,1.000052569303521,0.4724205311052462,1.1042996128499967,0,True,0.0
direct_three_qubit,1,2.0,0,13.2,-98.5,1.000052569303521,0.4724668739485824,1.1024402514945115,0,True,0.0
direct_three_qubit,1,2.0,0,13.35,-98.5,1.000052569303521,0.472512392009627,1.1006140004761236,0,True,0.0
direct_three_qubit,1,2.0,0,13.5,-98.5,1.000052569303521,0.4725571000718961,1.098820265639146,0,True,0.0
direct_three_qubit,1,2.0,0,13.65,-98.5,1.000052569303521,0.47260101257254145,1.097058466768453,0,True,0.0
direct_three_qubit,1,2.0,0,13.799999999999999,-98.5,1.000052569303521,0.4726441436023503,1.095328037587534,0,True,0.0
direct_three_qubit,1,2.0,0,13.95,-98.5,1.000052569303521,0.47268650690574543,1.0936284257566187,0,True,0.0
direct_three_qubit,1,2.0,0,14.1,-98.5,1.000052569303521,0.47272811588078534,1.0919590928708696,0,True,0.0
direct_three_qubit,1,2.0,0,14.25,-98.5,1.000052569303521,0.472768983579164,1.0903195144586393,0,True,0.0
direct_three_qubit,1,2.0,0,14.399999999999999,-98.5,1.000052569303521,0.47280912270621084,1.0887091799798025,0,True,0.0
direct_three_qubit,1,2.0,0,14.549999999999999,-98.5,1.000052569303521,0.47284854562089124,1.0871275928241049,0,True,0.0
direct_three_qubit,1,2.0,0,14.7,-98.5,1.000052569303521,0.47288726433580575,1.0855742703096594,0,True,0.0
direct_three_qubit,1,2.0,0,14.85,-98.5,1.000052569303521,0.47292529051719073,1.0840487436813888,0,True,0.0
direct_three_qubit,1,2.0,0,15.0,-98.5,1.000052569303521,0.47296263548491807,1.082550558109619,0,True,0.0
direct_three_qubit,1,2.0,0,15.149999999999999,-98.5,1.000052569303521,0.4729993102124952,1.0810792726886653,0,True,0.0
direct_three_qubit,1,2.0,0,15.299999999999999,-98.5,1.000052569303521,0.4730353253270651,1.0796344604354933,0,True,0.0
direct_three_qubit,1,2.0,0,15.45,-98.5,1.000052569303521,0.4730706911094064,1.078215708288429,0,True,0.0
direct_three_qubit,1,2.0,0,15.6,-98.5,1.000052569303521,0.47310541749393326,1.0768226171059108,0,True,0.0
direct_three_qubit,1,2.0,0,15.75,-98.5,1.000052569303521,0.4731395140686955,1.0754548016652914,0,True,0.0
direct_three_qubit,1,2.0,0,15.899999999999999,-98.5,1.000052569303521,0.47317299178739,1.0741118219835115,0,True,0.0
direct_three_qubit,1,2.0,0,16.05,-98.5,1.000052569303521,0.47320587331892416,1.072792768143626,0,True,0.0
direct_three_qubit,1,2.0,0,16.2,-98.5,1.000052569303521,0.47323817213005615,1.0714970994086506,0,True,0.0
direct_three_qubit,1,2.0,0,16.349999999999998,-98.5,1.000052569303521,0.47326989887139925,1.0702243880353928,0,True,0.0
direct_three_qubit,1,2.0,0,16.5,-98.5,1.000052569303521,0.47330106394666954,1.0689742162061415,0,True,0.0
direct_three_qubit,1,2.0,0,16.65,-98.5,1.000052569303521,0.4733316775126856,1.0677461760277371,0,True,0.0
direct_three_qubit,1,2.0,0,16.8,-98.5,1.000052569303521,0.4733617494793692,1.0665398695306727,0,True,0.0
direct_three_qubit,1,2.0,0,16.95,-98.5,1.000052569303521,0.4733912895097444,1.0653549086682335,0,True,0.0
direct_three_qubit,1,2.0,0,17.099999999999998,-98.5,1.000052569303521,0.47342030701993826,1.064190915315664,0,True,0.0
direct_three_qubit,1,2.0,0,17.25,-98.5,1.000052569303521,0.47344881117918025,1.0630475212693655,0,True,0.0
direct_three_qubit,1,2.0,0,17.4,-98.5,1.000052569303521,0.4734768109098029,1.0619243682461024,0,True,0.0
direct_three_qubit,1,2.0,0,17.55,-98.5,1.000052569303521,0.47350431488724126,1.060821107882275,0,True,0.0
direct_three_qubit,1,2.0,0,17.7,-98.5,1.000052569303521,0.4735313315400331,1.0597374017331929,0,True,0.0
direct_three_qubit,1,2.0,0,17.849999999999998,-98.5,1.000052569303521,0.4735578690498189,1.0586729212723671,0,True,0.0
direct_three_qubit,1,2.0,0,18.0,-98.5,1.000052569303521,0.473583935351342,1.05762734789084,0,True,0.0
direct_three_qubit,1,2.0,0,18.15,-98.5,1.000052569303521,0.4736095381324484,1.0566003728965567,0,True,0.0
direct_three_qubit,1,2.0,0,18.3,-98.5,1.000052569303521,0.47363468483408666,1.0555916975137167,0,True,0.0
direct_three_qubit,1,2.0,0,18.45,-98.5,1.000052569303521,0.4736593826503082,1.0546010328821924,0,True,0.0
direct_three_qubit,1,2.0,0,18.599999999999998,-98.5,1.000052569303521,0.4736836385282673,1.0536281000569292,0,True,0.0
direct_three_qubit,1,2.0,0,18.75,-98.5,1.000052569303521,0.47370745916822043,1.0526726300074085,0,True,0.0
direct_three_qubit,1,2.0,0,18.9,-98.5,1.000052569303521,0.4737308510235276,1.0517343636170857,0,True,0.0
direct_three_qubit,1,2.0,0,19.05,-98.5,1.000052569303521,0.4737538203006506,1.0508130516829046,0,True,0.0
direct_three_qubit,1,2.0,0,19.2,-98.5,1.000052569303521,0.4737763729591548,1.0499084549147497,0,True,0.0
direct_three_qubit,1,2.0,0,19.349999999999998,-98.5,1.000052569303521,0.4737985187711935,1.0490201811084536,0,True,0.0
direct_three_qubit,1,2.0,0,19.5,-98.5,1.000052569303521,0.4738202732008915,1.0481476097670424,0,True,0.0
direct_three_qubit,1,2.0,0,19.65,-98.5,1.000052569303521,0.47384164360789044,1.0472904454782848,0,True,0.0
direct_three_qubit,1,2.0,0,19.8,-98.5,1.000052569303521,0.473862636859352,1.0464484125925622,0,True,0.0
direct_three_qubit,1,2.0,0,19.95,-98.5,1.000052569303521,0.4738832596515176,1.0456212423245692,0,True,0.0
direct_three_qubit,1,2.0,0,20.099999999999998,-98.5,1.000052569303521,0.4739035185097099,1.0448086727529133,0,True,0.0
direct_three_qubit,1,2.0,0,20.25,-98.5,1.000052569303521,0.4739234197883312,1.0440104488197663,0,True,0.0
direct_three_qubit,1,2.0,0,20.4,-98.5,1.000052569303521,0.4739429696708646,1.0432263223304779,0,True,0.0
direct_three_qubit,1,2.0,0,20.55,-98.5,1.000052569303521,0.4739621741698736,1.0424560519532422,0,True,0.0
direct_three_qubit,1,2.0,0,20.7,-98.5,1.000052569303521,0.473981039127002,1.0416994032187683,0,True,0.0
direct_three_qubit,1,2.0,0,20.849999999999998,-98.5,1.000052569303521,0.47399957021297423,1.0409561485199397,0,True,0.0
direct_three_qubit,1,2.0,0,21.0,-98.5,1.000052569303521,0.4740177729275948,1.0402260671115284,0,True,0.0
direct_three_qubit,1,2.0,0,21.15,-98.5,1.000052569303521,0.47403565259974906,1.0395089451098511,0,True,0.0
direct_three_qubit,1,2.0,0,21.3,-98.5,1.000052569303521,0.47405321438740233,1.0388045754925412,0,True,0.0
direct_three_qubit,1,2.0,0,21.45,-98.5,1.000052569303521,0.47407046327760055,1.0381127580982126,0,True,0.0
direct_three_qubit,1,2.0,0,21.599999999999998,-98.5,1.000052569303521,0.4740874040864703,1.0374332996262021,0,True,0.0
direct_three_qubit,1,2.0,0,21.75,-98.5,1.000052569303521,0.4741040414592182,1.0367660136363406,0,True,0.0
direct_three_qubit,1,2.0,0,21.9,-98.5,1.000052569303521,0.4741203798701314,1.036110720548661,0,True,0.0
direct_three_qubit,1,2.0,0,22.05,-98.5,1.000052569303521,0.4741364236225776,1.0354672476431797,0,True,0.0
direct_three_qubit,1,2.0,0,22.2,-98.5,1.000052569303521,0.47415217684900474,1.0348354290596555,0,True,0.0
direct_three_qubit,1,2.0,0,22.349999999999998,-98.5,1.000052569303521,0.47416764351094126,1.0342151057973619,0,True,0.0
direct_three_qubit,1,2.0,0,22.5,-98.5,1.000052569303521,0.47418282739899614,1.0336061257148752,0,True,0.0
direct_three_qubit,1,2.0,0,22.65,-98.5,1.000052569303521,0.4741977322000241,1.033008340836071,0,True,0.0
direct_three_qubit,1,2.0,0,22.8,-98.5,1.000052569303521,0.47421236839917247,1.0324213305317678,0,True,0.0
direct_three_qubit,1,2.0,0,22.95,-98.5,1.000052569303521,0.47422674507264395,1.0318447306877574,0,True,0.0
direct_three_qubit,1,2.0,0,23.099999999999998,-98.5,1.000052569303521,0.4742408669163898,1.031278352872314,0,True,0.0
direct_three_qubit,1,2.0,0,23.25,-98.5,1.000052569303521,0.47425473852089656,1.0307220128874488,0,True,0.0
direct_three_qubit,1,2.0,0,23.4,-98.5,1.000052569303521,0.47426836437118614,1.0301755307687492,0,True,0.0
direct_three_qubit,1,2.0,0,23.55,-98.5,1.000052569303521,0.47428174884681573,1.0296387307852086,0,True,0.0
direct_three_qubit,1,2.0,0,23.7,-98.5,1.000052569303521,0.47429489622187765,1.0291114414390914,0,True,0.0
direct_three_qubit,1,2.0,0,23.849999999999998,-98.5,1.000052569303521,0.4743078106649997,1.0285934954657576,0,True,0.0
direct_three_qubit,1,2.0,0,24.0,-98.5,1.000052569303521,0.4743204962393449,1.028084729833549,0,True,0.0
direct_three_qubit,1,2.0,0,24.15,-98.5,1.000052569303521,0.4743329569026115,1.0275849857436181,0,True,0.0
direct_three_qubit,1,2.0,0,24.3,-98.5,1.000052569303521,0.47434519650703305,1.027094108629824,0,True,0.0
direct_three_qubit,1,2.0,0,24.45,-98.5,1.000052569303521,0.4743572187993784,1.0266119481585794,0,True,0.0
direct_three_qubit,1,2.0,0,24.599999999999998,-98.5,1.000052569303521,0.47436902742095177,1.0261383582287258,0,True,0.0
direct_three_qubit,1,2.0,0,24.75,-98.5,1.000052569303521,0.47438062590759245,1.0256731969714339,0,True,0.0
direct_three_qubit,1,2.0,0,24.9,-98.5,1.000052569303521,0.47439201768967515,1.0252163267500616,0,True,0.0
direct_three_qubit,1,2.0,0,25.05,-98.5,1.000052569303521,0.47440320609210995,1.0247676141600506,0,True,0.0
direct_three_qubit,1,2.0,0,25.2,-98.5,1.000052569303521,0.474414194334342,1.0243269300288196,0,True,0.0
direct_three_qubit,1,2.0,0,25.349999999999998,-98.5,1.000052569303521,0.4744249855303519,1.0238941494156562,0,True,0.0
direct_three_qubit,1,2.0,0,25.5,-98.5,1.000052569303521,0.4744355826886555,1.023469151611611,0,True,0.0
direct_three_qubit,1,2.0,0,25.65,-98.5,1.000052569303521,0.4744459887123038,1.0230518201394028,0,True,0.0
direct_three_qubit,1,2.0,0,25.8,-98.5,1.000052569303521,0.47445620639888336,1.0226420427533274,0,True,0.0
direct_three_qubit,1,2.0,0,25.95,-98.5,1.000052569303521,0.4744662384405157,1.0222397114391575,0,True,0.0
direct_three_qubit,1,2.0,0,26.099999999999998,-98.5,1.000052569303521,0.47447608810836633,1.0218446949621909,0,True,0.0
direct_three_qubit,1,2.0,0,26.25,-98.5,1.000052569303521,0.47448576344183296,1.0214566708624075,0,True,0.0
direct_three_qubit,1,2.0,0,26.4,-98.5,1.000052569303521,0.47449526881018367,1.0210754638713218,0,True,0.0
direct_three_qubit,1,2.0,0,26.55,-98.5,1.000052569303521,0.4745046074720392,1.0207009432642637,0,True,0.0
direct_three_qubit,1,2.0,0,26.7,-98.5,1.000052569303521,0.47451378262071836,1.0203329809371686,0,True,0.0
direct_three_qubit,1,2.0,0,26.849999999999998,-98.5,1.000052569303521,0.47452279738423675,1.0199714514065552,0,True,0.0
direct_three_qubit,1,2.0,0,27.0,-98.5,1.000052569303521,0.4745316548253077,1.0196162318094188,0,True,0.0
direct_three_qubit,1,2.0,0,27.15,-98.5,1.000052569303521,0.4745403579413418,1.0192672019031779,0,True,0.0
direct_three_qubit,1,2.0,0,27.3,-98.5,1.000052569303521,0.4745489096644472,1.0189242440656177,0,True,0.0
direct_three_qubit,1,2.0,0,27.45,-98.5,1.000052569303521,0.4745573128614295,1.0185872432948107,0,True,0.0
direct_three_qubit,1,2.0,0,27.599999999999998,-98.5,1.000052569303521,0.4745655703337913,1.0182560872090918,0,True,0.0
direct_three_qubit,1,2.0,0,27.75,-98.5,1.000052569303521,0.4745736848177334,1.0179306660469396,0,True,0.0
direct_three_qubit,1,2.0,0,27.9,-98.5,1.000052569303521,0.4745816589841533,1.017610872666985,0,True,0.0
direct_three_qubit,1,2.0,0,28.05,-98.5,1.000052569303521,0.4745894954386463,1.017296602547922,0,True,0.0
direct_three_qubit,1,2.0,0,28.2,-98.5,1.000052569303521,0.47459719672150485,1.0169877537884686,0,True,0.0
direct_three_qubit,1,2.0,0,28.349999999999998,-98.5,1.000052569303521,0.4746047653077193,1.0166842271072973,0,True,0.0
direct_three_qubit,1,2.0,0,28.5,-98.5,1.000052569303521,0.4746122036069767,1.0163859258430172,0,True,0.0
direct_three_qubit,1,2.0,0,28.65,-98.5,1.000052569303521,0.47461951396366225,1.0160927559540949,0,True,0.0
direct_three_qubit,1,2.0,0,28.799999999999997,-98.5,1.000052569303521,0.47462669865685814,1.0158046260188311,0,True,0.0
direct_three_qubit,1,2.0,0,28.95,-98.5,1.000052569303521,0.47463375990034407,1.015521447235308,0,True,0.0
direct_three_qubit,1,2.0,0,29.099999999999998,-98.5,1.000052569303521,0.4746406998425973,1.0152431334213425,0,True,0.0
direct_three_qubit,1,2.0,0,29.25,-98.5,1.000052569303521,0.47464752056679216,1.0149696010144709,0,True,0.0
direct_three_qubit,1,2.0,0,29.4,-98.5,1.000052569303521,0.4746542240908008,1.0147007690718577,0,True,0.0
direct_three_qubit,1,2.0,0,29.549999999999997,-98.5,1.000052569303521,0.4746608121143959,1.0144365694082147,0,True,0.0
direct_three_qubit,1,2.0,0,29.7,-98.5,1.000052569303521,0.4746672858978859,1.0141769514627597,0,True,0.0
direct_three_qubit,1,2.0,0,29.849999999999998,-98.5,1.000052569303521,0.4746736471287897,1.0139218475429406,0,True,0.0
direct_three_qubit,1,2.0,0,30.0,-98.5,1.000052569303521,0.4746798974450916,1.0136711919433434,0,True,0.0
direct_three_qubit,1,2.0,0,30.15,-98.5,1.000052569303521,0.4746860384147153,1.0134249217688378,0,True,0.0
direct_three_qubit,1,2.0,0,30.299999999999997,-98.5,1.000052569303521,0.47469207153552373,1.0131829769345326,0,True,0.0
direct_three_qubit,1,2.0,0,30.45,-98.5,1.000052569303521,0.474697998235319,1.0129453001657547,0,True,0.0
direct_three_qubit,1,2.0,0,30.599999999999998,-98.5,1.000052569303521,0.4747038198718426,1.0127118369980042,0,True,0.0
direct_three_qubit,1,2.0,0,30.75,-98.5,1.000052569303521,0.47470953773277513,1.0124825357769538,0,True,0.0
direct_three_qubit,1,2.0,0,30.9,-98.5,1.000052569303521,0.4747151530357365,1.0122573476583852,0,True,0.0
direct_three_qubit,1,2.0,0,31.049999999999997,-98.5,1.000052569303521,0.474720666928286,1.0120362266081877,0,True,0.0
direct_three_qubit,1,2.0,0,31.2,-98.5,1.000052569303521,0.474726080487922,1.0118191294023227,0,True,0.0
direct_three_qubit,1,2.0,0,31.349999999999998,-98.5,1.000052569303521,0.4747313947220821,1.0116060156267999,0,True,0.0
direct_three_qubit,1,2.0,0,31.5,-98.5,1.000052569303521,0.47473661056814337,1.0113968476776505,0,True,0.0
direct_three_qubit,1,2.0,0,31.65,-98.5,1.000052569303521,0.47474172889342203,1.0111915907609108,0,True,0.0
direct_three_qubit,1,2.0,0,31.799999999999997,-98.5,1.000052569303521,0.47474675049517345,1.0109902128925978,0,True,0.0
direct_three_qubit,1,2.0,0,31.95,-98.5,1.000052569303521,0.47475167610059243,1.0107926848986788,0,True,0.0
direct_three_qubit,1,2.0,0,32.1,-98.5,1.000052569303521,0.4747565063668129,1.0105989804150721,0,True,0.0
direct_three_qubit,1,2.0,0,32.25,-98.5,1.000052569303521,0.47476124188090807,1.010409075887599,0,True,0.0
direct_three_qubit,1,2.0,0,32.4,-98.5,1.000052569303521,0.4747658831598905,1.0102229505719922,0,True,0.0
direct_three_qubit,1,2.0,0,32.55,-98.5,1.000052569303521,0.47477043065071184,1.0100405865338635,0,True,0.0
direct_three_qubit,1,2.0,0,32.699999999999996,-98.5,1.000052569303521,0.47477488473026314,1.0098619686486916,0,True,0.0
direct_three_qubit,1,2.0,0,32.85,-98.5,1.000052569303521,0.4747792457605588,1.0096870823887993,0,True,0.0
direct_three_qubit,1,2.0,0,33.0,-98.5,1.000052569303521,0.47478351997724194,1.0095156776825405,0,True,0.0
direct_three_qubit,1,2.0,0,33.15,-98.5,1.000052569303521,0.47478771252233726,1.009347548315559,0,True,0.0
direct_three_qubit,1,2.0,0,33.3,-98.5,1.000052569303521,0.4747918248511228,1.0091826359200415,0,True,0.0
direct_three_qubit,1,2.0,0,33.449999999999996,-98.5,1.000052569303521,0.4747958584047855,1.0090208826936105,0,True,0.0
direct_three_qubit,1,2.0,0,33.6,-98.5,1.000052569303521,0.4747998146104211,1.0088622313993145,0,True,0.0
direct_three_qubit,1,2.0,0,33.75,-98.5,1.000052569303521,0.4748036948810342,1.008706625365614,0,True,0.0
direct_three_qubit,1,2.0,0,33.9,-98.5,1.000052569303521,0.4748075006155382,1.0085540084863673,0,True,0.0
direct_three_qubit,1,2.0,0,34.05,-98.5,1.000052569303521,0.47481123319875557,1.0084043252208363,0,True,0.0
direct_three_qubit,1,2.0,0,34.199999999999996,-98.5,1.000052569303521,0.47481489400141724,1.0082575205936533,0,True,0.0
direct_three_qubit,1,2.0,0,34.35,-98.5,1.000052569303521,0.47481848438016333,1.0081135401948278,0,True,0.0
direct_three_qubit,1,2.0,0,34.5,-98.5,1.000052569303521,0.4748220056775427,1.0079723301797205,0,True,0.0
direct_three_qubit,1,2.0,0,34.65,-98.5,1.000052569303521,0.47482545922201275,1.0078338372690712,0,True,0.0
direct_three_qubit,1,2.0,0,34.8,-98.5,1.000052569303521,0.47482884632794037,1.0076980087489145,0,True,0.0
direct_three_qubit,1,2.0,0,34.949999999999996,-98.5,1.000052569303521,0.4748321682956006,1.0075647924706645,0,True,0.0
direct_three_qubit,1,2.0,0,35.1,-98.5,1.000052569303521,0.4748354264111778,1.0074341368510271,0,True,0.0
direct_three_qubit,1,2.0,0,35.25,-98.5,1.000052569303521,0.4748386219467651,1.0073059908720352,0,True,0.0
direct_three_qubit,1,2.0,0,35.4,-98.5,1.000052569303521,0.47484175616036434,1.0071803040810212,0,True,0.0
direct_three_qubit,1,2.0,0,35.55,-98.5,1.000052569303521,0.4748448302958862,1.0070570265906287,0,True,0.0
direct_three_qubit,1,2.0,0,35.699999999999996,-98.5,1.000052569303521,0.4748478455831503,1.006936109078778,0,True,0.0
direct_three_qubit,1,2.0,0,35.85,-98.5,1.000052569303521,0.4748508032378851,1.0068175027886745,0,True,0.0
direct_three_qubit,1,2.0,0,36.0,-98.5,1.000052569303521,0.4748537044617278,1.0067011595288038,0,True,0.0
direct_three_qubit,1,2.0,0,36.15,-98.5,1.000052569303521,0.47485655044222463,1.0065870316729095,0,True,0.0
direct_three_qubit,1,2.0,0,36.3,-98.5,1.000052569303521,0.4748593423528306,1.0064750721600007,0,True,0.0
direct_three_qubit,1,2.0,0,36.449999999999996,-98.5,1.000052569303521,0.47486208135290936,1.006365234494345,0,True,0.0
direct_three_qubit,1,2.0,0,36.6,-98.5,1.000052569303521,0.4748647685877335,1.006257472745455,0,True,0.0
direct_three_qubit,1,2.0,0,36.75,-98.5,1.000052569303521,0.4748674051884848,1.0061517415480663,0,True,0.0
direct_three_qubit,1,2.0,0,36.9,-98.5,1.000052569303521,0.47486999227225346,1.006047996102169,0,True,0.0
direct_three_qubit,1,2.0,0,37.05,-98.5,1.000052569303521,0.4748725309420388,1.00594619217297,0,True,0.0
direct_three_qubit,1,2.0,0,37.199999999999996,-98.5,1.000052569303521,0.4748750222867485,1.0058462860909112,0,True,0.0
direct_three_qubit,1,2.0,0,37.35,-98.5,1.000052569303521,0.4748774673811999,1.0057482347516273,0,True,0.0
direct_three_qubit,1,2.0,0,37.5,-98.5,1.000052569303521,0.4748798672861183,1.0056519956159955,0,True,0.0
direct_three_qubit,1,2.0,0,37.65,-98.5,1.000052569303521,0.4748822230481386,1.0055575267100638,0,True,0.0
direct_three_qubit,1,2.0,0,37.8,-98.5,1.000052569303521,0.4748845356998041,1.0054647866251039,0,True,0.0
direct_three_qubit,1,2.0,0,37.949999999999996,-98.5,1.000052569303521,0.47488680625956703,1.0053737345175793,0,True,0.0
direct_three_qubit,1,2.0,0,38.1,-98.5,1.000052569303521,0.47488903573178853,1.0052843301091337,0,True,0.0
direct_three_qubit,1,2.0,0,38.25,-98.5,1.000052569303521,0.4748912251067386,1.0051965336866069,0,True,0.0
direct_three_qubit,1,2.0,0,38.4,-98.5,1.000052569303521,0.47489337536059595,1.0051103061020092,0,True,0.0
direct_three_qubit,1,2.0,0,38.55,-98.5,1.000052569303521,0.47489548745544835,1.0050256087725409,0,True,0.0
direct_three_qubit,1,2.0,0,38.699999999999996,-98.5,1.000052569303521,0.47489756226916546,1.0049424064927186,0,True,0.0
direct_three_qubit,1,2.0,0,38.85,-98.5,1.000052569303521,0.4748996001642649,1.00486068472333,0,True,0.0
direct_three_qubit,1,2.0,0,39.0,-98.5,1.000052569303521,0.4749016018834612,1.0047804136789233,0,True,0.0
direct_three_qubit,1,2.0,0,39.15,-98.5,1.000052569303521,0.47490356826749197,1.0047015596432958,0,True,0.0
direct_three_qubit,1,2.0,0,39.3,-98.5,1.000052569303521,0.47490550014116145,1.004624089539283,0,True,0.0
direct_three_qubit,1,2.0,0,39.449999999999996,-98.5,1.000052569303521,0.4749073983133402,1.0045479709287506,0,True,0.0
direct_three_qubit,1,2.0,0,39.6,-98.5,1.000052569303521,0.47490926357696545,1.0044731720125906,0,True,0.0
direct_three_qubit,1,2.0,0,39.75,-98.5,1.000052569303521,0.4749110967090407,1.0043996616307143,0,True,0.0
direct_three_qubit,1,2.0,0,39.9,-98.5,1.000052569303521,0.4749128984706359,1.0043274092620702,0,True,0.0
direct_three_qubit,1,2.0,0,40.05,-98.5,1.000052569303521,0.4749146696068877,1.004256385024605,0,True,0.0
direct_three_qubit,1,2.0,0,40.199999999999996,-98.5,1.000052569303521,0.474916410846999,1.0041865596753026,0,True,0.0
direct_three_qubit,1,2.0,0,40.35,-98.5,1.000052569303521,0.4749181229042392,1.004117904610143,0,True,0.0
direct_three_qubit,1,2.0,0,40.5,-98.5,1.000052569303521,0.4749198064759444,1.0040503918641135,0,True,0.0
direct_three_qubit,1,2.0,0,40.65,-98.5,1.000052569303521,0.4749214622435167,1.0039839941112245,0,True,0.0
direct_three_qubit,1,2.0,0,40.8,-98.5,1.000052569303521,0.47492309087242524,1.0039186846644736,0,True,0.0
direct_three_qubit,1,2.0,0,40.949999999999996,-98.5,1.000052569303521,0.47492469301220525,1.0038544374758658,0,True,0.0
direct_three_qubit,1,2.0,0,41.1,-98.5,1.000052569303521,0.47492626929645837,1.0037912271364169,0,True,0.0
direct_three_qubit,1,2.0,0,41.25,-98.5,1.000052569303521,0.47492782034285286,1.0037290288761254,0,True,0.0
direct_three_qubit,1,2.0,0,41.4,-98.5,1.000052569303521,0.4749293467531237,1.0036678185639791,0,True,0.0
direct_three_qubit,1,2.0,0,41.55,-98.5,1.000052569303521,0.4749308491130719,1.0036075727079707,0,True,0.0
direct_three_qubit,1,2.0,0,41.699999999999996,-98.5,1.000052569303521,0.4749323279925649,1.003548268455091,0,True,0.0
direct_three_qubit,1,2.0,0,41.85,-98.5,1.000052569303521,0.47493378394553726,1.0034898835912887,0,True,0.0
direct_three_qubit,1,2.0,0,42.0,-98.5,1.000052569303521,0.4749352175099893,1.0034323965415224,0,True,0.0
direct_three_qubit,1,2.0,0,42.15,-98.5,1.000052569303521,0.4749366292079881,1.0033757863697297,0,True,0.0
direct_three_qubit,1,2.0,0,42.3,-98.5,1.000052569303521,0.4749380195456672,1.003320032778838,0,True,0.0
direct_three_qubit,1,2.0,0,42.449999999999996,-98.5,1.000052569303521,0.4749393890132267,1.0032651161107295,0,True,0.0
direct_three_qubit,1,2.0,0,42.6,-98.5,1.000052569303521,0.4749407380849329,1.0032110173462974,0,True,0.0
direct_three_qubit,1,2.0,0,42.75,-98.5,1.000052569303521,0.47494206721911886,1.0031577181053837,0,True,0.0
direct_three_qubit,1,2.0,0,42.9,-98.5,1.000052569303521,0.4749433768581838,1.0031052006468337,0,True,0.0
direct_three_qubit,1,2.0,0,43.05,-98.5,1.000052569303521,0.47494466742859387,1.0030534478684323,0,True,0.0
direct_three_qubit,1,2.0,0,43.199999999999996,-98.5,1.000052569303521,0.4749459393408812,1.0030024433069702,0,True,0.0
direct_three_qubit,1,2.0,0,43.35,-98.5,1.000052569303521,0.47494719298964466,1.0029521711381884,0,True,0.0
direct_three_qubit,1,2.0,0,43.5,-98.5,1.000052569303521,0.47494842875354937,1.0029026161768122,0,True,0.0
direct_three_qubit,1,2.0,0,43.65,-98.5,1.000052569303521,0.4749496469953274,1.0028537638765094,0,True,0.0
direct_three_qubit,1,2.0,0,43.8,-98.5,1.000052569303521,0.47495084806177656,1.002805600329948,0,True,0.0
direct_three_qubit,1,2.0,0,43.949999999999996,-98.5,1.000052569303521,0.4749520322837619,1.0027581122687295,0,True,0.0
direct_three_qubit,1,2.0,0,44.1,-98.5,1.000052569303521,0.4749531999762143,1.0027112870634476,0,True,0.0
direct_three_qubit,1,2.0,0,44.25,-98.5,1.000052569303521,0.4749543514381315,1.0026651127236434,0,True,0.0
direct_three_qubit,1,2.0,0,44.4,-98.5,1.000052569303521,0.4749554869525774,1.0026195778978229,0,True,0.0
direct_three_qubit,1,2.0,0,44.55,-98.5,1.000052569303521,0.47495660678766916,1.0025746718338913,0,True,0.0
direct_three_qubit,1,2.0,0,44.699999999999996,-98.5,1.000052569303521,0.4749577111970285,1.0025303843610478,0,True,0.0
direct_three_qubit,1,2.0,0,44.85,-98.5,1.000052569303521,0.47495880041627403,1.0024867060304326,0,True,0.0
direct_three_qubit,1,2.0,0,45.0,-98.5,1.000052569303521,0.474959874665007,1.0024436280355098,0,True,0.0
direct_three_qubit,1,2.0,0,45.15,-98.5,1.000052569303521,0.4749609341469016,1.00240114220844,0,True,0.0
direct_three_qubit,1,2.0,0,45.3,-98.5,1.000052569303521,0.47496197904970533,1.00235924102007,0,True,0.0
direct_three_qubit,1,2.0,0,45.449999999999996,-98.5,1.000052569303521,0.4749630095452387,1.00231791757993,0,True,0.0
direct_three_qubit,1,2.0,0,45.6,-98.5,1.000052569303521,0.4749640257893952,1.002277165636247,0,True,0.0
direct_three_qubit,1,2.0,0,45.75,-98.5,1.000052569303521,0.4749650279221415,1.002236979575934,0,True,0.0
direct_three_qubit,1,2.0,0,45.9,-98.5,1.000052569303521,0.4749660160675175,1.0021973544245903,0,True,0.0
direct_three_qubit,1,2.0,0,46.05,-98.5,1.000052569303521,0.47496699033363593,1.0021582858464972,0,True,0.0
direct_three_qubit,1,2.0,0,46.199999999999996,-98.5,1.000052569303521,0.4749679508126828,1.002119770144629,0,True,0.0
direct_three_qubit,1,2.0,0,46.35,-98.5,1.000052569303521,0.4749688975809172,1.0020818042606279,0,True,0.0
direct_three_qubit,1,2.0,0,46.5,-98.5,1.000052569303521,0.47496983069867127,1.002044385774841,0,True,0.0
direct_three_qubit,1,2.0,0,46.65,-98.5,1.000052569303521,0.47497075021035023,1.0020075129062866,0,True,0.0
direct_three_qubit,1,2.0,0,46.8,-98.5,1.000052569303521,0.47497165614443243,1.0019711845126666,0,True,0.0
direct_three_qubit,1,2.0,0,46.949999999999996,-98.5,1.000052569303521,0.4749725485134693,1.001935400090363,0,True,0.0
direct_three_qubit,1,2.0,0,47.1,-98.5,1.000052569303521,0.4749734273140854,1.0019001597744455,0,True,0.0
direct_three_qubit,1,2.0,0,47.25,-98.5,1.000052569303521,0.47497429252697826,1.001865464338657,0,True,0.0
direct_three_qubit,1,2.0,0,47.4,-98.5,1.000052569303521,0.47497514411691866,1.0018313151954248,0,True,0.0
direct_three_qubit,1,2.0,0,47.55,-98.5,1.000052569303521,0.47497598203275043,1.0017977143958556,0,True,0.0
direct_three_qubit,1,2.0,0,47.699999999999996,-98.5,1.000052569303521,0.47497680620739047,1.0017646646297307,0,True,0.0
direct_three_qubit,1,2.0,0,47.85,-98.5,1.000052569303521,0.4749776165578287,1.0017321692255161,0,True,0.0
direct_three_qubit,1,2.0,0,48.0,-98.5,1.000052569303521,0.47497841298512833,1.0017002321503543,0,True,0.0
direct_three_qubit,1,2.0,0,48.15,-98.5,1.000052569303521,0.47497919537442546,1.001668858010063,0,True,0.0
direct_three_qubit,1,2.0,0,48.3,-98.5,1.000052569303521,0.4749799635949294,1.0016380520491357,0,True,0.0
direct_three_qubit,1,2.0,0,48.449999999999996,-98.5,1.000052569303521,0.47498071749992254,1.0016078201507506,0,True,0.0
direct_three_qubit,1,2.0,0,48.6,-98.5,1.000052569303521,0.4749814569267603,1.001578168836753,0,True,0.0
direct_three_qubit,1,2.0,0,48.75,-98.5,1.000052569303521,0.4749821816968713,1.0015491052676733,0,True,0.0
direct_three_qubit,1,2.0,0,48.9,-98.5,1.000052569303521,0.4749828916157572,1.001520637242711,0,True,0.0
direct_three_qubit,1,2.0,0,49.05,-98.5,1.000052569303521,0.47498358647299266,1.0014927731997492,0,True,0.0
direct_three_qubit,1,2.0,0,49.199999999999996,-98.5,1.000052569303521,0.47498426604222566,1.001465522215334,0,True,0.0
direct_three_qubit,1,2.0,0,49.35,-98.5,1.000052569303521,0.4749849300811771,1.0014388940047008,0,True,0.0
direct_three_qubit,1,2.0,0,49.5,-98.5,1.000052569303521,0.47498557833164096,1.0014128989217508,0,True,0.0
direct_three_qubit,1,2.0,0,49.65,-98.5,1.000052569303521,0.47498621051948436,1.0013875479590693,0,True,0.0
direct_three_qubit,1,2.0,0,49.8,-98.5,1.000052569303521,0.4749868263546476,1.001362852747908,0,True,0.0
direct_three_qubit,1,2.0,0,49.949999999999996,-98.5,1.000052569303521,0.474987425531144,1.0013388255581988,0,True,0.0
direct_three_qubit,1,2.0,0,50.1,-98.5,1.000052569303521,0.4749880077270599,1.0013154792985448,0,True,0.0
direct_three_qubit,1,2.0,0,50.25,-98.5,1.000052569303521,0.47498857263412947,1.0012928263302778,0,True,0.0
direct_three_qubit,1,2.0,0,50.4,-98.5,1.000052569303521,0.47498912389311176,1.0012707206574871,0,True,0.0
direct_three_qubit,1,2.0,0,50.55,-98.5,1.000052569303521,0.4749896643124248,1.0012490496614994,0,True,0.0
direct_three_qubit,1,2.0,0,50.699999999999996,-98.5,1.000052569303521,0.47499019404201365,1.0012278073293213,0,True,0.0
direct_three_qubit,1,2.0,0,50.85,-98.5,1.000052569303521,0.47499071322919756,1.0012069877532666,0,True,0.0
direct_three_qubit,1,2.0,0,51.0,-98.5,1.000052569303521,0.47499122201866983,1.001186585130956,0,True,0.0
direct_three_qubit,1,2.0,0,51.15,-98.5,1.000052569303521,0.4749917205524977,1.0011665937653196,0,True,0.0
direct_three_qubit,1,2.0,0,51.3,-98.5,1.000052569303521,0.4749922089701226,1.0011470080645914,0,True,0.0
direct_three_qubit,1,2.0,0,51.449999999999996,-98.5,1.000052569303521,0.47499268740836,1.0011278225423106,0,True,0.0
direct_three_qubit,1,2.0,0,51.6,-98.5,1.000052569303521,0.47499315600139924,1.001109031817323,0,True,0.0
direct_three_qubit,1,2.0,0,51.75,-98.5,1.000052569303521,0.47499361488080394,1.0010906306137797,0,True,0.0
direct_three_qubit,1,2.0,0,51.9,-98.5,1.000052569303521,0.4749940641755117,1.0010726137611363,0,True,0.0
direct_three_qubit,1,2.0,0,52.05,-98.5,1.000052569303521,0.4749945040118342,1.0010549761941538,0,True,0.0
direct_three_qubit,1,2.0,0,52.199999999999996,-98.5,1.000052569303521,0.474994934513457,1.0010377129529047,0,True,0.0
direct_three_qubit,1,2.0,0,52.35,-98.5,1.000052569303521,0.47499535580144,1.0010208191827563,0,True,0.0
direct_three_qubit,1,2.0,0,52.5,-98.5,1.000052569303521,0.4749957679942169,1.0010042901343825,0,True,0.0
direct_three_qubit,1,2.0,0,52.65,-98.5,1.000052569303521,0.47499617120759563,1.0009881211637737,0,True,0.0
direct_three_qubit,1,2.0,0,52.8,-98.5,1.000052569303521,0.47499656555475805,1.0009723077322104,0,True,0.0
direct_three_qubit,1,2.0,0,52.949999999999996,-98.5,1.000052569303521,0.47499695114626017,1.000956845406286,0,True,0.0
direct_three_qubit,1,2.0,0,53.1,-98.5,1.000052569303521,0.47499732809003203,1.0009417298578922,0,True,0.0
direct_three_qubit,1,2.0,0,53.25,-98.5,1.000052569303521,0.4749976964913777,1.0009269568642325,0,True,0.0
direct_three_qubit,1,2.0,0,53.4,-98.5,1.000052569303521,0.4749980564529753,1.0009125223078053,0,True,0.0
direct_three_qubit,1,2.0,0,53.55,-98.5,1.000052569303521,0.47499840807487703,1.0008984221764232,0,True,0.0
direct_three_qubit,1,2.0,0,53.699999999999996,-98.5,1.000052569303521,0.4749987514545091,1.000884652563196,0,True,0.0
direct_three_qubit,1,2.0,0,53.85,-98.5,1.000052569303521,0.47499908668667185,1.0008712096665395,0,True,0.0
direct_three_qubit,1,2.0,0,54.0,-98.5,1.000052569303521,0.4749994138635396,1.000858089790169,0,True,0.0
direct_three_qubit,1,2.0,0,54.15,-98.5,1.000052569303521,0.4749997330746608,1.0008452893431117,0,True,0.0
direct_three_qubit,1,2.0,0,54.3,-98.5,1.000052569303521,0.47500004440695787,1.0008328048396942,0,True,0.0
direct_three_qubit,1,2.0,0,54.449999999999996,-98.5,1.000052569303521,0.4750003479447274,1.00082063289954,0,True,0.0
direct_three_qubit,1,2.0,0,54.6,-98.5,1.000052569303521,0.4750006437696398,1.0008087702475899,0,True,0.0
direct_three_qubit,1,2.0,0,54.75,-98.5,1.000052569303521,0.4750009319607399,1.000797213714073,0,True,0.0
direct_three_qubit,1,2.0,0,54.9,-98.5,1.000052569303521,0.4750012125944462,1.0007859602345328,0,True,0.0
direct_three_qubit,1,2.0,0,55.05,-98.5,1.000052569303521,0.47500148574455153,1.0007750068498165,0,True,0.0
direct_three_qubit,1,2.0,0,55.199999999999996,-98.5,1.000052569303521,0.4750017514822227,1.0007643507060602,0,True,0.0
direct_three_qubit,1,2.0,0,55.35,-98.5,1.000052569303521,0.47500200987600044,1.000753989054719,0,True,0.0
direct_three_qubit,1,2.0,0,55.5,-98.5,1.000052569303521,0.47500226099179976,1.0007439192525396,0,True,0.0
direct_three_qubit,1,2.0,0,55.65,-98.5,1.000052569303521,0.47500250489290957,1.0007341387615805,0,True,0.0
direct_three_qubit,1,2.0,0,55.8,-98.5,1.000052569303521,0.4750027416399929,1.0007246451491985,0,True,0.0
direct_three_qubit,1,2.0,0,55.949999999999996,-98.5,1.000052569303521,0.47500297129108676,1.0007154360880515,0,True,0.0
direct_three_qubit,1,2.0,0,56.1,-98.5,1.000052569303521,0.47500319390160234,1.0007065093561016,0,True,0.0
direct_three_qubit,1,2.0,0,56.25,-98.5,1.000052569303521,0.4750034104374488,1.0006978262201394,0,True,0.0
direct_three_qubit,1,2.0,0,56.4,-98.5,1.000052569303521,0.4750036224967824,1.0006893225937086,0,True,0.0
direct_three_qubit,1,2.0,0,56.55,-98.5,1.000052569303521,0.4750038303287275,1.0006809884868468,0,True,0.0
direct_three_qubit,1,2.0,0,56.699999999999996,-98.5,1.000052569303521,0.47500403416693854,1.000672814529941,0,True,0.0
direct_three_qubit,1,2.0,0,56.85,-98.5,1.000052569303521,0.47500423424700194,1.0006647912759021,0,True,0.0
direct_three_qubit,1,2.0,0,57.0,-98.5,1.000052569303521,0.4750044308064356,1.0006569092001965,0,True,0.0
direct_three_qubit,1,2.0,0,57.15,-98.5,1.000052569303521,0.4750046240846897,1.000649158700802,0,True,0.0
direct_three_qubit,1,2.0,0,57.3,-98.5,1.000052569303521,0.47500481432314595,1.0006415300982452,0,True,0.0
direct_three_qubit,1,2.0,0,57.449999999999996,-98.5,1.000052569303521,0.47500500176511784,1.0006340136355902,0,True,0.0
direct_three_qubit,1,2.0,0,57.599999999999994,-98.5,1.000052569303521,0.4750051866558508,1.0006265994784325,0,True,0.0
direct_three_qubit,1,2.0,0,57.75,-98.5,1.000052569303521,0.47500536924252196,1.0006192777149052,0,True,0.0
direct_three_qubit,1,2.0,0,57.9,-98.5,1.000052569303521,0.4750055497742404,1.0006120383556723,0,True,0.0
direct_three_qubit,1,2.0,0,58.05,-98.5,1.000052569303521,0.47500572850204675,1.000604871333947,0,True,0.0
direct_three_qubit,1,2.0,0,58.199999999999996,-98.5,1.000052569303521,0.47500590567891376,1.0005977665054595,0,True,0.0
direct_three_qubit,1,2.0,0,58.349999999999994,-98.5,1.000052569303521,0.4750060815597459,1.0005907136484873,0,True,0.0
direct_three_qubit,1,2.0,0,58.5,-98.5,1.000052569303521,0.4750062564013793,1.0005837024638389,0,True,0.0
direct_three_qubit,1,2.0,0,58.65,-98.5,1.000052569303521,0.475006430462582,1.0005767225748603,0,True,0.0
direct_three_qubit,1,2.0,0,58.8,-98.5,1.000052569303521,0.4750066040040539,1.0005697635274358,0,True,0.0
direct_three_qubit,1,2.0,0,58.949999999999996,-98.5,1.000052569303521,0.47500677728842683,1.0005628147899743,0,True,0.0
direct_three_qubit,1,2.0,0,59.099999999999994,-98.5,1.000052569303521,0.4750069505802639,1.0005558657534375,0,True,0.0
direct_three_qubit,1,2.0,0,59.25,-98.5,1.000052569303521,0.4750071241460606,1.0005489057313077,0,True,0.0
direct_three_qubit,1,2.0,0,59.4,-98.5,1.000052569303521,0.4750072982542441,1.0005419239596067,0,True,0.0
direct_three_qubit,1,2.0,0,59.55,-98.5,1.000052569303521,0.4750074731751733,1.000534909596894,0,True,0.0
direct_three_qubit,1,2.0,0,59.699999999999996,-98.5,1.000052569303521,0.47500764918113864,1.0005278517242684,0,True,0.0
direct_three_qubit,1,2.0,0,59.849999999999994,-98.5,1.000052569303521,0.47500782654636303,1.000520739345349,0,True,0.0
direct_three_qubit,1,2.0,0,60.0,-98.5,1.000052569303521,0.47500800554700057,1.000513561386314,0,True,0.0
direct_three_qubit,1,2.0,0,60.15,-98.5,1.000052569303521,0.47500818646113746,1.0005063066958548,0,True,0.0
direct_three_qubit,1,2.0,0,60.3,-98.5,1.000052569303521,0.4750083695687916,1.0004989640452178,0,True,0.0
direct_three_qubit,1,2.0,0,60.449999999999996,-98.5,1.000052569303521,0.4750085551519129,1.0004915221281663,0,True,0.0
direct_three_qubit,1,2.0,0,60.599999999999994,-98.5,1.000052569303521,0.475008743494383,1.000483969561008,0,True,0.0
direct_three_qubit,1,2.0,0,60.75,-98.5,1.000052569303521,0.47500893488201507,1.0004762948825963,0,True,0.0
direct_three_qubit,1,2.0,0,60.9,-98.5,1.000052569303521,0.47500912960255426,1.0004684865543088,0,True,0.0
direct_three_qubit,1,2.0,0,61.05,-98.5,1.000052569303521,0.4750093279456779,1.0004605329600549,0,True,0.0
direct_three_qubit,1,2.0,0,61.199999999999996,-98.5,1.000052569303521,0.4750095302029947,1.0004524224062923,0,True,0.0
direct_three_qubit,1,2.0,0,61.349999999999994,-98.5,1.000052569303521,0.475009736668045,1.0004441431220152,0,True,0.0
direct_three_qubit,1,2.0,0,61.5,-98.5,1.000052569303521,0.47500994763630167,1.000435683258741,0,True,0.0
direct_three_qubit,1,2.0,0,61.65,-98.5,1.000052569303521,0.47501016340516883,1.0004270308905314,0,True,0.0
direct_three_qubit,1,2.0,0,61.8,-98.5,1.000052569303521,0.4750103842739823,1.0004181740139966,0,True,0.0
direct_three_qubit,1,2.0,0,61.949999999999996,-98.5,1.000052569303521,0.4750106105440102,1.0004091005482612,0,True,0.0
direct_three_qubit,1,2.0,0,62.099999999999994,-98.5,1.000052569303521,0.47501084133232924,1.0003998458987247,0,True,0.0
direct_three_qubit,1,2.0,0,62.25,-98.5,1.000052569303521,0.4750110728127982,1.0003905634942936,0,True,0.0
direct_three_qubit,1,2.0,0,62.4,-98.5,1.000052569303521,0.4750113045651608,1.0003812701873145,0,True,0.0
direct_three_qubit,1,2.0,0,62.55,-98.5,1.000052569303521,0.4750115364666094,1.0003719709023922,0,True,0.0
direct_three_qubit,1,2.0,0,62.699999999999996,-98.5,1.000052569303521,0.47501176838583264,1.0003626709051394,0,True,0.0
direct_three_qubit,1,2.0,0,62.849999999999994,-98.5,1.000052569303521,0.47501200018301526,1.0003533758021643,0,True,0.0
direct_three_qubit,1,2.0,0,63.0,-98.5,1.000052569303521,0.4750122317098379,1.0003440915410955,0,True,0.0
direct_three_qubit,1,2.0,0,63.15,-98.5,1.000052569303521,0.4750124628094775,1.0003348244105656,0,True,0.0
direct_three_qubit,1,2.0,0,63.3,-98.5,1.000052569303521,0.4750126933166069,1.0003255810402123,0,True,0.0
direct_three_qubit,1,2.0,0,63.449999999999996,-98.5,1.000052569303521,0.4750129230573951,1.0003163684006753,0,True,0.0
direct_three_qubit,1,2.0,0,63.599999999999994,-98.5,1.000052569303521,0.47501315184950726,1.0003071938036137,0,True,0.0
direct_three_qubit,1,2.0,0,63.75,-98.5,1.000052569303521,0.4750133795021044,1.0002980649016884,0,True,0.0
direct_three_qubit,1,2.0,0,63.9,-98.5,1.000052569303521,0.47501360581584395,1.000288989688557,0,True,0.0
direct_three_qubit,1,2.0,0,64.05,-98.5,1.000052569303521,0.4750138305828791,1.0002799764989005,0,True,0.0
direct_three_qubit,1,2.0,0,64.2,-98.5,1.000052569303521,0.4750140535868593,1.0002710340083947,0,True,0.0
direct_three_qubit,1,2.0,0,64.35,-98.5,1.000052569303521,0.47501427460293,1.0002621712337276,0,True,0.0
direct_three_qubit,1,2.0,0,64.5,-98.5,1.000052569303521,0.47501449339773283,1.000253397532595,0,True,0.0
direct_three_qubit,1,2.0,0,64.64999999999999,-98.5,1.000052569303521,0.4750147097294054,1.0002447226036955,0,True,0.0
direct_three_qubit,1,2.0,0,64.8,-98.5,1.000052569303521,0.47501492334758155,1.000236156486734,0,True,0.0
direct_three_qubit,1,2.0,0,64.95,-98.5,1.000052569303521,0.475015133993391,1.0002277095624268,0,True,0.0
direct_three_qubit,1,2.0,0,65.1,-98.5,1.000052569303521,0.47501534139945967,1.0002193925524938,0,True,0.0
direct_three_qubit,1,2.0,0,65.25,-98.5,1.000052569303521,0.47501554528990964,1.000211216519659,0,True,0.0
direct_three_qubit,1,2.0,0,65.39999999999999,-98.5,1.000052569303521,0.47501574538035884,1.0002031928676585,0,True,0.0
direct_three_qubit,1,2.0,0,65.55,-98.5,1.000052569303521,0.4750159413779215,1.00019533334123,0,True,0.0
direct_three_qubit,1,2.0,0,65.7,-98.5,1.000052569303521,0.4750161329812079,1.0001876500261258,0,True,0.0
direct_three_qubit,1,2.0,0,65.85,-98.5,1.000052569303521,0.4750163198803242,1.0001801553490937,0,True,0.0
direct_three_qubit,1,2.0,0,66.0,-98.5,1.000052569303521,0.47501650175687304,1.000172862077892,0,True,0.0
direct_three_qubit,1,2.0,0,66.14999999999999,-98.5,1.000052569303521,0.47501667828395266,1.0001657833212951,0,True,0.0
direct_three_qubit,1,2.0,0,66.3,-98.5,1.000052569303521,0.47501684912615777,1.0001589325290736,0,True,0.0
direct_three_qubit,1,2.0,0,66.45,-98.5,1.000052569303521,0.475017013939579,1.000152323492002,0,True,0.0
direct_three_qubit,1,2.0,0,66.6,-98.5,1.000052569303521,0.4750171723718031,1.0001459703418774,0,True,0.0
direct_three_qubit,1,2.0,0,66.75,-98.5,1.000052569303521,0.47501732406191277,1.0001398875514884,0,True,0.0
direct_three_qubit,1,2.0,0,66.89999999999999,-98.5,1.000052569303521,0.475017468640487,1.0001340899346434,0,True,0.0
direct_three_qubit,1,2.0,0,67.05,-98.5,1.000052569303521,0.4750176057296008,1.0001285926461465,0,True,0.0
direct_three_qubit,1,2.0,0,67.2,-98.5,1.000052569303521,0.4750177349428251,1.0001234111818165,0,True,0.0
direct_three_qubit,1,2.0,0,67.35,-98.5,1.000052569303521,0.47501785588522716,1.0001185613784795,0,True,0.0
direct_three_qubit,1,2.0,0,67.5,-98.5,1.000052569303521,0.47501796815337016,1.00011405941397,0,True,0.0
direct_three_qubit,1,2.0,0,67.64999999999999,-98.5,1.000052569303521,0.47501807133531343,1.00010992180713,0,True,0.0
direct_three_qubit,1,2.0,0,67.8,-98.5,1.000052569303521,0.47501816501061234,1.0001061654178074,0,True,0.0
direct_three_qubit,1,2.0,0,67.95,-98.5,1.000052569303521,0.4750182493328633,1.0001027840867485,0,True,0.0
direct_three_qubit,1,2.0,0,68.1,-98.5,1.000052569303521,0.47501832844904196,1.0000996115197853,0,True,0.0
direct_three_qubit,1,2.0,0,68.25,-98.5,1.000052569303521,0.475018403267682,1.00009661128461,0,True,0.0
direct_three_qubit,1,2.0,0,68.39999999999999,-98.5,1.000052569303521,0.47501847380492673,1.000093782733871,0,True,0.0
direct_three_qubit,1,2.0,0,68.55,-98.5,1.000052569303521,0.475018540079849,1.0000911251027378,0,True,0.0
direct_three_qubit,1,2.0,0,68.7,-98.5,1.000052569303521,0.475018602114451,1.000088637508909,0,True,0.0
direct_three_qubit,1,2.0,0,68.85,-98.5,1.000052569303521,0.4750186599336646,1.0000863189526121,0,True,0.0
direct_three_qubit,1,2.0,0,69.0,-98.5,1.000052569303521,0.475018713565351,1.0000841683165995,0,True,0.0
direct_three_qubit,1,2.0,0,69.14999999999999,-98.5,1.000052569303521,0.47501876304030105,1.0000821843661523,0,True,0.0
direct_three_qubit,1,2.0,0,69.3,-98.5,1.000052569303521,0.475018808392235,1.0000803657490849,0,True,0.0
direct_three_qubit,1,2.0,0,69.45,-98.5,1.000052569303521,0.47501884965780267,1.0000787109957208,0,True,0.0
direct_three_qubit,1,2.0,0,69.6,-98.5,1.000052569303521,0.4750188868765834,1.000077218518931,0,True,0.0
direct_three_qubit,1,2.0,0,69.75,-98.5,1.000052569303521,0.4750189200910859,1.0000758866141017,0,True,0.0
direct_three_qubit,1,2.0,0,69.89999999999999,-98.5,1.000052569303521,0.4750189493467486,1.000074713459147,0,True,0.0
direct_three_qubit,1,2.0,0,70.05,-98.5,1.000052569303521,0.4750189746919395,1.0000736971145026,0,True,0.0
direct_three_qubit,1,2.0,0,70.2,-98.5,1.000052569303521,0.47501899617795557,1.0000728355231507,0,True,0.0
direct_three_qubit,1,2.0,0,70.35,-98.5,1.000052569303521,0.47501901385902384,1.0000721265105852,0,True,0.0
direct_three_qubit,1,2.0,0,70.5,-98.5,1.000052569303521,0.47501902779230065,1.000071567784821,0,True,0.0
direct_three_qubit,1,2.0,0,70.64999999999999,-98.5,1.000052569303521,0.4750190380378719,1.0000711569364165,0,True,0.0
direct_three_qubit,1,2.0,0,70.8,-98.5,1.000052569303521,0.47501904465875283,1.0000708914384444,0,True,0.0
direct_three_qubit,1,2.0,0,70.95,-98.5,1.000052569303521,0.4750190477208883,1.0000707686465113,0,True,0.0
direct_three_qubit,1,2.0,0,71.1,-98.5,1.000052569303521,0.475019047293153,1.0000707857987383,0,True,0.0
direct_three_qubit,1,2.0,0,71.25,-98.5,1.000052569303521,0.4750190434473504,1.0000709400157963,0,True,0.0
direct_three_qubit,1,2.0,0,71.39999999999999,-98.5,1.000052569303521,0.4750190362582141,1.000071228300865,0,True,0.0
direct_three_qubit,1,2.0,0,71.55,-98.5,1.000052569303521,0.47501902580340694,1.0000716475396536,0,True,0.0
direct_three_qubit,1,2.0,0,71.7,-98.5,1.000052569303521,0.4750190121635213,1.0000721945003987,0,True,0.0
direct_three_qubit,1,2.0,0,71.85,-98.5,1.000052569303521,0.47501899542207904,1.000072865833875,0,True,0.0
direct_three_qubit,1,2.0,0,72.0,-98.5,1.000052569303521,0.4750189756655318,1.000073658073355,0,True,0.0
direct_three_qubit,1,2.0,0,72.14999999999999,-98.5,1.000052569303521,0.4750189529832603,1.0000745676346714,0,True,0.0
direct_three_qubit,1,2.0,0,72.3,-98.5,1.000052569303521,0.47501892746757496,1.0000755908161656,0,True,0.0
direct_three_qubit,1,2.0,0,72.45,-98.5,1.000052569303521,0.4750188992137157,1.0000767237987067,0,True,0.0
direct_three_qubit,1,2.0,0,72.6,-98.5,1.000052569303521,0.47501886831985196,1.0000779626456968,0,True,0.0
direct_three_qubit,1,2.0,0,72.75,-98.5,1.000052569303521,0.4750188348870829,1.0000793033030484,0,True,0.0
direct_three_qubit,1,2.0,0,72.89999999999999,-98.5,1.000052569303521,0.4750187990194367,1.0000807415992254,0,True,0.0
direct_three_qubit,1,2.0,0,73.05,-98.5,1.000052569303521,0.47501876082387146,1.0000822732452017,0,True,0.0
direct_three_qubit,1,2.0,0,73.2,-98.5,1.000052569303521,0.47501872041027454,1.0000838938344796,0,True,0.0
direct_three_qubit,1,2.0,0,73.35,-98.5,1.000052569303521,0.47501867789146296,1.000085598843092,0,True,0.0
direct_three_qubit,1,2.0,0,73.5,-98.5,1.000052569303521,0.47501863338318306,1.0000873836295952,0,True,0.0
direct_three_qubit,1,2.0,0,73.64999999999999,-98.5,1.000052569303521,0.47501858700411115,1.0000892434350654,0,True,0.0
direct_three_qubit,1,2.0,0,73.8,-98.5,1.000052569303521,0.4750185388833054,1.000091173084256,0,True,0.0
direct_three_qubit,1,2.0,0,73.95,-98.5,1.000052569303521,0.4750184893473452,1.0000931594813047,0,True,0.0
direct_three_qubit,1,2.0,0,74.1,-98.5,1.000052569303521,0.4750184386311227,1.000095193207013,0,True,0.0
direct_three_qubit,1,2.0,0,74.25,-98.5,1.000052569303521,0.4750183868881379,1.0000972681060132,0,True,0.0
direct_three_qubit,1,2.0,0,74.39999999999999,-98.5,1.000052569303521,0.4750183342753846,1.0000993778828426,0,True,0.0
direct_three_qubit,1,2.0,0,74.55,-98.5,1.000052569303521,0.47501828095335036,1.000101516101935,0,True,0.0
direct_three_qubit,1,2.0,0,74.7,-98.5,1.000052569303521,0.47501822708601665,1.0001036761876154,0,True,0.0
direct_three_qubit,1,2.0,0,74.85,-98.5,1.000052569303521,0.47501817284085884,1.000105851424102,0,True,0.0
direct_three_qubit,1,2.0,0,75.0,-98.5,1.000052569303521,0.47501811838884606,1.0001080349555227,0,True,0.0
direct_three_qubit,1,2.0,0,75.14999999999999,-98.5,1.000052569303521,0.47501806390444123,1.0001102197858873,0,True,0.0
direct_three_qubit,1,2.0,0,75.3,-98.5,1.000052569303521,0.4750180095656013,1.0001123987791098,0,True,0.0
direct_three_qubit,1,2.0,0,75.45,-98.5,1.000052569303521,0.47501795555377696,1.0001145646589968,0,True,0.0
direct_three_qubit,1,2.0,0,75.6,-98.5,1.000052569303521,0.4750179020539127,1.0001167100092525,0,True,0.0
direct_three_qubit,1,2.0,0,75.75,-98.5,1.000052569303521,0.47501784925444696,1.0001188272734758,0,True,0.0
direct_three_qubit,1,2.0,0,75.89999999999999,-98.5,1.000052569303521,0.47501779734731187,1.0001209087551681,0,True,0.0
direct_three_qubit,1,2.0,0,76.05,-98.5,1.000052569303521,0.4750177465279335,1.0001229466177168,0,True,0.0
direct_three_qubit,1,2.0,0,76.2,-98.5,1.000052569303521,0.47501769699523205,1.000124932884405,0,True,0.0
direct_three_qubit,1,2.0,0,76.35,-98.5,1.000052569303521,0.4750176489516209,1.0001268594384285,0,True,0.0
direct_three_qubit,1,2.0,0,76.5,-98.5,1.000052569303521,0.4750176026030079,1.0001287180228597,0,True,0.0
direct_three_qubit,1,2.0,0,76.64999999999999,-98.5,1.000052569303521,0.47501755815879443,1.0001305002406784,0,True,0.0
direct_three_qubit,1,2.0,0,76.8,-98.5,1.000052569303521,0.4750175158318758,1.0001321975547595,0,True,0.0
direct_three_qubit,1,2.0,0,76.95,-98.5,1.000052569303521,0.4750174758386411,1.0001338012878673,0,True,0.0
direct_three_qubit,1,2.0,0,77.1,-98.5,1.000052569303521,0.47501743839897337,1.000135302622676,0,True,0.0
direct_three_qubit,1,2.0,0,77.25,-98.5,1.000052569303521,0.4750174037362496,1.000136692601734,0,True,0.0
direct_three_qubit,1,2.0,0,77.39999999999999,-98.5,1.000052569303521,0.47501737207734024,1.0001379621275084,0,True,0.0
direct_three_qubit,1,2.0,0,77.55,-98.5,1.000052569303521,0.47501734365260984,1.0001391019623558,0,True,0.0
direct_three_qubit,1,2.0,0,77.7,-98.5,1.000052569303521,0.4750173186959169,1.000140102728522,0,True,0.0
direct_three_qubit,1,2.0,0,77.85,-98.5,1.000052569303521,0.4750172974446137,1.0001409549081504,0,True,0.0
direct_three_qubit,1,2.0,0,78.0,-98.5,1.000052569303521,0.4750172801395461,1.0001416488432942,0,True,0.0
direct_three_qubit,1,2.0,0,78.14999999999999,-98.5,1.000052569303521,0.47501726702505404,1.0001421747358887,0,True,0.0
direct_three_qubit,1,2.0,0,78.3,-98.5,1.000052569303521,0.47501725834897124,1.0001425226477811,0,True,0.0
direct_three_qubit,1,2.0,0,78.45,-98.5,1.000052569303521,0.4750172543626256,1.000142682500686,0,True,0.0
direct_three_qubit,1,2.0,0,78.6,-98.5,1.000052569303521,0.47501725532083816,1.0001426440762562,0,True,0.0
direct_three_qubit,1,2.0,0,78.75,-98.5,1.000052569303521,0.47501726148192464,1.0001423970160013,0,True,0.0
direct_three_qubit,1,2.0,0,78.89999999999999,-98.5,1.000052569303521,0.47501727310769376,1.0001419308213566,0,True,0.0
direct_three_qubit,1,2.0,0,79.05,-98.5,1.000052569303521,0.47501729046344876,1.0001412348536436,0,True,0.0
direct_three_qubit,1,2.0,0,79.2,-98.5,1.000052569303521,0.4750173138179863,1.0001402983340835,0,True,0.0
direct_three_qubit,1,2.0,0,79.35,-98.5,1.000052569303521,0.4750173434435973,1.0001391103437818,0,True,0.0
direct_three_qubit,1,2.0,0,79.5,-98.5,1.000052569303521,0.47501737961606594,1.0001376598237723,0,True,0.0
direct_three_qubit,1,2.0,0,79.64999999999999,-98.5,1.000052569303521,0.4750174226144856,1.0001359355823791,0,True,0.0
direct_three_qubit,1,2.0,0,79.8,-98.5,1.000052569303521,0.4750174704976797,1.0001340154610106,0,True,0.0
direct_three_qubit,1,2.0,0,79.95,-98.5,1.000052569303521,0.47501752118557883,1.0001319828706794,0,True,0.0
direct_three_qubit,1,2.0,0,80.1,-98.5,1.000052569303521,0.4750175746297708,1.0001298397527247,0,True,0.0
direct_three_qubit,1,2.0,0,80.25,-98.5,1.000052569303521,0.47501763077703335,1.0001275882413683,0,True,0.0
direct_three_qubit,1,2.0,0,80.39999999999999,-98.5,1.000052569303521,0.4750176895693343,1.000125230663708,0,True,0.0
direct_three_qubit,1,2.0,0,80.55,-98.5,1.000052569303521,0.4750177509438326,1.000122769539687,0,True,0.0
direct_three_qubit,1,2.0,0,80.7,-98.5,1.000052569303521,0.47501781483287664,1.0001202075821398,0,True,0.0
direct_three_qubit,1,2.0,0,80.85,-98.5,1.000052569303521,0.4750178811640057,1.000117547696756,0,True,0.0
direct_three_qubit,1,2.0,0,81.0,-98.5,1.000052569303521,0.47501794985994905,1.0001147929821022,0,True,0.0
direct_three_qubit,1,2.0,0,81.14999999999999,-98.5,1.000052569303521,0.47501802083862643,1.0001119467296093,0,True,0.0
direct_three_qubit,1,2.0,0,81.3,-98.5,1.000052569303521,0.47501809401314804,1.0001090124235716,0,True,0.0
direct_three_qubit,1,2.0,0,81.45,-98.5,1.000052569303521,0.47501816929181384,1.000105993741178,0,True,0.0
direct_three_qubit,1,2.0,0,81.6,-98.5,1.000052569303521,0.47501824657811476,1.0001028945524515,0,True,0.0
direct_three_qubit,1,2.0,0,81.75,-98.5,1.000052569303521,0.47501832577073183,1.0000997189202974,0,True,0.0
direct_three_qubit,1,2.0,0,81.89999999999999,-98.5,1.000052569303521,0.475018406763536,1.000096471100507,0,True,0.0
direct_three_qubit,1,2.0,0,82.05,-98.5,1.000052569303521,0.4750184894455891,1.000093155541714,0,True,0.0
direct_three_qubit,1,2.0,0,82.2,-98.5,1.000052569303521,0.47501857370114303,1.000089776885436,0,True,0.0
direct_three_qubit,1,2.0,0,82.35,-98.5,1.000052569303521,0.47501865940963994,1.000086339966052,0,True,0.0
direct_three_qubit,1,2.0,0,82.5,-98.5,1.000052569303521,0.47501874644571235,1.00008284981082,0,True,0.0
direct_three_qubit,1,2.0,0,82.64999999999999,-98.5,1.000052569303521,0.47501883467918316,1.0000793116398494,0,True,0.0
direct_three_qubit,1,2.0,0,82.8,-98.5,1.000052569303521,0.47501892397506557,1.0000757308661368,0,True,0.0
direct_three_qubit,1,2.0,0,82.95,-98.5,1.000052569303521,0.4750190141935628,1.000072113095538,0,True,0.0
direct_three_qubit,1,2.0,0,83.1,-98.5,1.000052569303521,0.4750191051900689,1.0000684641267765,0,True,0.0
direct_three_qubit,1,2.0,0,83.25,-98.5,1.000052569303521,0.47501919681516785,1.0000647899514488,0,True,0.0
direct_three_qubit,1,2.0,0,83.39999999999999,-98.5,1.000052569303521,0.47501928891463413,1.0000610967540124,0,True,0.0
direct_three_qubit,1,2.0,0,83.55,-98.5,1.000052569303521,0.4750193813294325,1.000057390911796,0,True,0.0
direct_three_qubit,1,2.0,0,83.7,-98.5,1.000052569303521,0.47501947389571775,1.0000536789950125,0,True,0.0
direct_three_qubit,1,2.0,0,83.85,-98.5,1.000052569303521,0.47501956644483545,1.0000499677667167,0,True,0.0
direct_three_qubit,1,2.0,0,84.0,-98.5,1.000052569303521,0.4750196588033213,1.0000462641828431,0,True,0.0
direct_three_qubit,1,2.0,0,84.14999999999999,-98.5,1.000052569303521,0.47501975079290115,1.0000425753922044,0,True,0.0
direct_three_qubit,1,2.0,0,84.3,-98.5,1.000052569303521,0.4750198422304914,1.0000389087364672,0,True,0.0
direct_three_qubit,1,2.0,0,84.45,-98.5,1.000052569303521,0.4750199329281986,1.0000352717501753,0,True,0.0
direct_three_qubit,1,2.0,0,84.6,-98.5,1.000052569303521,0.47502002269331955,1.0000316721607383,0,True,0.0
direct_three_qubit,1,2.0,0,84.75,-98.5,1.000052569303521,0.4750201113283417,1.000028117888432,0,True,0.0
direct_three_qubit,1,2.0,0,84.89999999999999,-98.5,1.000052569303521,0.47502019863094247,1.0000246170464016,0,True,0.0
direct_three_qubit,1,2.0,0,85.05,-98.5,1.000052569303521,0.4750202843939898,1.000021177940662,0,True,0.0
direct_three_qubit,1,2.0,0,85.2,-98.5,1.000052569303521,0.4750203684055419,1.0000178090700904,0,True,0.0
direct_three_qubit,1,2.0,0,85.35,-98.5,1.000052569303521,0.475020450448847,1.000014519126451,0,True,0.0
direct_three_qubit,1,2.0,0,85.5,-98.5,1.000052569303521,0.47502053030234415,1.0000113169943528,0,True,0.0
direct_three_qubit,1,2.0,0,85.64999999999999,-98.5,1.000052569303521,0.47502060773966237,1.0000082117512838,0,True,0.0
direct_three_qubit,1,2.0,0,85.8,-98.5,1.000052569303521,0.4750206825296212,1.0000052126675985,0,True,0.0
direct_three_qubit,1,2.0,0,85.95,-98.5,1.000052569303521,0.47502075443623026,1.0000023292065279,0,True,0.0
direct_three_qubit,1,2.0,0,86.1,-98.5,1.000052569303521,0.4750208232186897,0.9999995710241589,0,True,0.0
direct_three_qubit,1,2.0,0,86.25,-98.5,1.000052569303521,0.4750208886313897,0.9999969479694594,0,True,0.0
direct_three_qubit,1,2.0,0,86.39999999999999,-98.5,1.000052569303521,0.4750209504239112,0.9999944700842504,0,True,0.0
direct_three_qubit,1,2.0,0,86.55,-98.5,1.000052569303521,0.47502100872069986,0.9999921323782412,0,True,0.0
direct_three_qubit,1,2.0,0,86.7,-98.5,1.000052569303521,0.4750210654349699,0.9999898581313872,0,True,0.0
direct_three_qubit,1,2.0,0,86.85,-98.5,1.000052569303521,0.4750211208082559,0.9999876376581252,0,True,0.0
direct_three_qubit,1,2.0,0,87.0,-98.5,1.000052569303521,0.47502117476676325,0.9999854739176307,0,True,0.0
direct_three_qubit,1,2.0,0,87.14999999999999,-98.5,1.000052569303521,0.4750212272362,0.9999833698890062,0,True,0.0
direct_three_qubit,1,2.0,0,87.3,-98.5,1.000052569303521,0.47502127814177714,0.9999813285713,0,True,0.0
direct_three_qubit,1,2.0,0,87.45,-98.5,1.000052569303521,0.47502132740820807,0.9999793529835083,0,True,0.0
direct_three_qubit,1,2.0,0,87.6,-98.5,1.000052569303521,0.4750213749597091,0.9999774461645574,0,True,0.0
direct_three_qubit,1,2.0,0,87.75,-98.5,1.000052569303521,0.47502142071999925,0.9999756111733239,0,True,0.0
direct_three_qubit,1,2.0,0,87.89999999999999,-98.5,1.000052569303521,0.47502146461230005,0.999973851088623,0,True,0.0
direct_three_qubit,1,2.0,0,88.05,-98.5,1.000052569303521,0.4750215065593359,0.9999721690092158,0,True,0.0
direct_three_qubit,1,2.0,0,88.2,-98.5,1.000052569303521,0.4750215464833338,0.9999705680538005,0,True,0.0
direct_three_qubit,1,2.0,0,88.35,-98.5,1.000052569303521,0.4750215843060237,0.9999690513610117,0,True,0.0
direct_three_qubit,1,2.0,0,88.5,-98.5,1.000052569303521,0.475021619948638,0.9999676220894332,0,True,0.0
direct_three_qubit,1,2.0,0,88.64999999999999,-98.5,1.000052569303521,0.475021653331912,0.999966283417583,0,True,0.0
direct_three_qubit,1,2.0,0,88.8,-98.5,1.000052569303521,0.47502168437608333,0.999965038543941,0,True,0.0
direct_three_qubit,1,2.0,0,88.95,-98.5,1.000052569303521,0.4750217130008928,0.9999638906868972,0,True,0.0
direct_three_qubit,1,2.0,0,89.1,-98.5,1.000052569303521,0.4750217391255838,0.9999628430848031,0,True,0.0
direct_three_qubit,1,2.0,0,89.25,-98.5,1.000052569303521,0.47502176266890206,0.9999618989959552,0,True,0.0
direct_three_qubit,1,2.0,0,89.39999999999999,-98.5,1.000052569303521,0.4750217835490965,0.9999610616985773,0,True,0.0
direct_three_qubit,1,2.0,0,89.55,-98.5,1.000052569303521,0.4750218016839186,0.9999603344908434,0,True,0.0
direct_three_qubit,1,2.0,0,89.7,-98.5,1.000052569303521,0.4750218169906224,0.999959720690868,0,True,0.0
direct_three_qubit,1,2.0,0,89.85,-98.5,1.000052569303521,0.4750218293859647,0.9999592236367074,0,True,0.0
direct_three_qubit,1,2.0,0,90.0,-98.5,1.000052569303521,0.4750218387862052,0.9999588466863593,0,True,0.0
direct_three_qubit,1,2.0,0,90.14999999999999,-98.5,1.000052569303521,0.475021845107106,0.9999585932177625,0,True,0.0
direct_three_qubit,1,2.0,0,90.3,-98.5,1.000052569303521,0.4750218482639321,0.9999584666287966,0,True,0.0
direct_three_qubit,1,2.0,0,90.45,-98.5,1.000052569303521,0.4750218481714514,0.9999584703372795,0,True,0.0
direct_three_qubit,1,2.0,0,90.6,-98.5,1.000052569303521,0.4750218447439338,0.999958607780993,0,True,0.0
direct_three_qubit,1,2.0,0,90.75,-98.5,1.000052569303521,0.47502183789515273,0.9999588824176279,0,True,0.0
direct_three_qubit,1,2.0,0,90.89999999999999,-98.5,1.000052569303521,0.475021827538384,0.9999592977248343,0,True,0.0
direct_three_qubit,1,2.0,0,91.05,-98.5,1.000052569303521,0.47502181358640583,0.9999598572002086,0,True,0.0
direct_three_qubit,1,2.0,0,91.2,-98.5,1.000052569303521,0.4750217959514998,0.9999605643612715,0,True,0.0
direct_three_qubit,1,2.0,0,91.35,-98.5,1.000052569303521,0.47502177454544936,0.9999614227455084,0,True,0.0
direct_three_qubit,1,2.0,0,91.5,-98.5,1.000052569303521,0.4750217492795416,0.9999624359103219,0,True,0.0
direct_three_qubit,1,2.0,0,91.64999999999999,-98.5,1.000052569303521,0.47502172006456544,0.9999636074330872,0,True,0.0
direct_three_qubit,1,2.0,0,91.8,-98.5,1.000052569303521,0.47502168681081314,0.9999649409110872,0,True,0.0
direct_three_qubit,1,2.0,0,91.95,-98.5,1.000052569303521,0.4750216494280794,0.9999664399615696,0,True,0.0
direct_three_qubit,1,2.0,0,92.1,-98.5,1.000052569303521,0.4750216078256616,0.9999681082217193,0,True,0.0
direct_three_qubit,1,2.0,0,92.25,-98.5,1.000052569303521,0.47502156191235995,0.9999699493486586,0,True,0.0
direct_three_qubit,1,2.0,0,92.39999999999999,-98.5,1.000052569303521,0.4750215115964772,0.9999719670194571,0,True,0.0
direct_three_qubit,1,2.0,0,92.55,-98.5,1.000052569303521,0.47502145678581914,0.9999741649311197,0,True,0.0
direct_three_qubit,1,2.0,0,92.7,-98.5,1.000052569303521,0.47502139738769367,0.9999765468006087,0,True,0.0
direct_three_qubit,1,2.0,0,92.85,-98.5,1.000052569303521,0.47502133330891205,0.9999791163648099,0,True,0.0
direct_three_qubit,1,2.0,0,93.0,-98.5,1.000052569303521,0.47502126445578785,0.9999818773805597,0,True,0.0
direct_three_qubit,1,2.0,0,93.14999999999999,-98.5,1.000052569303521,0.47502119073413757,0.9999848336246381,0,True,0.0
direct_three_qubit,1,2.0,0,93.3,-98.5,1.000052569303521,0.475021112050767,0.9999879888341391,0,True,0.0
direct_three_qubit,1,2.0,0,93.45,-98.5,1.000052569303521,0.47502102990274686,0.999991282976427,0,True,0.0
direct_three_qubit,1,2.0,0,93.6,-98.5,1.000052569303521,0.4750209457353509,0.9999946580959014,0,True,0.0
direct_three_qubit,1,2.0,0,93.75,-98.5,1.000052569303521,0.4750208596523195,0.9999981100325737,0,True,0.0
direct_three_qubit,1,2.0,0,93.89999999999999,-98.5,1.000052569303521,0.4750207717611469,1.0000016344759204,0,True,0.0
direct_three_qubit,1,2.0,0,94.05,-98.5,1.000052569303521,0.4750206821730819,1.0000052269648552,0,True,0.0
direct_three_qubit,1,2.0,0,94.2,-98.5,1.000052569303521,0.4750205910031277,1.0000088828877476,0,True,0.0
direct_three_qubit,1,2.0,0,94.35,-98.5,1.000052569303521,0.47502049837004134,1.000012597482434,0,True,0.0
direct_three_qubit,1,2.0,0,94.5,-98.5,1.000052569303521,0.47502040439633486,1.0000163658361698,0,True,0.0
direct_three_qubit,1,2.0,0,94.64999999999999,-98.5,1.000052569303521,0.47502030920827415,1.000020182885688,0,True,0.0
direct_three_qubit,1,2.0,0,94.8,-98.5,1.000052569303521,0.4750202129358794,1.000024043417168,0,True,0.0
direct_three_qubit,1,2.0,0,94.95,-98.5,1.000052569303521,0.47502011571292535,1.000027942066238,0,True,0.0
direct_three_qubit,1,2.0,0,95.1,-98.5,1.000052569303521,0.4750200176769409,1.0000318733179727,0,True,0.0
direct_three_qubit,1,2.0,0,95.25,-98.5,1.000052569303521,0.47501991896920925,1.0000358315069098,0,True,0.0
direct_three_qubit,1,2.0,0,95.39999999999999,-98.5,1.000052569303521,0.4750198197347681,1.0000398108170243,0,True,0.0
direct_three_qubit,1,2.0,0,95.55,-98.5,1.000052569303521,0.47501972012240895,1.0000438052817657,0,True,0.0
direct_three_qubit,1,2.0,0,95.7,-98.5,1.000052569303521,0.4750196202846784,1.0000478087839975,0,True,0.0
direct_three_qubit,1,2.0,0,95.85,-98.5,1.000052569303521,0.4750195203778766,1.0000518150560758,0,True,0.0
direct_three_qubit,1,2.0,0,96.0,-98.5,1.000052569303521,0.47501942056205854,1.0000558176797765,0,True,0.0
direct_three_qubit,1,2.0,0,96.14999999999999,-98.5,1.000052569303521,0.47501932100103333,1.0000598100863396,0,True,0.0
direct_three_qubit,1,2.0,0,96.3,-98.5,1.000052569303521,0.47501922186236417,1.000063785556466,0,True,0.0
direct_three_qubit,1,2.0,0,96.45,-98.5,1.000052569303521,0.475019123317369,1.0000677372202842,0,True,0.0
direct_three_qubit,1,2.0,0,96.6,-98.5,1.000052569303521,0.4750190255411199,1.000071658057388,0,True,0.0
direct_three_qubit,1,2.0,0,96.75,-98.5,1.000052569303521,0.47501892871244294,1.0000755408968356,0,True,0.0
direct_three_qubit,1,2.0,0,96.89999999999999,-98.5,1.000052569303521,0.475018833013919,1.000079378417108,0,True,0.0
direct_three_qubit,1,2.0,0,97.05,-98.5,1.000052569303521,0.4750187386318831,1.0000831631461518,0,True,0.0
direct_three_qubit,1,2.0,0,97.2,-98.5,1.000052569303521,0.47501864575642433,1.000086887461375,0,True,0.0
direct_three_qubit,1,2.0,0,97.35,-98.5,1.000052569303521,0.47501855458138637,1.0000905435896172,0,True,0.0
direct_three_qubit,1,2.0,0,97.5,-98.5,1.000052569303521,0.475018465304367,1.0000941236071883,0,True,0.0
direct_three_qubit,1,2.0,0,97.64999999999999,-98.5,1.000052569303521,0.47501837812671865,1.0000976194398274,0,True,0.0
direct_three_qubit,1,2.0,0,97.8,-98.5,1.000052569303521,0.4750182932535478,1.0001010228627423,0,True,0.0
direct_three_qubit,1,2.0,0,97.95,-98.5,1.000052569303521,0.47501821089371515,1.0001043255005915,0,True,0.0
direct_three_qubit,1,2.0,0,98.1,-98.5,1.000052569303521,0.47501813125983594,1.0001075188274762,0,True,0.0
direct_three_qubit,1,2.0,0,98.25,-98.5,1.000052569303521,0.4750180545682796,1.0001105941669541,0,True,0.0
direct_three_qubit,1,2.0,0,98.39999999999999,-98.5,1.000052569303521,0.4750179810391699,1.0001135426920313,0,True,0.0
direct_three_qubit,1,2.0,0,98.55,-98.5,1.000052569303521,0.47501791089638506,1.0001163554251693,0,True,0.0
direct_three_qubit,1,2.0,0,98.7,-98.5,1.000052569303521,0.4750178443675571,1.0001190232382824,0,True,0.0
direct_three_qubit,1,2.0,0,98.85,-98.5,1.000052569303521,0.47501778168407305,1.0001215368527294,0,True,0.0
direct_three_qubit,1,2.0,0,99.0,-98.5,1.000052569303521,0.4750177230810739,1.000123886839321,0,True,0.0
direct_three_qubit,1,2.0,0,99.14999999999999,-98.5,1.000052569303521,0.4750176687974548,1.0001260636183331,0,True,0.0
direct_three_qubit,1,2.0,0,99.3,-98.5,1.000052569303521,0.4750176190758655,1.0001280574594744,0,True,0.0
direct_three_qubit,1,2.0,0,99.45,-98.5,1.000052569303521,0.47501757416271,1.0001298584819125,0,True,0.0
direct_three_qubit,1,2.0,0,99.6,-98.5,1.000052569303521,0.4750175343081463,1.000131456654284,0,True,0.0
direct_three_qubit,1,2.0,0,99.75,-98.5,1.000052569303521,0.4750174997660872,1.0001328417946478,0,True,0.0
direct_three_qubit,1,2.0,0,99.89999999999999,-98.5,1.000052569303521,0.4750174707941996,1.000134003570529,0,True,0.0
direct_three_qubit,1,2.0,0,100.05,-98.5,1.000052569303521,0.4750174476539045,1.000134931498915,0,True,0.0
direct_three_qubit,1,2.0,0,100.2,-98.5,1.000052569303521,0.47501743017231396,1.0001356325126265,0,True,0.0
direct_three_qubit,1,2.0,0,100.35,-98.5,1.000052569303521,0.4750174163005915,1.0001361887702294,0,True,0.0
direct_three_qubit,1,2.0,0,100.5,-98.5,1.000052569303521,0.4750174057646489,1.0001366112626968,0,True,0.0
direct_three_qubit,1,2.0,0,100.64999999999999,-98.5,1.000052569303521,0.47501739858732683,1.000136899074106,0,True,0.0
direct_three_qubit,1,2.0,0,100.8,-98.5,1.000052569303521,0.47501739478641525,1.0001370514910821,0,True,0.0
direct_three_qubit,1,2.0,0,100.95,-98.5,1.000052569303521,0.4750173943745286,1.0001370680077826,0,True,0.0
direct_three_qubit,1,2.0,0,101.1,-98.5,1.000052569303521,0.4750173973589818,1.000136948330879,0,True,0.0
direct_three_qubit,1,2.0,0,101.25,-98.5,1.000052569303521,0.4750174037416653,1.000136692384565,0,True,0.0
direct_three_qubit,1,2.0,0,101.39999999999999,-98.5,1.000052569303521,0.4750174135189211,1.000136300315521,0,True,0.0
direct_three_qubit,1,2.0,0,101.55,-98.5,1.000052569303521,0.4750174266814187,1.0001357724979132,0,True,0.0
direct_three_qubit,1,2.0,0,101.7,-98.5,1.000052569303521,0.47501744321402944,1.0001351095383944,0,True,0.0
direct_three_qubit,1,2.0,0,101.85,-98.5,1.000052569303521,0.47501746309570325,1.0001343122810817,0,True,0.0
direct_three_qubit,1,2.0,0,102.0,-98.5,1.000052569303521,0.4750174862993439,1.0001333818125335,0,True,0.0
direct_three_qubit,1,2.0,0,102.14999999999999,-98.5,1.000052569303521,0.47501751279168464,1.000132319466757,0,True,0.0
direct_three_qubit,1,2.0,0,102.3,-98.5,1.000052569303521,0.4750175425331633,1.0001311268301993,0,True,0.0
direct_three_qubit,1,2.0,0,102.45,-98.5,1.000052569303521,0.4750175754777986,1.0001298057467167,0,True,0.0
direct_three_qubit,1,2.0,0,102.6,-98.5,1.000052569303521,0.4750176115730653,1.0001283583225782,0,True,0.0
direct_three_qubit,1,2.0,0,102.75,-98.5,1.000052569303521,0.47501765075977,1.0001267869314545,0,True,0.0
direct_three_qubit,1,2.0,0,102.89999999999999,-98.5,1.000052569303521,0.4750176929719265,1.0001250942193936,0,True,0.0
direct_three_qubit,1,2.0,0,103.05,-98.5,1.000052569303521,0.4750177381366317,1.0001232831098272,0,True,0.0
direct_three_qubit,1,2.0,0,103.2,-98.5,1.000052569303521,0.47501778617394064,1.0001213568085552,0,True,0.0
direct_three_qubit,1,2.0,0,103.35,-98.5,1.000052569303521,0.47501783699674305,1.000119318808717,0,True,0.0
direct_three_qubit,1,2.0,0,103.5,-98.5,1.000052569303521,0.4750178905106379,1.0001171728958047,0,True,0.0
direct_three_qubit,1,2.0,0,103.64999999999999,-98.5,1.000052569303521,0.47501794661380975,1.0001149231526312,0,True,0.0
direct_three_qubit,1,2.0,0,103.8,-98.5,1.000052569303521,0.47501800519690374,1.0001125739643446,0,True,0.0
direct_three_qubit,1,2.0,0,103.95,-98.5,1.000052569303521,0.47501806614290165,1.0001101300233886,0,True,0.0
direct_three_qubit,1,2.0,0,104.1,-98.5,1.000052569303521,0.4750181293269974,1.0001075963345047,0,True,0.0
direct_three_qubit,1,2.0,0,104.25,-98.5,1.000052569303521,0.4750181946164724,1.0001049782197238,0,True,0.0
direct_three_qubit,1,2.0,0,104.39999999999999,-98.5,1.000052569303521,0.47501826187057145,1.0001022813233504,0,True,0.0
direct_three_qubit,1,2.0,0,104.55,-98.5,1.000052569303521,0.4750183309403778,1.0000995116169604,0,True,0.0
direct_three_qubit,1,2.0,0,104.7,-98.5,1.000052569303521,0.4750184016686898,1.0000966754043643,0,True,0.0
direct_three_qubit,1,2.0,0,104.85,-98.5,1.000052569303521,0.47501847388989527,1.000093779326626,0,True,0.0
direct_three_qubit,1,2.0,0,105.0,-98.5,1.000052569303521,0.4750185474298479,1.0000908303670366,0,True,0.0
direct_three_qubit,1,2.0,0,105.14999999999999,-98.5,1.000052569303521,0.47501862210574225,1.000087835856111,0,True,0.0
direct_three_qubit,1,2.0,0,105.3,-98.5,1.000052569303521,0.47501869772599,1.0000848034765641,0,True,0.0
direct_three_qubit,1,2.0,0,105.45,-98.5,1.000052569303521,0.4750187740900951,1.00008174126831,0,True,0.0
direct_three_qubit,1,2.0,0,105.6,-98.5,1.000052569303521,0.4750188509885295,1.000078657633446,0,True,0.0
direct_three_qubit,1,2.0,0,105.75,-98.5,1.000052569303521,0.4750189282026086,1.0000755613412426,0,True,0.0
direct_three_qubit,1,2.0,0,105.89999999999999,-98.5,1.000052569303521,0.47501900550436704,1.0000724615331393,0,True,0.0
direct_three_qubit,1,2.0,0,106.05,-98.5,1.000052569303521,0.4750190826564341,1.0000693677277215,0,True,0.0
direct_three_qubit,1,2.0,0,106.2,-98.5,1.000052569303521,0.47501915941190953,1.0000662898257169,0,True,0.0
direct_three_qubit,1,2.0,0,106.35,-98.5,1.000052569303521,0.47501923551423886,1.0000632381149785,0,True,0.0
direct_three_qubit,1,2.0,0,106.5,-98.5,1.000052569303521,0.4750193106970893,1.00006022327548,0,True,0.0
direct_three_qubit,1,2.0,0,106.64999999999999,-98.5,1.000052569303521,0.47501938468422483,1.000057256384308,0,True,0.0
direct_three_qubit,1,2.0,0,106.8,-98.5,1.000052569303521,0.4750194571893823,1.000054348920635,0,True,0.0
direct_three_qubit,1,2.0,0,106.95,-98.5,1.000052569303521,0.47501952791614727,1.0000515127707148,0,True,0.0
direct_three_qubit,1,2.0,0,107.1,-98.5,1.000052569303521,0.4750195965578282,1.000048760232898,0,True,0.0
direct_three_qubit,1,2.0,0,107.25,-98.5,1.000052569303521,0.47501966279733404,1.0000461040225648,0,True,0.0
direct_three_qubit,1,2.0,0,107.39999999999999,-98.5,1.000052569303521,0.4750197263070482,1.000043557277163,0,True,0.0
direct_three_qubit,1,2.0,0,107.55,-98.5,1.000052569303521,0.4750197867487046,1.000041133561188,0,True,0.0
direct_three_qubit,1,2.0,0,107.7,-98.5,1.000052569303521,0.47501984377326406,1.0000388468711445,0,True,0.0
direct_three_qubit,1,2.0,0,107.85,-98.5,1.000052569303521,0.4750198970207884,1.0000367116405753,0,True,0.0
direct_three_qubit,1,2.0,0,108.0,-98.5,1.000052569303521,0.4750199461203175,1.0000347427450134,0,True,0.0
direct_three_qubit,1,2.0,0,108.14999999999999,-98.5,1.000052569303521,0.475019990689744,1.0000329555069938,0,True,0.0
direct_three_qubit,1,2.0,0,108.3,-98.5,1.000052569303521,0.4750200303356891,1.000031365701035,0,True,0.0
direct_three_qubit,1,2.0,0,108.45,-98.5,1.000052569303521,0.47502006465337815,1.0000299895586318,0,True,0.0
direct_three_qubit,1,2.0,0,108.6,-98.5,1.000052569303521,0.47502009322651634,1.0000288437732407,0,True,0.0
direct_three_qubit,1,2.0,0,108.75,-98.5,1.000052569303521,0.4750201156271642,1.0000279455052679,0,True,0.0
direct_three_qubit,1,2.0,0,108.89999999999999,-98.5,1.000052569303521,0.4750201314156133,1.0000273123870556,0,True,0.0
direct_three_qubit,1,2.0,0,109.05,-98.5,1.000052569303521,0.4750201401402618,1.000026962527875,0,True,0.0
direct_three_qubit,1,2.0,0,109.2,-98.5,1.000052569303521,0.47502014133748965,1.0000269145189293,0,True,0.0
direct_three_qubit,1,2.0,0,109.35,-98.5,1.000052569303521,0.47502013453153485,1.0000271874383233,0,True,0.0
direct_three_qubit,1,2.0,0,109.5,-98.5,1.000052569303521,0.47502011923436865,1.000027800856048,0,True,0.0
direct_three_qubit,1,2.0,0,109.64999999999999,-98.5,1.000052569303521,0.47502009494557107,1.0000287748389929,0,True,0.0
direct_three_qubit,1,2.0,0,109.8,-98.5,1.000052569303521,0.4750200611522069,1.0000301299559122,0,True,0.0
direct_three_qubit,1,2.0,0,109.95,-98.5,1.000052569303521,0.47502001732870086,1.000031887282428,0,True,0.0
direct_three_qubit,1,2.0,0,110.1,-98.5,1.000052569303521,0.47501996293671306,1.0000340684060331,0,True,0.0
direct_three_qubit,1,2.0,0,110.25,-98.5,1.000052569303521,0.47501989742501555,1.0000366954310305,0,True,0.0
direct_three_qubit,1,2.0,0,110.39999999999999,-98.5,1.000052569303521,0.4750198202293664,1.000039790983588,0,True,0.0
direct_three_qubit,1,2.0,0,110.55,-98.5,1.000052569303521,0.47501973077238696,1.0000433782166671,0,True,0.0
direct_three_qubit,1,2.0,0,110.7,-98.5,1.000052569303521,0.47501962846343604,1.0000474808150577,0,True,0.0
direct_three_qubit,1,2.0,0,110.85,-98.5,1.000052569303521,0.47501951269848636,1.0000521230003432,0,True,0.0
direct_three_qubit,1,2.0,0,111.0,-98.5,1.000052569303521,0.47501938296278895,1.0000573254140483,0,True,0.0
direct_three_qubit,1,2.0,0,111.14999999999999,-98.5,1.000052569303521,0.4750192514932831,1.0000625973537707,0,True,0.0
direct_three_qubit,1,2.0,0,111.3,-98.5,1.000052569303521,0.4750191274468226,1.000067571628794,0,True,0.0
direct_three_qubit,1,2.0,0,111.45,-98.5,1.000052569303521,0.4750190114335714,1.0000722237714652,0,True,0.0
direct_three_qubit,1,2.0,0,111.6,-98.5,1.000052569303521,0.4750189040830156,1.0000765285392998,0,True,0.0
direct_three_qubit,1,2.0,0,111.75,-98.5,1.000052569303521,0.47501880604420726,1.0000804599052278,0,True,0.0
direct_three_qubit,1,2.0,0,111.89999999999999,-98.5,1.000052569303521,0.47501871798600775,1.0000839910478216,0,True,0.0
direct_three_qubit,1,2.0,0,112.05,-98.5,1.000052569303521,0.4750186405973321,1.0000870943414903,0,True,0.0
direct_three_qubit,1,2.0,0,112.2,-98.5,1.000052569303521,0.47501857458739216,1.0000897413467553,0,True,0.0
direct_three_qubit,1,2.0,0,112.35,-98.5,1.000052569303521,0.4750185206859403,1.0000919028004485,0,True,0.0
direct_three_qubit,1,2.0,0,112.5,-98.5,1.000052569303521,0.4750184796435133,1.0000935486059552,0,True,0.0
direct_three_qubit,1,2.0,0,112.64999999999999,-98.5,1.000052569303521,0.4750184522316761,1.0000946478234303,0,True,0.0
direct_three_qubit,1,2.0,0,112.8,-98.5,1.000052569303521,0.47501843924326487,1.0000951686600497,0,True,0.0
direct_three_qubit,1,2.0,0,112.95,-98.5,1.000052569303521,0.4750184414926319,1.0000950784602005,0,True,0.0
direct_three_qubit,1,2.0,0,113.1,-98.5,1.000052569303521,0.4750184598158879,1.0000943436957581,0,True,0.0
direct_three_qubit,1,2.0,0,113.25,-98.5,1.000052569303521,0.4750184950711467,1.0000929299562815,0,True,0.0
direct_three_qubit,1,2.0,0,113.39999999999999,-98.5,1.000052569303521,0.4750185481387686,1.000090801939244,0,True,0.0
direct_three_qubit,1,2.0,0,113.55,-98.5,1.000052569303521,0.4750186199216039,1.0000879234402795,0,True,0.0
direct_three_qubit,1,2.0,0,113.7,-98.5,1.000052569303521,0.47501871134523677,1.0000842573434026,0,True,0.0
direct_three_qubit,1,2.0,0,113.85,-98.5,1.000052569303521,0.47501881552856046,1.000080079581724,0,True,0.0
direct_three_qubit,1,2.0,0,114.0,-98.5,1.000052569303521,0.4750189236516554,1.000075743834916,0,True,0.0
direct_three_qubit,1,2.0,0,114.14999999999999,-98.5,1.000052569303521,0.4750190342984566,1.000071306887334,0,True,0.0
direct_three_qubit,1,2.0,0,114.3,-98.5,1.000052569303521,0.4750191459737831,1.000066828695885,0,True,0.0
direct_three_qubit,1,2.0,0,114.45,-98.5,1.000052569303521,0.475019257100553,1.0000623725017126,0,True,0.0
direct_three_qubit,1,2.0,0,114.6,-98.5,1.000052569303521,0.47501936601837796,1.000058004886538,0,True,0.0
direct_three_qubit,1,2.0,0,114.75,-98.5,1.000052569303521,0.4750194709821569,1.0000537958290747,0,True,0.0
direct_three_qubit,1,2.0,0,114.89999999999999,-98.5,1.000052569303521,0.47501957016067015,1.0000498187613993,0,True,0.0
direct_three_qubit,1,2.0,0,115.05,-98.5,1.000052569303521,0.4750196616351732,1.0000461506253222,0,True,0.0
direct_three_qubit,1,2.0,0,115.19999999999999,-98.5,1.000052569303521,0.4750197433979909,1.0000428719287848,0,True,0.0
direct_three_qubit,1,2.0,0,115.35,-98.5,1.000052569303521,0.4750198133511114,1.0000400668022418,0,True,0.0
direct_three_qubit,1,2.0,0,115.5,-98.5,1.000052569303521,0.47501986930478,1.0000378230550284,0,True,0.0
direct_three_qubit,1,2.0,0,115.64999999999999,-98.5,1.000052569303521,0.4750199089760935,1.0000362322317582,0,True,0.0
direct_three_qubit,1,2.0,0,115.8,-98.5,1.000052569303521,0.4750199299875935,1.0000353896687046,0,True,0.0
direct_three_qubit,1,2.0,0,115.94999999999999,-98.5,1.000052569303521,0.4750199298658613,1.0000353945501768,0,True,0.0
direct_three_qubit,1,2.0,0,116.1,-98.5,1.000052569303521,0.4750199060401111,1.0000363499649194,0,True,0.0
direct_three_qubit,1,2.0,0,116.25,-98.5,1.000052569303521,0.47501985584078427,1.0000383629624816,0,True,0.0
direct_three_qubit,1,2.0,0,116.39999999999999,-98.5,1.000052569303521,0.47501977649814353,1.000041544609626,0,True,0.0
direct_three_qubit,1,2.0,0,116.55,-98.5,1.000052569303521,0.4750196744398519,1.0000456371565214,0,True,0.0
direct_three_qubit,1,2.0,0,116.69999999999999,-98.5,1.000052569303521,0.4750195640907933,1.000050062164027,0,True,0.0
direct_three_qubit,1,2.0,0,116.85,-98.5,1.000052569303521,0.4750194472290581,1.0000547483305762,0,True,0.0
direct_three_qubit,1,2.0,0,117.0,-98.5,1.000052569303521,0.47501932567961597,1.00005962247473,0,True,0.0
direct_three_qubit,1,2.0,0,117.14999999999999,-98.5,1.000052569303521,0.47501920149829896,1.0000646021574395,0,True,0.0
direct_three_qubit,1,2.0,0,117.3,-98.5,1.000052569303521,0.4750190769781447,1.0000695954276788,0,True,0.0
direct_three_qubit,1,2.0,0,117.44999999999999,-98.5,1.000052569303521,0.4750189546557398,1.0000745005680804,0,True,0.0
direct_three_qubit,1,2.0,0,117.6,-98.5,1.000052569303521,0.4750188373175629,1.000079205840561,0,True,0.0
direct_three_qubit,1,2.0,0,117.75,-98.5,1.000052569303521,0.4750187280063285,1.0000835892319548,0,True,0.0
direct_three_qubit,1,2.0,0,117.89999999999999,-98.5,1.000052569303521,0.47501863002732986,1.0000875181996491,0,True,0.0
direct_three_qubit,1,2.0,0,118.05,-98.5,1.000052569303521,0.4750185469547827,1.0000908494171967,0,True,0.0
direct_three_qubit,1,2.0,0,118.19999999999999,-98.5,1.000052569303521,0.47501848263816815,1.0000934285199896,0,True,0.0
direct_three_qubit,1,2.0,0,118.35,-98.5,1.000052569303521,0.47501844120857656,1.0000950898508503,0,True,0.0
direct_three_qubit,1,2.0,0,118.5,-98.5,1.000052569303521,0.4750184270850503,1.0000956562056977,0,True,0.0
direct_three_qubit,1,2.0,0,118.64999999999999,-98.5,1.000052569303521,0.4750184449809276,1.0000949385791862,0,True,0.0
direct_three_qubit,1,2.0,0,118.8,-98.5,1.000052569303521,0.47501849991018563,1.0000927359103262,0,True,0.0
direct_three_qubit,1,2.0,0,118.94999999999999,-98.5,1.000052569303521,0.47501859719378375,1.000088834828164,0,True,0.0
direct_three_qubit,1,2.0,0,119.1,-98.5,1.000052569303521,0.4750187424660072,1.0000830093973905,0,True,0.0
direct_three_qubit,1,2.0,0,119.25,-98.5,1.000052569303521,0.47501893076616986,1.000075458542185,0,True,0.0
direct_three_qubit,1,2.0,0,119.39999999999999,-98.5,1.000052569303521,0.4750191389838326,1.0000671089935782,0,True,0.0
direct_three_qubit,1,2.0,0,119.55,-98.5,1.000052569303521,0.4750193647193647,1.000058056977093,0,True,0.0
direct_three_qubit,1,2.0,0,119.69999999999999,-98.5,1.000052569303521,0.4750196061936357,1.0000483738361208,0,True,0.0
direct_three_qubit,1,2.0,0,119.85,-98.5,1.000052569303521,0.47501986125642287,1.0000381457948824,0,True,0.0
direct_three_qubit,1,2.0,0,120.0,-98.5,1.000052569303521,0.475020127368828,1.0000274746635056,0,True,0.0
floquet_buffered_three_qubit,1,2.0,0,0.0,-98.5,1.000052569303521,0.46257015465625045,1.5000000000000013,1,False,0.0
floquet_buffered_three_qubit,1,2.0,0,0.15,-98.5,1.000052569303521,0.46279290250308464,1.491040173710613,0,True,-3.748581671051331e-07
floquet_buffered_three_qubit,1,2.0,0,0.3,-98.5,1.000052569303521,0.463012979894036,1.4821883507025295,0,True,-2.9288999206129746e-06
floquet_buffered_three_qubit,1,2.0,0,0.44999999999999996,-98.5,1.000052569303521,0.4632304020172701,1.4734438954573108,0,True,-9.541985964260263e-06
floquet_buffered_three_qubit,1,2.0,0,0.6,-98.5,1.000052569303521,0.4634451835429279,1.4648061939544423,0,True,-2.157403969882818e-05
floquet_buffered_three_qubit,1,2.0,0,0.75,-98.5,1.000052569303521,0.46365733868933984,1.456274650987314,0,True,-3.970328355752652e-05
floquet_buffered_three_qubit,1,2.0,0,0.8999999999999999,-98.5,1.000052569303521,0.4638668812840426,1.4478486876898613,0,True,-6.383634701542188e-05
floquet_buffered_three_qubit,1,2.0,0,1.05,-98.5,1.000052569303521,0.46407382481557874,1.439527739435212,0,True,-9.309622712038441e-05
floquet_buffered_three_qubit,1,2.0,0,1.2,-98.5,1.000052569303521,0.4642781824792389,1.4313112539792097,0,True,-0.00012588728955322003
floquet_buffered_three_qubit,1,2.0,0,1.3499999999999999,-98.5,1.000052569303521,0.46447996721661455,1.4231986898538511,0,True,-0.0001600294566066265
floquet_buffered_three_qubit,1,2.0,0,1.5,-98.5,1.000052569303521,0.46467919175099226,1.4151895149289064,0,True,-0.00019294812287390728
floquet_buffered_three_qubit,1,2.0,0,1.65,-98.5,1.000052569303521,0.4648758686144719,1.4072832053071043,0,True,-0.00022190183741321997
floquet_buffered_three_qubit,1,2.0,0,1.7999999999999998,-98.5,1.000052569303521,0.46507001017558075,1.3994792442001125,0,True,-0.00024422867454149344
floquet_buffered_three_qubit,1,2.0,0,1.95,-98.5,1.000052569303521,0.4652616286552746,1.3917771212720158,0,True,-0.0002575916076563305
floquet_buffered_three_qubit,1,2.0,0,2.1,-98.5,1.000052569303521,0.46545073615697624,1.3841763314191264,0,True,-0.00026020220880389617
floquet_buffered_three_qubit,1,2.0,0,2.25,-98.5,1.000052569303521,0.4656373446981337,1.376676373489393,0,True,-0.0002510029950378003
floquet_buffered_three_qubit,1,2.0,0,2.4,-98.5,1.000052569303521,0.46582146624854415,1.369276748730606,0,True,-0.0002297942120317805
floquet_buffered_three_qubit,1,2.0,0,2.55,-98.5,1.000052569303521,0.4660031127699428,1.3619769591884705,0,True,-0.00019728719726331412
floquet_buffered_three_qubit,1,2.0,0,2.6999999999999997,-98.5,1.000052569303521,0.4661822962636716,1.3547765057807075,0,True,-0.00015508234961882469
floquet_buffered_three_qubit,1,2.0,0,2.85,-98.5,1.000052569303521,0.46635902882258745,1.3476748862015788,0,True,-0.00010556633977107797
floquet_buffered_three_qubit,1,2.0,0,3.0,-98.5,1.000052569303521,0.4665333226936527,1.3406715923979362,0,True,-5.173644247664611e-05
floquet_buffered_three_qubit,1,2.0,0,3.15,-98.5,1.000052569303521,0.46670519033043073,1.333766108451744,0,True,3.0349274043821294e-06
floquet_buffered_three_qubit,1,2.0,0,3.3,-98.5,1.000052569303521,0.46687464443675486,1.326957908817861,0,True,5.527340913836101e-05
floquet_buffered_three_qubit,1,2.0,0,3.4499999999999997,-98.5,1.000052569303521,0.4670416980021381,1.3202464568942445,0,True,0.00010168799626845784
floquet_buffered_three_qubit,1,2.0,0,3.5999999999999996,-98.5,1.000052569303521,0.4672063643269662,1.3136312040029747,0,True,0.00013944160136401012
floquet_buffered_three_qubit,1,2.0,0,3.75,-98.5,1.000052569303521,0.46736865702177754,1.3071115894125533,0,True,0.00016638010658547378
floquet_buffered_three_qubit,1,2.0,0,3.9,-98.5,1.000052569303521,0.46752858999078817,1.3006870409931137,0,True,0.00018119970012325746
floquet_buffered_three_qubit,1,2.0,0,4.05,-98.5,1.000052569303521,0.46768617740363694,1.2943569763446598,0,True,0.00018353906653583642
floquet_buffered_three_qubit,1,2.0,0,4.2,-98.5,1.000052569303521,0.46784143364793995,1.2881208046958958,0,True,0.0001739882393058238
floquet_buffered_three_qubit,1,2.0,0,4.35,-98.5,1.000052569303521,0.46799437327227383,1.2819779291871043,0,True,0.00015401805681958781
floquet_buffered_three_qubit,1,2.0,0,4.5,-98.5,1.000052569303521,0.46814501093397104,1.2759277489592886,0,True,0.00012583993705466096
floquet_buffered_three_qubit,1,2.0,0,4.6499999999999995,-98.5,1.000052569303521,0.4682933613503707,1.269969661104221,0,True,9.22083636948345e-05
floquet_buffered_three_qubit,1,2.0,0,4.8,-98.5,1.000052569303521,0.46843943925402554,1.2641030624552376,0,True,5.6182513414354195e-05
floquet_buffered_three_qubit,1,2.0,0,4.95,-98.5,1.000052569303521,0.46858325937364786,1.2583273503442365,0,True,2.086907597931752e-05
floquet_buffered_three_qubit,1,2.0,0,5.1,-98.5,1.000052569303521,0.46872483642514595,1.2526419229534282,0,True,-1.0834667383136068e-05
floquet_buffered_three_qubit,1,2.0,0,5.25,-98.5,1.000052569303521,0.4688641851646187,1.247046177179229,0,True,-3.6478294245912194e-05
floquet_buffered_three_qubit,1,2.0,0,5.3999999999999995,-98.5,1.000052569303521,0.46900132047407006,1.2415395051829314,0,True,-5.425813407460644e-05
floquet_buffered_three_qubit,1,2.0,0,5.55,-98.5,1.000052569303521,0.46913625732619946,1.2361212957976757,0,True,-6.316160685113682e-05
floquet_buffered_three_qubit,1,2.0,0,5.7,-98.5,1.000052569303521,0.4692690109599489,1.230790927473021,0,True,-6.304228894705577e-05
floquet_buffered_three_qubit,1,2.0,0,5.85,-98.5,1.000052569303521,0.46939959697803796,1.225547764353225,0,True,-5.4618644206672786e-05
floquet_buffered_three_qubit,1,2.0,0,6.0,-98.5,1.000052569303521,0.46952803143557825,1.220391152714475,0,True,-3.939500371279196e-05
floquet_buffered_three_qubit,1,2.0,0,6.1499999999999995,-98.5,1.000052569303521,0.46965433094413306,1.2153204167826879,0,True,-1.950832210755429e-05
floquet_buffered_three_qubit,1,2.0,0,6.3,-98.5,1.000052569303521,0.46977851273230764,1.210334856297205,0,True,2.485077307303558e-06
floquet_buffered_three_qubit,1,2.0,0,6.45,-98.5,1.000052569303521,0.4699005946878241,1.2054337448182046,0,True,2.3861762833574067e-05
floquet_buffered_three_qubit,1,2.0,0,6.6,-98.5,1.000052569303521,0.4700205953689266,1.2006163292655043,0,True,4.19986115395956e-05
floquet_buffered_three_qubit,1,2.0,0,6.75,-98.5,1.000052569303521,0.47013853396062816,1.1958818316716417,0,True,5.4627995094858365e-05
floquet_buffered_three_qubit,1,2.0,0,6.8999999999999995,-98.5,1.000052569303521,0.4702544301987028,1.1912294522293165,0,True,6.005519276426536e-05
floquet_buffered_three_qubit,1,2.0,0,7.05,-98.5,1.000052569303521,0.4703683042703053,1.1866583732765026,0,True,5.73182140401972e-05
floquet_buffered_three_qubit,1,2.0,0,7.199999999999999,-98.5,1.000052569303521,0.4704801766772468,1.1821677647798696,0,True,4.62747082704718e-05
floquet_buffered_three_qubit,1,2.0,0,7.35,-98.5,1.000052569303521,0.47059006808126325,1.177756790540157,0,True,2.7609818387554115e-05
floquet_buffered_three_qubit,1,2.0,0,7.5,-98.5,1.000052569303521,0.4706979991694969,1.173424613585363,0,True,2.7690761006259057e-06
floquet_buffered_three_qubit,1,2.0,0,7.6499999999999995,-98.5,1.000052569303521,0.4708039905274222,1.1691704012644244,0,True,-2.617680734696316e-05
floquet_buffered_three_qubit,1,2.0,0,7.8,-98.5,1.000052569303521,0.47090806252223294,1.1649933299204784,0,True,-5.6722628487724534e-05
floquet_buffered_three_qubit,1,2.0,0,7.949999999999999,-98.5,1.000052569303521,0.47101023523345104,1.1608925876683576,0,True,-8.615566641935844e-05
floquet_buffered_three_qubit,1,2.0,0,8.1,-98.5,1.000052569303521,0.47111052840898915,1.156867376150416,0,True,-0.00011179942520604696
floquet_buffered_three_qubit,1,2.0,0,8.25,-98.5,1.000052569303521,0.4712089615224876,1.1529169082278454,0,True,-0.0001312543660710266
floquet_buffered_three_qubit,1,2.0,0,8.4,-98.5,1.000052569303521,0.4713055538955683,1.1490404030673445,0,True,-0.00014261787305707764
floquet_buffered_three_qubit,1,2.0,0,8.549999999999999,-98.5,1.000052569303521,0.4714003247712146,1.145237083189982,0,True,-0.00014466793217824498
floquet_buffered_three_qubit,1,2.0,0,8.7,-98.5,1.000052569303521,0.4714932933272209,1.1415061739256782,0,True,-0.00013698168729677992
floquet_buffered_three_qubit,1,2.0,0,8.85,-98.5,1.000052569303521,0.47158447890269434,1.1378468943181854,0,True,-0.00011999004623669929
floquet_buffered_three_qubit,1,2.0,0,9.0,-98.5,1.000052569303521,0.47167390128912223,1.1342584454404008,0,True,-9.495705667776581e-05
floquet_buffered_three_qubit,1,2.0,0,9.15,-98.5,1.000052569303521,0.4717615807758371,1.1307400085666621,0,True,-6.388026053261907e-05
floquet_buffered_three_qubit,1,2.0,0,9.299999999999999,-98.5,1.000052569303521,0.471847538293774,1.1272907394010736,0,True,-2.9320744888336333e-05
floquet_buffered_three_qubit,1,2.0,0,9.45,-98.5,1.000052569303521,0.4719317954969248,1.1239097648064915,0,True,5.821736351090023e-06
floquet_buffered_three_qubit,1,2.0,0,9.6,-98.5,1.000052569303521,0.47201437480199887,1.120596181210793,0,True,3.856865672037499e-05
floquet_buffered_three_qubit,1,2.0,0,9.75,-98.5,1.000052569303521,0.4720952993507915,1.117349056114631,0,True,6.613253329564846e-05
floquet_buffered_three_qubit,1,2.0,0,9.9,-98.5,1.000052569303521,0.4721745929149102,1.114167431911802,0,True,8.616922034383496e-05
floquet_buffered_three_qubit,1,2.0,0,10.049999999999999,-98.5,1.000052569303521,0.47225227976478673,1.1110503311421545,0,True,9.698890374722465e-05
floquet_buffered_three_qubit,1,2.0,0,10.2,-98.5,1.000052569303521,0.4723283844859332,1.1079967638606663,0,True,9.770570231547462e-05
floquet_buffered_three_qubit,1,2.0,0,10.35,-98.5,1.000052569303521,0.47240293175071507,1.1050057367905242,0,True,8.831192863680836e-05
floquet_buffered_three_qubit,1,2.0,0,10.5,-98.5,1.000052569303521,0.4724759461160045,1.1020762614370812,0,True,6.967470679042564e-05
floquet_buffered_three_qubit,1,2.0,0,10.65,-98.5,1.000052569303521,0.4725474518247258,1.099207362044946,0,True,4.345652813145507e-05
floquet_buffered_three_qubit,1,2.0,0,10.799999999999999,-98.5,1.000052569303521,0.47261747261679876,1.096398083177457,0,True,1.1967869102656952e-05
floquet_buffered_three_qubit,1,2.0,0,10.95,-98.5,1.000052569303521,0.47268603158909395,1.0936474953293251,0,True,-2.203314536209015e-05
floquet_buffered_three_qubit,1,2.0,0,11.1,-98.5,1.000052569303521,0.47275315113554406,1.0909546973232112,0,True,-5.557461818605312e-05
floquet_buffered_three_qubit,1,2.0,0,11.25,-98.5,1.000052569303521,0.47281885289761827,1.0883188182905783,0,True,-8.57222646292442e-05
floquet_buffered_three_qubit,1,2.0,0,11.4,-98.5,1.000052569303521,0.4728831578054995,1.0857390160138385,0,True,-0.00010982753280793994
floquet_buffered_three_qubit,1,2.0,0,11.549999999999999,-98.5,1.000052569303521,0.47294608634707813,1.0832144661294298,0,True,-0.00012575251937862306
floquet_buffered_three_qubit,1,2.0,0,11.7,-98.5,1.000052569303521,0.47300765858803795,1.0807443613174377,0,True,-0.00013205729992677505
floquet_buffered_three_qubit,1,2.0,0,11.85,-98.5,1.000052569303521,0.473067894280905,1.0783279069225553,0,True,-0.00012812552923644718
floquet_buffered_three_qubit,1,2.0,0,12.0,-98.5,1.000052569303521,0.47312681305950127,1.0759643131494696,0,True,-0.00011422237801714269
floquet_buffered_three_qubit,1,2.0,0,12.15,-98.5,1.000052569303521,0.47318443487768025,1.0736527774594766,0,True,-9.147995197276353e-05
floquet_buffered_three_qubit,1,2.0,0,12.299999999999999,-98.5,1.000052569303521,0.4732407800414542,1.0713924832795585,0,True,-6.179981330280466e-05
floquet_buffered_three_qubit,1,2.0,0,12.45,-98.5,1.000052569303521,0.4732958693637768,1.0691825937912884,0,True,-2.768670165090365e-05
floquet_buffered_three_qubit,1,2.0,0,12.6,-98.5,1.000052569303521,0.47334972428359007,1.0670222471536925,0,True,7.974573652035101e-06
floquet_buffered_three_qubit,1,2.0,0,12.75,-98.5,1.000052569303521,0.4734023668920924,1.064910555448101,0,True,4.217916934501032e-05
floquet_buffered_three_qubit,1,2.0,0,12.9,-98.5,1.000052569303521,0.4734538198789329,1.062846606835047,0,True,7.2073074681229e-05
floquet_buffered_three_qubit,1,2.0,0,13.049999999999999,-98.5,1.000052569303521,0.47350410643612834,1.0608294694068536,0,True,9.520829135705288e-05
floquet_buffered_three_qubit,1,2.0,0,13.2,-98.5,1.000052569303521,0.4735532501019855,1.0588581974464655,0,True,0.00010975813157376524
floquet_buffered_three_qubit,1,2.0,0,13.35,-98.5,1.000052569303521,0.473601274532761,1.0569318405845007,0,True,0.00011467109847832063
floquet_buffered_three_qubit,1,2.0,0,13.5,-98.5,1.000052569303521,0.47364820328464735,1.055049452541568,0,True,0.00010975202031197933
floquet_buffered_three_qubit,1,2.0,0,13.65,-98.5,1.000052569303521,0.47369405959152333,1.053210100040042,0,True,9.566510682096681e-05
floquet_buffered_three_qubit,1,2.0,0,13.799999999999999,-98.5,1.000052569303521,0.4737388661435332,1.0514128716821665,0,True,7.386031329171969e-05
floquet_buffered_three_qubit,1,2.0,0,13.95,-98.5,1.000052569303521,0.47378264489209077,1.0496568857679158,0,True,4.643154330742054e-05
floquet_buffered_three_qubit,1,2.0,0,14.1,-98.5,1.000052569303521,0.4738254169461241,1.0479412944528723,0,True,1.592436575406552e-05
floquet_buffered_three_qubit,1,2.0,0,14.25,-98.5,1.000052569303521,0.4738672025050099,1.0462652864345034,0,True,-1.489281786268838e-05
floquet_buffered_three_qubit,1,2.0,0,14.399999999999999,-98.5,1.000052569303521,0.47390802083475947,1.044628087903637,0,True,-4.327445313782485e-05
floquet_buffered_three_qubit,1,2.0,0,14.549999999999999,-98.5,1.000052569303521,0.47394789030731466,1.0430289609648287,0,True,-6.674085407870063e-05
floquet_buffered_three_qubit,1,2.0,0,14.7,-98.5,1.000052569303521,0.47398682871038444,1.0414671912059537,0,True,-8.329595395331587e-05
floquet_buffered_three_qubit,1,2.0,0,14.85,-98.5,1.000052569303521,0.47402485331398747,1.0399420850266694,0,True,-9.160714876872663e-05
floquet_buffered_three_qubit,1,2.0,0,15.0,-98.5,1.000052569303521,0.47406198096077534,1.0384529660133062,0,True,-9.112702891197302e-05
floquet_buffered_three_qubit,1,2.0,0,15.149999999999999,-98.5,1.000052569303521,0.474098228310616,1.036999165127013,0,True,-8.214418098131909e-05
floquet_buffered_three_qubit,1,2.0,0,15.299999999999999,-98.5,1.000052569303521,0.474133612202986,1.035580006167436,0,True,-6.576180865290443e-05
floquet_buffered_three_qubit,1,2.0,0,15.45,-98.5,1.000052569303521,0.47416814978747335,1.0341948005374753,0,True,-4.3797485484353674e-05
floquet_buffered_three_qubit,1,2.0,0,15.6,-98.5,1.000052569303521,0.4742018586265491,1.0328428431204857,0,True,-1.8614817132506104e-05
floquet_buffered_three_qubit,1,2.0,0,15.75,-98.5,1.000052569303521,0.47423475681904104,1.031523407327363,0,True,7.099095444854068e-06
floquet_buffered_three_qubit,1,2.0,0,15.899999999999999,-98.5,1.000052569303521,0.4742668629927981,1.0302357453900923,0,True,3.0589795536622887e-05
floquet_buffered_three_qubit,1,2.0,0,16.05,-98.5,1.000052569303521,0.47429819625719827,1.0289790902657703,0,True,4.929876742750128e-05
floquet_buffered_three_qubit,1,2.0,0,16.2,-98.5,1.000052569303521,0.47432877609533525,1.0277526599597968,0,True,6.110868074953558e-05
floquet_buffered_three_qubit,1,2.0,0,16.349999999999998,-98.5,1.000052569303521,0.4743586221704092,1.0265556652897452,0,True,6.454529453000925e-05
floquet_buffered_three_qubit,1,2.0,0,16.5,-98.5,1.000052569303521,0.474387754117684,1.025387318227865,0,True,5.8917465832739304e-05
floquet_buffered_three_qubit,1,2.0,0,16.65,-98.5,1.000052569303521,0.47441619132419843,1.024246840734406,0,True,4.43838491716648e-05
floquet_buffered_three_qubit,1,2.0,0,16.8,-98.5,1.000052569303521,0.4744439526993779,1.0231334739556488,0,True,2.1941363004669257e-05
floquet_buffered_three_qubit,1,2.0,0,16.95,-98.5,1.000052569303521,0.47447105644301146,1.0220464875273279,0,True,-6.662873357209532e-06
floquet_buffered_three_qubit,1,2.0,0,17.099999999999998,-98.5,1.000052569303521,0.474497519900855,1.0209851853636613,0,True,-3.908214741719723e-05
floquet_buffered_three_qubit,1,2.0,0,17.25,-98.5,1.000052569303521,0.4745233594524857,1.0199489101528731,0,True,-7.25720016098858e-05
floquet_buffered_three_qubit,1,2.0,0,17.4,-98.5,1.000052569303521,0.4745485904344301,1.018937046438075,0,True,-0.00010422568754541399
floquet_buffered_three_qubit,1,2.0,0,17.55,-98.5,1.000052569303521,0.47457322712105654,1.0179490213815796,0,True,-0.00013122465557965205
floquet_buffered_three_qubit,1,2.0,0,17.7,-98.5,1.000052569303521,0.47459728297295123,1.0169842948022758,0,True,-0.00015107887344929346
floquet_buffered_three_qubit,1,2.0,0,17.849999999999998,-98.5,1.000052569303521,0.47462077069490294,1.0160423568487174,0,True,-0.0001618482579749175
floquet_buffered_three_qubit,1,2.0,0,18.0,-98.5,1.000052569303521,0.47464370231362213,1.0151227248809327,0,True,-0.00016231891480793465
floquet_buffered_three_qubit,1,2.0,0,18.15,-98.5,1.000052569303521,0.47466608932593696,1.0142249375260741,0,True,-0.00015211805118243906
floquet_buffered_three_qubit,1,2.0,0,18.3,-98.5,1.000052569303521,0.4746879431425667,1.013348536880793,0,True,-0.00013176213422297042
floquet_buffered_three_qubit,1,2.0,0,18.45,-98.5,1.000052569303521,0.4747092752184821,1.012493063282842,0,True,-0.0001026256817630948
floquet_buffered_three_qubit,1,2.0,0,18.599999999999998,-98.5,1.000052569303521,0.4747300971944804,1.011658049633047,0,True,-6.683356263146835e-05
floquet_buffered_three_qubit,1,2.0,0,18.75,-98.5,1.000052569303521,0.47475042108749177,1.0108430137632325,0,True,-2.708385313898529e-05
floquet_buffered_three_qubit,1,2.0,0,18.9,-98.5,1.000052569303521,0.474770259351132,1.010047456007712,0,True,1.3585186599717761e-05
floquet_buffered_three_qubit,1,2.0,0,19.05,-98.5,1.000052569303521,0.4747896248984621,1.0092708582904002,0,True,5.2060359650822354e-05
floquet_buffered_three_qubit,1,2.0,0,19.2,-98.5,1.000052569303521,0.47480853107007664,1.0085126854043573,0,True,8.542661092353808e-05
floquet_buffered_three_qubit,1,2.0,0,19.349999999999998,-98.5,1.000052569303521,0.4748269915191451,1.0077723896216266,0,True,0.00011122101844668903
floquet_buffered_three_qubit,1,2.0,0,19.5,-98.5,1.000052569303521,0.474845020050998,1.0070494171257571,0,True,0.00012764272411251796
floquet_buffered_three_qubit,1,2.0,0,19.65,-98.5,1.000052569303521,0.4748626304426231,1.0063432152498517,0,True,0.00013370045587867815
floquet_buffered_three_qubit,1,2.0,0,19.8,-98.5,1.000052569303521,0.4748798362420458,1.0056532405211425,0,True,0.00012928537944785287
floquet_buffered_three_qubit,1,2.0,0,19.95,-98.5,1.000052569303521,0.47489665053721725,1.004978967928172,0,True,0.00011516266040431115
floquet_buffered_three_qubit,1,2.0,0,20.099999999999998,-98.5,1.000052569303521,0.4749130857897715,1.0043198975865164,0,True,9.288912792331853e-05
floquet_buffered_three_qubit,1,2.0,0,20.25,-98.5,1.000052569303521,0.4749291536941008,1.0036755603891583,0,True,6.466474561721448e-05
floquet_buffered_three_qubit,1,2.0,0,20.4,-98.5,1.000052569303521,0.4749448650737388,1.0030455221607169,0,True,3.3132230583355965e-05
floquet_buffered_three_qubit,1,2.0,0,20.55,-98.5,1.000052569303521,0.47496022982798397,1.002429385796952,0,True,1.1413181822741273e-06
floquet_buffered_three_qubit,1,2.0,0,20.7,-98.5,1.000052569303521,0.47497525692553255,1.0018267915192316,0,True,-2.8499475484775223e-05
floquet_buffered_three_qubit,1,2.0,0,20.849999999999998,-98.5,1.000052569303521,0.47498995458417215,1.0012374096678929,0,True,-5.3265096387377245e-05
floquet_buffered_three_qubit,1,2.0,0,21.0,-98.5,1.000052569303521,0.47500433041361007,1.000660934974129,0,True,-7.113327550095127e-05
floquet_buffered_three_qubit,1,2.0,0,21.15,-98.5,1.000052569303521,0.47501839146072394,1.000097084744842,0,True,-8.076476480282325e-05
floquet_buffered_three_qubit,1,2.0,0,21.3,-98.5,1.000052569303521,0.47503214435714286,0.9995455929441519,0,True,-8.161628261913573e-05
floquet_buffered_three_qubit,1,2.0,0,21.45,-98.5,1.000052569303521,0.4750455956321092,0.9990061976472221,0,True,-7.398963885789755e-05
floquet_buffered_three_qubit,1,2.0,0,21.599999999999998,-98.5,1.000052569303521,0.4750587519484945,0.9984786315758771,0,True,-5.900305610458911e-05
floquet_buffered_three_qubit,1,2.0,0,21.75,-98.5,1.000052569303521,0.47507162019265187,0.9979626184954561,0,True,-3.8486026774436133e-05
floquet_buffered_three_qubit,1,2.0,0,21.9,-98.5,1.000052569303521,0.47508420761750797,0.9974578674768081,0,True,-1.4804740823095884e-05
floquet_buffered_three_qubit,1,2.0,0,22.05,-98.5,1.000052569303521,0.47509652190809176,0.9969640702686544,0,True,9.364653893296925e-06
floquet_buffered_three_qubit,1,2.0,0,22.2,-98.5,1.000052569303521,0.4751085712043023,0.9964809003846593,0,True,3.1293914491460083e-05
floquet_buffered_three_qubit,1,2.0,0,22.349999999999998,-98.5,1.000052569303521,0.47512036405218067,0.9960080150574119,0,True,4.846658064463501e-05
floquet_buffered_three_qubit,1,2.0,0,22.5,-98.5,1.000052569303521,0.4751319092903888,0.9955450597905616,0,True,5.882057873073587e-05
floquet_buffered_three_qubit,1,2.0,0,22.65,-98.5,1.000052569303521,0.47514321590942227,0.9950916740042051,0,True,6.0946126319345726e-05
floquet_buffered_three_qubit,1,2.0,0,22.8,-98.5,1.000052569303521,0.47515429288341604,0.9946474977791904,0,True,5.4220897295649443e-05
floquet_buffered_three_qubit,1,2.0,0,22.95,-98.5,1.000052569303521,0.4751651489535239,0.9942121805432015,0,True,3.886865287826919e-05
floquet_buffered_three_qubit,1,2.0,0,23.099999999999998,-98.5,1.000052569303521,0.4751757924488318,0.9937853882516463,0,True,1.594068432927696e-05
floquet_buffered_three_qubit,1,2.0,0,23.25,-98.5,1.000052569303521,0.4751862311263427,0.9933668098037447,0,True,-1.2776564806753516e-05
floquet_buffered_three_qubit,1,2.0,0,23.4,-98.5,1.000052569303521,0.47519647203650817,0.992956162434145,0,True,-4.4918002337749026e-05
floquet_buffered_three_qubit,1,2.0,0,23.55,-98.5,1.000052569303521,0.4752065214207028,0.9925531958236669,0,True,-7.774735244551776e-05
floquet_buffered_three_qubit,1,2.0,0,23.7,-98.5,1.000052569303521,0.47521638469439176,0.9921576927738013,0,True,-0.00010839336300348478
floquet_buffered_three_qubit,1,2.0,0,23.849999999999998,-98.5,1.000052569303521,0.47522606643709203,0.9917694696088449,0,True,-0.00013409889020681481
floquet_buffered_three_qubit,1,2.0,0,24.0,-98.5,1.000052569303521,0.47523557049423587,0.991388372090938,0,True,-0.00015246149544525278
floquet_buffered_three_qubit,1,2.0,0,24.15,-98.5,1.000052569303521,0.47524490022777083,0.9910142653710996,0,True,-0.0001616481140146949
floquet_buffered_three_qubit,1,2.0,0,24.3,-98.5,1.000052569303521,0.47525405850796365,0.9906470343176305,0,True,-0.00016056681864093632
floquet_buffered_three_qubit,1,2.0,0,24.45,-98.5,1.000052569303521,0.47526304787175905,0.99028657716601,0,True,-0.00014897226176007679
floquet_buffered_three_qubit,1,2.0,0,24.599999999999998,-98.5,1.000052569303521,0.47527187074146665,0.9899327967497968,0,True,-0.00012750267589217582
floquet_buffered_three_qubit,1,2.0,0,24.75,-98.5,1.000052569303521,0.47528052975635376,0.989585587204362,0,True,-9.764222016522313e-05
floquet_buffered_three_qubit,1,2.0,0,24.9,-98.5,1.000052569303521,0.47528902780587423,0.9892448326345069,0,True,-6.160154439787584e-05
floquet_buffered_three_qubit,1,2.0,0,25.05,-98.5,1.000052569303521,0.4752973681677759,0.9889104015766925,0,True,-2.2132027771411585e-05
floquet_buffered_three_qubit,1,2.0,0,25.2,-98.5,1.000052569303521,0.47530555458898227,0.9885821437559642,0,True,1.7712013687364585e-05
floquet_buffered_three_qubit,1,2.0,0,25.349999999999998,-98.5,1.000052569303521,0.47531359131159223,0.9882598890435121,0,True,5.484156846388316e-05
floquet_buffered_three_qubit,1,2.0,0,25.5,-98.5,1.000052569303521,0.47532148301782334,0.9879434496644388,0,True,8.640522063158236e-05
floquet_buffered_three_qubit,1,2.0,0,25.65,-98.5,1.000052569303521,0.47532923474195443,0.9876326237287317,0,True,0.00011003845251994113
floquet_buffered_three_qubit,1,2.0,0,25.8,-98.5,1.000052569303521,0.4753368517482434,0.9873272001265052,0,True,0.00012406704544573206
floquet_buffered_three_qubit,1,2.0,0,25.95,-98.5,1.000052569303521,0.4753443393501423,0.9870269657770532,0,True,0.00012764435315450954
floquet_buffered_three_qubit,1,2.0,0,26.099999999999998,-98.5,1.000052569303521,0.47535170273317884,0.9867317127307821,0,True,0.00012081242935622361
floquet_buffered_three_qubit,1,2.0,0,26.25,-98.5,1.000052569303521,0.47535894678901625,0.9864412448229061,0,True,0.000104484477280012
floquet_buffered_three_qubit,1,2.0,0,26.4,-98.5,1.000052569303521,0.47536607596206204,0.9861553838238807,0,True,8.035229224766562e-05
floquet_buffered_three_qubit,1,2.0,0,26.55,-98.5,1.000052569303521,0.47537309410505435,0.9858739752298246,0,True,5.072694032814935e-05
floquet_buffered_three_qubit,1,2.0,0,26.7,-98.5,1.000052569303521,0.4753800044111469,0.9855968909855309,0,True,1.8332217996762047e-05
floquet_buffered_three_qubit,1,2.0,0,26.849999999999998,-98.5,1.000052569303521,0.4753868093859639,0.9853240306047626,0,True,-1.393369318918753e-05
floquet_buffered_three_qubit,1,2.0,0,27.0,-98.5,1.000052569303521,0.475393510842452,0.9850553213764686,0,True,-4.3248863206035314e-05
floquet_buffered_three_qubit,1,2.0,0,27.15,-98.5,1.000052569303521,0.47540010995833193,0.9847907160609513,0,True,-6.711174572454413e-05
floquet_buffered_three_qubit,1,2.0,0,27.3,-98.5,1.000052569303521,0.4754066075465697,0.9845301820445777,0,True,-8.35561088440214e-05
floquet_buffered_three_qubit,1,2.0,0,27.45,-98.5,1.000052569303521,0.47541300407055276,0.9842737007311799,0,True,-9.132373842345e-05
floquet_buffered_three_qubit,1,2.0,0,27.599999999999998,-98.5,1.000052569303521,0.47541929975298863,0.9840212631754549,0,True,-8.99737709895577e-05
floquet_buffered_three_qubit,1,2.0,0,27.75,-98.5,1.000052569303521,0.4754254947867448,0.9837728616288889,0,True,-7.992111337849543e-05
floquet_buffered_three_qubit,1,2.0,0,27.9,-98.5,1.000052569303521,0.4754315896286987,0.9835284777572878,0,True,-6.240068407648585e-05
floquet_buffered_three_qubit,1,2.0,0,28.05,-98.5,1.000052569303521,0.47543758506700773,0.9832880799435473,0,True,-3.935147692780544e-05
floquet_buffered_three_qubit,1,2.0,0,28.2,-98.5,1.000052569303521,0.4754434823197974,0.9830516193306393,0,True,-1.3234985830939115e-05
floquet_buffered_three_qubit,1,2.0,0,28.349999999999998,-98.5,1.000052569303521,0.47544928312965573,0.9828190260328001,0,True,1.3197382840524786e-05
floquet_buffered_three_qubit,1,2.0,0,28.5,-98.5,1.000052569303521,0.47545498975917455,0.9825902093144198,0,True,3.716648570101043e-05
floquet_buffered_three_qubit,1,2.0,0,28.65,-98.5,1.000052569303521,0.47546060494582343,0.9823650593995362,0,True,5.612979845790982e-05
floquet_buffered_three_qubit,1,2.0,0,28.799999999999997,-98.5,1.000052569303521,0.4754661318206565,0.9821434507315022,0,True,6.802262350111807e-05
floquet_buffered_three_qubit,1,2.0,0,28.95,-98.5,1.000052569303521,0.475471573766309,0.9819252476668991,0,True,7.145189755586498e-05
floquet_buffered_three_qubit,1,2.0,0,29.099999999999998,-98.5,1.000052569303521,0.47547693424852466,0.981710311230701,0,True,6.582429094663388e-05
floquet_buffered_three_qubit,1,2.0,0,29.25,-98.5,1.000052569303521,0.4754822166505238,0.9814985057575374,0,True,5.139929226127258e-05
floquet_buffered_three_qubit,1,2.0,0,29.4,-98.5,1.000052569303521,0.4754874241085514,0.981289705485563,0,True,2.9264307835297444e-05
floquet_buffered_three_qubit,1,2.0,0,29.549999999999997,-98.5,1.000052569303521,0.4754925593388629,0.9810838014936268,0,True,1.2340145671471101e-06
floquet_buffered_three_qubit,1,2.0,0,29.7,-98.5,1.000052569303521,0.47549762452396194,0.9808807062626214,0,True,-3.0311563398252457e-05
floquet_buffered_three_qubit,1,2.0,0,29.849999999999998,-98.5,1.000052569303521,0.475502621241914,0.9806803565096057,0,True,-6.263597197242896e-05
floquet_buffered_three_qubit,1,2.0,0,30.0,-98.5,1.000052569303521,0.47550755041314013,0.9804827153210588,0,True,-9.288528585569934e-05
floquet_buffered_three_qubit,1,2.0,0,30.15,-98.5,1.000052569303521,0.47551241230344,0.9802877720315224,0,True,-0.00011833807154409978
floquet_buffered_three_qubit,1,2.0,0,30.299999999999997,-98.5,1.000052569303521,0.4755172067301565,0.9800955339570773,0,True,-0.00013664199538014748
floquet_buffered_three_qubit,1,2.0,0,30.45,-98.5,1.000052569303521,0.47552193309436863,0.9799060251044448,0,True,-0.0001460271867533343
floquet_buffered_three_qubit,1,2.0,0,30.599999999999998,-98.5,1.000052569303521,0.4755265904532021,0.9797192832715392,0,True,-0.00014546825911640273
floquet_buffered_three_qubit,1,2.0,0,30.75,-98.5,1.000052569303521,0.4755311776542708,0.9795353546568449,0,True,-0.00013478456049634822
floquet_buffered_three_qubit,1,2.0,0,30.9,-98.5,1.000052569303521,0.47553569371146853,0.9793542787916327,0,True,-0.00011467128891157411
floquet_buffered_three_qubit,1,2.0,0,31.049999999999997,-98.5,1.000052569303521,0.4755401378668398,0.9791760860592438,0,True,-8.664947936033458e-05
floquet_buffered_three_qubit,1,2.0,0,31.2,-98.5,1.000052569303521,0.47554450972530016,0.9790007922933827,0,True,-5.294126416345879e-05
floquet_buffered_three_qubit,1,2.0,0,31.349999999999998,-98.5,1.000052569303521,0.47554880939718436,0.9788283930625982,0,True,-1.6279034761236313e-05
floquet_buffered_three_qubit,1,2.0,0,31.5,-98.5,1.000052569303521,0.47555303755168876,0.978658861527541,0,True,2.0336253667174285e-05
floquet_buffered_three_qubit,1,2.0,0,31.65,-98.5,1.000052569303521,0.47555719542047054,0.978492148296752,0,True,5.390319741300261e-05
floquet_buffered_three_qubit,1,2.0,0,31.799999999999997,-98.5,1.000052569303521,0.47556128476419646,0.9783281827679899,0,True,8.168876240121823e-05
floquet_buffered_three_qubit,1,2.0,0,31.95,-98.5,1.000052569303521,0.47556530778051764,0.9781668768181435,0,True,0.00010147174405562892
floquet_buffered_three_qubit,1,2.0,0,32.1,-98.5,1.000052569303521,0.475569266958788,0.9780081306284488,0,True,0.00011173646581961193
floquet_buffered_three_qubit,1,2.0,0,32.25,-98.5,1.000052569303521,0.47557316492530805,0.9778518388895794,0,True,0.00011180019462970174
floquet_buffered_three_qubit,1,2.0,0,32.4,-98.5,1.000052569303521,0.4755770042780986,0.9776978974265236,0,True,0.00010186437800007288
floquet_buffered_three_qubit,1,2.0,0,32.55,-98.5,1.000052569303521,0.47558078739944853,0.9775462107145758,0,True,8.298528613356621e-05
floquet_buffered_three_qubit,1,2.0,0,32.699999999999996,-98.5,1.000052569303521,0.47558451630095666,0.9773966980924282,0,True,5.697116607892488e-05
floquet_buffered_three_qubit,1,2.0,0,32.85,-98.5,1.000052569303521,0.47558819251405604,0.9772492981516098,0,True,2.6218000642463955e-05
floquet_buffered_three_qubit,1,2.0,0,33.0,-98.5,1.000052569303521,0.4755918170080609,0.9771039720223597,0,True,-6.502440245725943e-06
floquet_buffered_three_qubit,1,2.0,0,33.15,-98.5,1.000052569303521,0.4755953901405131,0.9769607053644165,0,True,-3.828482304505649e-05
floquet_buffered_three_qubit,1,2.0,0,33.3,-98.5,1.000052569303521,0.4755989116531405,0.9768195085289982,0,True,-6.634119067858984e-05
floquet_buffered_three_qubit,1,2.0,0,33.449999999999996,-98.5,1.000052569303521,0.47560238085616197,0.9766804091689039,0,True,-8.823925322962797e-05
floquet_buffered_three_qubit,1,2.0,0,33.6,-98.5,1.000052569303521,0.47560579670956754,0.9765434489795131,0,True,-0.00010211471057283071
floquet_buffered_three_qubit,1,2.0,0,33.75,-98.5,1.000052569303521,0.4756091578833008,0.9764086812856744,0,True,-0.00010683741407181348
floquet_buffered_three_qubit,1,2.0,0,33.9,-98.5,1.000052569303521,0.47561246288105113,0.9762761660782144,0,True,-0.00010210973615398157
floquet_buffered_three_qubit,1,2.0,0,34.05,-98.5,1.000052569303521,0.4756157103532387,0.976145957464645,0,True,-8.849776433127578e-05
floquet_buffered_three_qubit,1,2.0,0,34.199999999999996,-98.5,1.000052569303521,0.4756188992480405,0.9760180976137512,0,True,-6.73827522767902e-05
floquet_buffered_three_qubit,1,2.0,0,34.35,-98.5,1.000052569303521,0.4756220289077068,0.9758926128938202,0,True,-4.083753949410674e-05
floquet_buffered_three_qubit,1,2.0,0,34.5,-98.5,1.000052569303521,0.4756250992044745,0.9757695084231718,0,True,-1.1436555673630751e-05
floquet_buffered_three_qubit,1,2.0,0,34.65,-98.5,1.000052569303521,0.47562811058472715,0.9756487662996478,0,True,1.798325273852867e-05
floquet_buffered_three_qubit,1,2.0,0,34.8,-98.5,1.000052569303521,0.47563106408214184,0.9755303450735349,0,True,4.458691662036441e-05
floquet_buffered_three_qubit,1,2.0,0,34.949999999999996,-98.5,1.000052569303521,0.47563396127736235,0.9754141813645493,0,True,6.580624769443965e-05
floquet_buffered_three_qubit,1,2.0,0,35.1,-98.5,1.000052569303521,0.47563680418895943,0.9753001942338608,0,True,7.957785995766308e-05
floquet_buffered_three_qubit,1,2.0,0,35.25,-98.5,1.000052569303521,0.47563959513884757,0.975188290580262,0,True,8.453156063688527e-05
floquet_buffered_three_qubit,1,2.0,0,35.4,-98.5,1.000052569303521,0.4756423365978344,0.9750783713329316,0,True,8.011267758697415e-05
floquet_buffered_three_qubit,1,2.0,0,35.55,-98.5,1.000052569303521,0.47564503099976335,0.9749703389034003,0,True,6.662706518858978e-05
floquet_buffered_three_qubit,1,2.0,0,35.699999999999996,-98.5,1.000052569303521,0.4756476805578844,0.974864104548179,0,True,4.520706728935065e-05
floquet_buffered_three_qubit,1,2.0,0,35.85,-98.5,1.000052569303521,0.4756502871255063,0.9747595939558893,0,True,1.7706368360334287e-05
floquet_buffered_three_qubit,1,2.0,0,36.0,-98.5,1.000052569303521,0.4756528520757485,0.9746567520685696,0,True,-1.3466985046901358e-05
floquet_buffered_three_qubit,1,2.0,0,36.15,-98.5,1.000052569303521,0.4756553762107339,0.9745555467225484,0,True,-4.556445673416196e-05
floquet_buffered_three_qubit,1,2.0,0,36.3,-98.5,1.000052569303521,0.47565785973488095,0.974455969719238,0,True,-7.573798124893346e-05
floquet_buffered_three_qubit,1,2.0,0,36.449999999999996,-98.5,1.000052569303521,0.4756603022508319,0.9743580369883306,0,True,-0.0001012878707294666
floquet_buffered_three_qubit,1,2.0,0,36.6,-98.5,1.000052569303521,0.47566270288915785,0.9742617833872125,0,True,-0.00011989879398964035
floquet_buffered_three_qubit,1,2.0,0,36.75,-98.5,1.000052569303521,0.47566506048876267,0.9741672554676425,0,True,-0.00012984603770187277
floquet_buffered_three_qubit,1,2.0,0,36.9,-98.5,1.000052569303521,0.47566737361683326,0.9740745106758137,0,True,-0.00013015637192805924
floquet_buffered_three_qubit,1,2.0,0,37.05,-98.5,1.000052569303521,0.47566964070895495,0.9739836117344215,0,True,-0.00012069838668462959
floquet_buffered_three_qubit,1,2.0,0,37.199999999999996,-98.5,1.000052569303521,0.4756718603052088,0.9738946171763425,0,True,-0.00010220515912485246
floquet_buffered_three_qubit,1,2.0,0,37.35,-98.5,1.000052569303521,0.4756740313114202,0.9738075708699303,0,True,-7.62198055880235e-05
floquet_buffered_three_qubit,1,2.0,0,37.5,-98.5,1.000052569303521,0.47567615304996846,0.9737224999818361,0,True,-4.496343896452084e-05
floquet_buffered_three_qubit,1,2.0,0,37.65,-98.5,1.000052569303521,0.47567822538094773,0.973639410119105,0,True,-1.1138694351173012e-05
floquet_buffered_three_qubit,1,2.0,0,37.8,-98.5,1.000052569303521,0.4756802487615862,0.9735582829468362,0,True,2.231334862435177e-05
floquet_buffered_three_qubit,1,2.0,0,37.949999999999996,-98.5,1.000052569303521,0.47568222426027174,0.9734790756258608,0,True,5.248059116752132e-05
floquet_buffered_three_qubit,1,2.0,0,38.1,-98.5,1.000052569303521,0.4756841534960814,0.973401723237346,0,True,7.674526579861963e-05
floquet_buffered_three_qubit,1,2.0,0,38.25,-98.5,1.000052569303521,0.475686038534713,0.9733261429554304,0,True,9.302045527983388e-05
floquet_buffered_three_qubit,1,2.0,0,38.4,-98.5,1.000052569303521,0.4756878817570234,0.9732522393181859,0,True,9.993596019140635e-05
floquet_buffered_three_qubit,1,2.0,0,38.55,-98.5,1.000052569303521,0.4756896856888465,0.9731799110510442,0,True,9.695615153104743e-05
floquet_buffered_three_qubit,1,2.0,0,38.699999999999996,-98.5,1.000052569303521,0.475691452803613,0.9731090589807062,0,True,8.441937860905693e-05
floquet_buffered_three_qubit,1,2.0,0,38.85,-98.5,1.000052569303521,0.4756931853606588,0.9730395925181277,0,True,6.350055307166662e-05
floquet_buffered_three_qubit,1,2.0,0,39.0,-98.5,1.000052569303521,0.4756948852538271,0.9729714357287463,0,True,3.6101157425978454e-05
floquet_buffered_three_qubit,1,2.0,0,39.15,-98.5,1.000052569303521,0.47569655387912946,0.9729045326385513,0,True,4.677536405909584e-06
floquet_buffered_three_qubit,1,2.0,0,39.3,-98.5,1.000052569303521,0.47569819205047736,0.9728388506127722,0,True,-2.797607634380343e-05
floquet_buffered_three_qubit,1,2.0,0,39.449999999999996,-98.5,1.000052569303521,0.47569979995141315,0.9727743822911603,0,True,-5.8969707338751804e-05
floquet_buffered_three_qubit,1,2.0,0,39.6,-98.5,1.000052569303521,0.475701377214231,0.9727111424156267,0,True,-8.556573011457646e-05
floquet_buffered_three_qubit,1,2.0,0,39.75,-98.5,1.000052569303521,0.4757029230381787,0.9726491630909391,0,True,-0.00010541554943496236
floquet_buffered_three_qubit,1,2.0,0,39.9,-98.5,1.000052569303521,0.4757044362246011,0.9725884923756342,0,True,-0.00011676976051620858
floquet_buffered_three_qubit,1,2.0,0,40.05,-98.5,1.000052569303521,0.47570591532714046,0.9725291882597743,0,True,-0.00011863125446206668
floquet_buffered_three_qubit,1,2.0,0,40.199999999999996,-98.5,1.000052569303521,0.4757073588026119,0.9724713126156239,0,True,-0.00011084700090277447
floquet_buffered_three_qubit,1,2.0,0,40.35,-98.5,1.000052569303521,0.47570876520792965,0.9724149233019715,0,True,-9.412799731179958e-05
floquet_buffered_three_qubit,1,2.0,0,40.5,-98.5,1.000052569303521,0.4757101334680595,0.9723600634206878,0,True,-6.999344785236418e-05
floquet_buffered_three_qubit,1,2.0,0,40.65,-98.5,1.000052569303521,0.4757114629330983,0.9723067590281633,0,True,-4.0635681798589896e-05
floquet_buffered_three_qubit,1,2.0,0,40.8,-98.5,1.000052569303521,0.47571275348773845,0.9722550147464005,0,True,-8.72312506494737e-06
floquet_buffered_three_qubit,1,2.0,0,40.949999999999996,-98.5,1.000052569303521,0.47571400562465616,0.9722048108205719,0,True,2.2843225184454946e-05
floquet_buffered_three_qubit,1,2.0,0,41.1,-98.5,1.000052569303521,0.4757152204428219,0.9721561031867855,0,True,5.1196983548240494e-05
floquet_buffered_three_qubit,1,2.0,0,41.25,-98.5,1.000052569303521,0.4757163995832125,0.9721088260497119,0,True,7.376990806700771e-05
floquet_buffered_three_qubit,1,2.0,0,41.4,-98.5,1.000052569303521,0.4757175451336031,0.9720628956999298,0,True,8.852620413232788e-05
floquet_buffered_three_qubit,1,2.0,0,41.55,-98.5,1.000052569303521,0.4757186594899281,0.9720182160726105,0,True,9.414541198921771e-05
floquet_buffered_three_qubit,1,2.0,0,41.699999999999996,-98.5,1.000052569303521,0.4757197451665322,0.9719746863554231,0,True,9.013568957469722e-05
floquet_buffered_three_qubit,1,2.0,0,41.85,-98.5,1.000052569303521,0.4757208046252908,0.9719322078398834,0,True,7.687095499150443e-05
floquet_buffered_three_qubit,1,2.0,0,42.0,-98.5,1.000052569303521,0.4757218401065887,0.9718906906981559,0,True,5.555026085937447e-05
floquet_buffered_three_qubit,1,2.0,0,42.15,-98.5,1.000052569303521,0.4757228534688688,0.9718500604162775,0,True,2.8084651776283424e-05
floquet_buffered_three_qubit,1,2.0,0,42.3,-98.5,1.000052569303521,0.47572384605615,0.9718102631059352,0,True,-3.0770553678562336e-06
floquet_buffered_three_qubit,1,2.0,0,42.449999999999996,-98.5,1.000052569303521,0.47572481863981514,0.9717712678384299,0,True,-3.516395228889008e-05
floquet_buffered_three_qubit,1,2.0,0,42.6,-98.5,1.000052569303521,0.47572577136639915,0.9717330687380621,0,True,-6.532554817789379e-05
floquet_buffered_three_qubit,1,2.0,0,42.75,-98.5,1.000052569303521,0.47572670378715665,0.9716956837966085,0,True,-9.087971849474233e-05
floquet_buffered_three_qubit,1,2.0,0,42.9,-98.5,1.000052569303521,0.4757276150625884,0.9716591466729131,0,True,-0.00010954629608721055
floquet_buffered_three_qubit,1,2.0,0,43.05,-98.5,1.000052569303521,0.4757285039848891,0.9716235057928547,0,True,-0.00011965215297336148
floquet_buffered_three_qubit,1,2.0,0,43.199999999999996,-98.5,1.000052569303521,0.4757293690574483,0.9715888211617703,0,True,-0.00012028052641246017
floquet_buffered_three_qubit,1,2.0,0,43.35,-98.5,1.000052569303521,0.4757302086575294,0.9715551578419319,0,True,-0.0001113578138895172
floquet_buffered_three_qubit,1,2.0,0,43.5,-98.5,1.000052569303521,0.4757310214177896,0.9715225706557159,0,True,-9.36704881410532e-05
floquet_buffered_three_qubit,1,2.0,0,43.65,-98.5,1.000052569303521,0.47573180625738337,0.9714911029385196,0,True,-6.879983017522073e-05
floquet_buffered_three_qubit,1,2.0,0,43.8,-98.5,1.000052569303521,0.47573256253388463,0.9714607804475509,0,True,-3.898422509279829e-05
floquet_buffered_three_qubit,1,2.0,0,43.949999999999996,-98.5,1.000052569303521,0.47573329016041,0.9714316066658436,0,True,-6.918606141085882e-06
floquet_buffered_three_qubit,1,2.0,0,44.1,-98.5,1.000052569303521,0.4757339896634774,0.9714035604824681,0,True,2.4491531708818105e-05
floquet_buffered_three_qubit,1,2.0,0,44.25,-98.5,1.000052569303521,0.47573466216447385,0.9713765969355905,0,True,5.239750932310018e-05
floquet_buffered_three_qubit,1,2.0,0,44.4,-98.5,1.000052569303521,0.47573530932727376,0.9713506493126937,0,True,7.426929657490793e-05
floquet_buffered_three_qubit,1,2.0,0,44.55,-98.5,1.000052569303521,0.47573593325991964,0.9713256330926529,0,True,8.812694618426889e-05
floquet_buffered_three_qubit,1,2.0,0,44.699999999999996,-98.5,1.000052569303521,0.47573653635010293,0.9713014525420302,0,True,9.271802208098101e-05
floquet_buffered_three_qubit,1,2.0,0,44.85,-98.5,1.000052569303521,0.47573712109647615,0.9712780074785274,0,True,8.762615389871719e-05
floquet_buffered_three_qubit,1,2.0,0,45.0,-98.5,1.000052569303521,0.4757376899339086,0.971255200277252,0,True,7.330274691469152e-05
floquet_buffered_three_qubit,1,2.0,0,45.15,-98.5,1.000052569303521,0.4757382450569536,0.971232942948679,0,True,5.10206322247693e-05
floquet_buffered_three_qubit,1,2.0,0,45.3,-98.5,1.000052569303521,0.47573878824622606,0.9712111640999557,0,True,2.2754660598714042e-05
floquet_buffered_three_qubit,1,2.0,0,45.449999999999996,-98.5,1.000052569303521,0.47573932076794945,0.9711898129624585,0,True,-8.994054831840505e-06
floquet_buffered_three_qubit,1,2.0,0,45.6,-98.5,1.000052569303521,0.4757398433016842,0.9711688622894968,0,True,-4.1417474236114395e-05
floquet_buffered_three_qubit,1,2.0,0,45.75,-98.5,1.000052569303521,0.4757403558973494,0.9711483100794686,0,True,-7.164457648371616e-05
floquet_buffered_three_qubit,1,2.0,0,45.9,-98.5,1.000052569303521,0.4757408579818486,0.9711281793102076,0,True,-9.69910577815642e-05
floquet_buffered_three_qubit,1,2.0,0,46.05,-98.5,1.000052569303521,0.47574134858287753,0.9711085089655273,0,True,-0.00011519045839843167
floquet_buffered_three_qubit,1,2.0,0,46.199999999999996,-98.5,1.000052569303521,0.4757418263769432,0.9710893521099165,0,True,-0.00012459631401354318
floquet_buffered_three_qubit,1,2.0,0,46.35,-98.5,1.000052569303521,0.47574228976334465,0.9710707729223342,0,True,-0.00012433112524623324
floquet_buffered_three_qubit,1,2.0,0,46.5,-98.5,1.000052569303521,0.475742737015822,0.9710528406159233,0,True,-0.00011436869522257067
floquet_buffered_three_qubit,1,2.0,0,46.65,-98.5,1.000052569303521,0.47574316662625366,0.9710356156576914,0,True,-9.554609521455718e-05
floquet_buffered_three_qubit,1,2.0,0,46.8,-98.5,1.000052569303521,0.4757435774065615,0.9710191456827008,0,True,-6.949510941905387e-05
floquet_buffered_three_qubit,1,2.0,0,46.949999999999996,-98.5,1.000052569303521,0.475743968598204,0.9710034611040005,0,True,-3.85007426526539e-05
floquet_buffered_three_qubit,1,2.0,0,47.1,-98.5,1.000052569303521,0.47574434001054466,0.9709885695648612,0,True,-5.2974685828661465e-06
floquet_buffered_three_qubit,1,2.0,0,47.25,-98.5,1.000052569303521,0.4757446920504613,0.9709744547516059,0,True,2.7179469095043624e-05
floquet_buffered_three_qubit,1,2.0,0,47.4,-98.5,1.000052569303521,0.4757450257189099,0.9709610765313987,0,True,5.6062013507755555e-05
floquet_buffered_three_qubit,1,2.0,0,47.55,-98.5,1.000052569303521,0.4757453425617922,0.9709483729221763,0,True,7.881130815106103e-05
floquet_buffered_three_qubit,1,2.0,0,47.699999999999996,-98.5,1.000052569303521,0.475745644550232,0.9709362648928846,0,True,9.344738004111807e-05
floquet_buffered_three_qubit,1,2.0,0,47.85,-98.5,1.000052569303521,0.4757459339296508,0.9709246624147225,0,True,9.872438340250552e-05
floquet_buffered_three_qubit,1,2.0,0,48.0,-98.5,1.000052569303521,0.4757462130550443,0.9709134710656081,0,True,9.423670157082266e-05
floquet_buffered_three_qubit,1,2.0,0,48.15,-98.5,1.000052569303521,0.4757464842142418,0.9709025991164624,0,True,8.044767813108213e-05
floquet_buffered_three_qubit,1,2.0,0,48.3,-98.5,1.000052569303521,0.47574674942997663,0.9708919654670879,0,True,5.863846447255026e-05
floquet_buffered_three_qubit,1,2.0,0,48.449999999999996,-98.5,1.000052569303521,0.4757470103235018,0.9708815051143849,0,True,3.078829781420908e-05
floquet_buffered_three_qubit,1,2.0,0,48.6,-98.5,1.000052569303521,0.47574726800339545,0.9708711736106259,0,True,-6.038071812879218e-07
floquet_buffered_three_qubit,1,2.0,0,48.75,-98.5,1.000052569303521,0.4757475229894298,0.9708609501158694,0,True,-3.2739623513275285e-05
floquet_buffered_three_qubit,1,2.0,0,48.9,-98.5,1.000052569303521,0.4757477751831313,0.97085083857833,0,True,-6.276704687953059e-05
floquet_buffered_three_qubit,1,2.0,0,49.05,-98.5,1.000052569303521,0.4757480238775669,0.9708408673420063,0,True,-8.802710683987908e-05
floquet_buffered_three_qubit,1,2.0,0,49.199999999999996,-98.5,1.000052569303521,0.47574826793629466,0.9708310819717371,0,True,-0.00010628499754583473
floquet_buffered_three_qubit,1,2.0,0,49.35,-98.5,1.000052569303521,0.4757485059255717,0.9708215399524548,0,True,-0.00011592772519313401
floquet_buffered_three_qubit,1,2.0,0,49.5,-98.5,1.000052569303521,0.47574873615534674,0.9708123090455828,0,True,-0.00011611296638423957
floquet_buffered_three_qubit,1,2.0,0,49.65,-98.5,1.000052569303521,0.4757489568369662,0.9708034609659284,0,True,-0.00010684506605196945
floquet_buffered_three_qubit,1,2.0,0,49.8,-98.5,1.000052569303521,0.4757491663538132,0.9707950605305967,0,True,-8.8982969427928e-05
floquet_buffered_three_qubit,1,2.0,0,49.949999999999996,-98.5,1.000052569303521,0.4757493634590293,0.970787157731465,0,True,-6.41690830893303e-05
floquet_buffered_three_qubit,1,2.0,0,50.1,-98.5,1.000052569303521,0.4757495473511719,0.9707797847017721,0,True,-3.4684379089892305e-05
floquet_buffered_three_qubit,1,2.0,0,50.25,-98.5,1.000052569303521,0.4757497177871045,0.9707729511898534,0,True,-3.2414932664320386e-06
floquet_buffered_three_qubit,1,2.0,0,50.4,-98.5,1.000052569303521,0.47574987512214906,0.970766642949263,0,True,2.726408588147676e-05
floquet_buffered_three_qubit,1,2.0,0,50.55,-98.5,1.000052569303521,0.4757500203106727,0.9707608217152613,0,True,5.402134156552897e-05
floquet_buffered_three_qubit,1,2.0,0,50.699999999999996,-98.5,1.000052569303521,0.47575015483953115,0.9707554278733518,0,True,7.456338619520364e-05
floquet_buffered_three_qubit,1,2.0,0,50.85,-98.5,1.000052569303521,0.47575028060679164,0.9707503853217997,0,True,8.699302798636039e-05
floquet_buffered_three_qubit,1,2.0,0,51.0,-98.5,1.000052569303521,0.4757503997781526,0.9707456072284093,0,True,9.015345081259697e-05
floquet_buffered_three_qubit,1,2.0,0,51.15,-98.5,1.000052569303521,0.4757505146222017,0.9707410026357001,0,True,8.372922235915066e-05
floquet_buffered_three_qubit,1,2.0,0,51.3,-98.5,1.000052569303521,0.4757506273051026,0.9707364846928327,0,True,6.826760835169714e-05
floquet_buffered_three_qubit,1,2.0,0,51.449999999999996,-98.5,1.000052569303521,0.47575073972630033,0.970731977242872,0,True,4.5123910184408245e-05
floquet_buffered_three_qubit,1,2.0,0,51.6,-98.5,1.000052569303521,0.4757508533761514,0.9707274205310066,0,True,1.633710101775689e-05
floquet_buffered_three_qubit,1,2.0,0,51.75,-98.5,1.000052569303521,0.4757509692205988,0.9707227758284331,0,True,-1.555200711427491e-05
floquet_buffered_three_qubit,1,2.0,0,51.9,-98.5,1.000052569303521,0.47575108761531404,0.9707180288747469,0,True,-4.7725193212277904e-05
floquet_buffered_three_qubit,1,2.0,0,52.05,-98.5,1.000052569303521,0.47575120826962586,0.9707131913242252,0,True,-7.733140176827821e-05
floquet_buffered_three_qubit,1,2.0,0,52.199999999999996,-98.5,1.000052569303521,0.47575133037153916,0.9707082957332427,0,True,-0.00010173199212879505
floquet_buffered_three_qubit,1,2.0,0,52.35,-98.5,1.000052569303521,0.4757514526732284,0.9707033921325038,0,True,-0.00011873143872569671
floquet_buffered_three_qubit,1,2.0,0,52.5,-98.5,1.000052569303521,0.4757515735432658,0.970698545932956,0,True,-0.00012677614637899765
floquet_buffered_three_qubit,1,2.0,0,52.65,-98.5,1.000052569303521,0.4757516911380362,0.9706938310530558,0,True,-0.00012509329513847657
floquet_buffered_three_qubit,1,2.0,0,52.8,-98.5,1.000052569303521,0.47575180355419494,0.9706893238060617,0,True,-0.00011376557973691141
floquet_buffered_three_qubit,1,2.0,0,52.949999999999996,-98.5,1.000052569303521,0.4757519090285366,0.9706850948864446,0,True,-9.373275549991907e-05
floquet_buffered_three_qubit,1,2.0,0,53.1,-98.5,1.000052569303521,0.4757520061972579,0.970681198974914,0,True,-6.67173990906454e-05
floquet_buffered_three_qubit,1,2.0,0,53.25,-98.5,1.000052569303521,0.47575209414319086,0.9706776728446573,0,True,-3.507346015605365e-05
floquet_buffered_three_qubit,1,2.0,0,53.4,-98.5,1.000052569303521,0.47575217250220303,0.9706745310952898,0,True,-1.5761470518859727e-06
floquet_buffered_three_qubit,1,2.0,0,53.55,-98.5,1.000052569303521,0.4757522415160858,0.9706717640323426,0,True,3.082948235388607e-05
floquet_buffered_three_qubit,1,2.0,0,53.699999999999996,-98.5,1.000052569303521,0.47575230202741686,0.9706693378732365,0,True,5.9297514781881054e-05
floquet_buffered_three_qubit,1,2.0,0,53.85,-98.5,1.000052569303521,0.47575235540006616,0.9706671979345577,0,True,8.134054224839735e-05
floquet_buffered_three_qubit,1,2.0,0,54.0,-98.5,1.000052569303521,0.4757524034095773,0.970665273027139,0,True,9.505393663164736e-05
floquet_buffered_three_qubit,1,2.0,0,54.15,-98.5,1.000052569303521,0.4757524481041885,0.970663481028305,0,True,9.928465577293347e-05
floquet_buffered_three_qubit,1,2.0,0,54.3,-98.5,1.000052569303521,0.4757524916123044,0.9706617366011774,0,True,9.372773001305222e-05
floquet_buffered_three_qubit,1,2.0,0,54.449999999999996,-98.5,1.000052569303521,0.47575253596272854,0.9706599584023075,0,True,7.894505691677599e-05
floquet_buffered_three_qubit,1,2.0,0,54.6,-98.5,1.000052569303521,0.47575258292218536,0.9706580755961398,0,True,5.63077132099305e-05
floquet_buffered_three_qubit,1,2.0,0,54.75,-98.5,1.000052569303521,0.4757526338499975,0.9706560336815924,0,True,2.7868651508281292e-05
floquet_buffered_three_qubit,1,2.0,0,54.9,-98.5,1.000052569303521,0.4757526895687536,0.9706537996775675,0,True,-3.823252093430436e-06
floquet_buffered_three_qubit,1,2.0,0,55.05,-98.5,1.000052569303521,0.4757527503125556,0.970651364197916,0,True,-3.5946920327388325e-05
floquet_buffered_three_qubit,1,2.0,0,55.199999999999996,-98.5,1.000052569303521,0.4757528156866921,0.9706487430683182,0,True,-6.565458153516379e-05
floquet_buffered_three_qubit,1,2.0,0,55.35,-98.5,1.000052569303521,0.4757528847365654,0.9706459745627002,0,True,-9.031781134741634e-05
floquet_buffered_three_qubit,1,2.0,0,55.5,-98.5,1.000052569303521,0.475752956132091,0.970643112009857,0,True,-0.00010775659643107371
floquet_buffered_three_qubit,1,2.0,0,55.65,-98.5,1.000052569303521,0.4757530281914688,0.9706402228403744,0,True,-0.00011643551103949304
floquet_buffered_three_qubit,1,2.0,0,55.8,-98.5,1.000052569303521,0.47575309896910434,0.9706373850614731,0,True,-0.00011559907323102216
floquet_buffered_three_qubit,1,2.0,0,55.949999999999996,-98.5,1.000052569303521,0.4757531664622971,0.9706346789700036,0,True,-0.00010534420873561312
floquet_buffered_three_qubit,1,2.0,0,56.1,-98.5,1.000052569303521,0.4757532289483122,0.9706321736377872,0,True,-8.662026939546051e-05
floquet_buffered_three_qubit,1,2.0,0,56.25,-98.5,1.000052569303521,0.47575328501898834,0.9706299255240358,0,True,-6.114782242417056e-05
floquet_buffered_three_qubit,1,2.0,0,56.4,-98.5,1.000052569303521,0.4757533337335964,0.970627972346605,0,True,-3.1266054618023505e-05
floquet_buffered_three_qubit,1,2.0,0,56.55,-98.5,1.000052569303521,0.4757533747140354,0.9706263292651749,0,True,2.7901258798021964e-07
floquet_buffered_three_qubit,1,2.0,0,56.699999999999996,-98.5,1.000052569303521,0.47575340819771317,0.9706249867610429,0,True,3.0586651660558247e-05
floquet_buffered_three_qubit,1,2.0,0,56.85,-98.5,1.000052569303521,0.47575343500873163,0.9706239117924254,0,True,5.6869572528975706e-05
floquet_buffered_three_qubit,1,2.0,0,57.0,-98.5,1.000052569303521,0.4757534564884539,0.970623050578317,0,True,7.671063977188232e-05
floquet_buffered_three_qubit,1,2.0,0,57.15,-98.5,1.000052569303521,0.4757534743911855,0.9706223327810979,0,True,8.828396437424072e-05
floquet_buffered_three_qubit,1,2.0,0,57.3,-98.5,1.000052569303521,0.47575349072066586,0.970621678062262,0,True,9.051835072185983e-05
floquet_buffered_three_qubit,1,2.0,0,57.449999999999996,-98.5,1.000052569303521,0.4757535075485032,0.970621003362164,0,True,8.318876631756365e-05
floquet_buffered_three_qubit,1,2.0,0,57.599999999999994,-98.5,1.000052569303521,0.4757535268430239,0.9706202297621611,0,True,6.69306523772181e-05
floquet_buffered_three_qubit,1,2.0,0,57.75,-98.5,1.000052569303521,0.4757535503043053,0.9706192890988782,0,True,4.317766770667856e-05
floquet_buffered_three_qubit,1,2.0,0,57.9,-98.5,1.000052569303521,0.4757535791989205,0.9706181305899687,0,True,1.4028593034304977e-05
floquet_buffered_three_qubit,1,2.0,0,58.05,-98.5,1.000052569303521,0.47575361425949636,0.9706167248612894,0,True,-1.7939837887034812e-05
floquet_buffered_three_qubit,1,2.0,0,58.199999999999996,-98.5,1.000052569303521,0.4757536556319601,0.9706150660619973,0,True,-4.989837964742179e-05
floquet_buffered_three_qubit,1,2.0,0,58.349999999999994,-98.5,1.000052569303521,0.4757537028405041,0.9706131732692674,0,True,-7.901121142292271e-05
floquet_buffered_three_qubit,1,2.0,0,58.5,-98.5,1.000052569303521,0.4757537548161327,0.9706110893437179,0,True,-0.00010268307698969289
floquet_buffered_three_qubit,1,2.0,0,58.65,-98.5,1.000052569303521,0.47575381013628065,0.9706088713220854,0,True,-0.00011878477307743213
floquet_buffered_three_qubit,1,2.0,0,58.8,-98.5,1.000052569303521,0.4757538670447763,0.9706065896168181,0,True,-0.00012584503179974936
floquet_buffered_three_qubit,1,2.0,0,58.949999999999996,-98.5,1.000052569303521,0.47575392354546503,0.9706043242622997,0,True,-0.00012318397354917077
floquet_buffered_three_qubit,1,2.0,0,59.099999999999994,-98.5,1.000052569303521,0.47575397757111904,0.9706021581425442,0,True,-0.00011097985875984288
floquet_buffered_three_qubit,1,2.0,0,59.25,-98.5,1.000052569303521,0.4757540273371427,0.9706001628096235,0,True,-9.02639753506586e-05
floquet_buffered_three_qubit,1,2.0,0,59.4,-98.5,1.000052569303521,0.47575407139790693,0.9705983962249956,0,True,-6.283391229904969e-05
floquet_buffered_three_qubit,1,2.0,0,59.55,-98.5,1.000052569303521,0.4757541087702246,0.9705968978088265,0,True,-3.109669965252381e-05
floquet_buffered_three_qubit,1,2.0,0,59.699999999999996,-98.5,1.000052569303521,0.47575413905291075,0.9705956836463394,0,True,2.1465528090892478e-06
floquet_buffered_three_qubit,1,2.0,0,59.849999999999994,-98.5,1.000052569303521,0.47575416245354685,0.9705947454146954,0,True,3.3955796748888487e-05
floquet_buffered_three_qubit,1,2.0,0,60.0,-98.5,1.000052569303521,0.4757541797642113,0.970594051356079,0,True,6.152077625983521e-05
floquet_buffered_three_qubit,1,2.0,0,60.15,-98.5,1.000052569303521,0.4757541923005016,0.9705935487225575,0,True,8.241744964515559e-05
floquet_buffered_three_qubit,1,2.0,0,60.3,-98.5,1.000052569303521,0.4757542017818082,0.9705931685764032,0,True,9.482702330193246e-05
floquet_buffered_three_qubit,1,2.0,0,60.449999999999996,-98.5,1.000052569303521,0.47575421016472863,0.9705928324692512,0,True,9.769594506867554e-05
floquet_buffered_three_qubit,1,2.0,0,60.599999999999994,-98.5,1.000052569303521,0.47575421947605645,0.970592459138276,0,True,9.082434946819167e-05
floquet_buffered_three_qubit,1,2.0,0,60.75,-98.5,1.000052569303521,0.4757542316403307,0.9705919714204719,0,True,7.48767316819699e-05
floquet_buffered_three_qubit,1,2.0,0,60.9,-98.5,1.000052569303521,0.4757542482943322,0.9705913036902919,0,True,5.131437877825849e-05
floquet_buffered_three_qubit,1,2.0,0,61.05,-98.5,1.000052569303521,0.4757542706417276,0.970590407687595,0,True,2.225985579478024e-05
floquet_buffered_three_qubit,1,2.0,0,61.199999999999996,-98.5,1.000052569303521,0.47575429936041175,0.9705892562326754,0,True,-9.69199955258345e-06
floquet_buffered_three_qubit,1,2.0,0,61.349999999999994,-98.5,1.000052569303521,0.4757543345403361,0.9705878457190023,0,True,-4.170161410567797e-05
floquet_buffered_three_qubit,1,2.0,0,61.5,-98.5,1.000052569303521,0.4757543756589979,0.9705861970959491,0,True,-7.093220537799267e-05
floquet_buffered_three_qubit,1,2.0,0,61.65,-98.5,1.000052569303521,0.47575442160273906,0.9705843550148392,0,True,-9.479596998701714e-05
floquet_buffered_three_qubit,1,2.0,0,61.8,-98.5,1.000052569303521,0.47575447088706324,0.9705823789954859,0,True,-0.0001111784691400028
floquet_buffered_three_qubit,1,2.0,0,61.949999999999996,-98.5,1.000052569303521,0.4757545217406482,0.9705803400577725,0,True,-0.00011862684106746817
floquet_buffered_three_qubit,1,2.0,0,62.099999999999994,-98.5,1.000052569303521,0.4757545721663942,0.9705783182739743,0,True,-0.00011648345145327354
floquet_buffered_three_qubit,1,2.0,0,62.25,-98.5,1.000052569303521,0.4757546201189236,0.9705763956520275,0,True,-0.0001049473220948548
floquet_buffered_three_qubit,1,2.0,0,62.4,-98.5,1.000052569303521,0.4757546637944419,0.9705746445137576,0,True,-8.506488743129223e-05
floquet_buffered_three_qubit,1,2.0,0,62.55,-98.5,1.000052569303521,0.4757547017723135,0.9705731218185154,0,True,-5.864104649948206e-05
floquet_buffered_three_qubit,1,2.0,0,62.699999999999996,-98.5,1.000052569303521,0.4757547331020262,0.9705718656763962,0,True,-2.8079351062664216e-05
floquet_buffered_three_qubit,1,2.0,0,62.849999999999994,-98.5,1.000052569303521,0.47575475741654316,0.9705708908034713,0,True,3.83589166935768e-06
floquet_buffered_three_qubit,1,2.0,0,63.0,-98.5,1.000052569303521,0.475754774950948,0.9705701877742269,0,True,3.419524251598781e-05
floquet_buffered_three_qubit,1,2.0,0,63.15,-98.5,1.000052569303521,0.47575478652886466,0.9705697235660555,0,True,6.0232047076870656e-05
floquet_buffered_three_qubit,1,2.0,0,63.3,-98.5,1.000052569303521,0.47575479349336186,0.9705694443295946,0,True,7.957700417003357e-05
floquet_buffered_three_qubit,1,2.0,0,63.449999999999996,-98.5,1.000052569303521,0.47575479757239686,0.9705692807836478,0,True,9.047337767824505e-05
floquet_buffered_three_qubit,1,2.0,0,63.599999999999994,-98.5,1.000052569303521,0.47575480072738147,0.9705691542868268,0,True,9.193320290652375e-05
floquet_buffered_three_qubit,1,2.0,0,63.75,-98.5,1.000052569303521,0.47575480498640144,0.9705689835245124,0,True,8.382153307687267e-05
floquet_buffered_three_qubit,1,2.0,0,63.9,-98.5,1.000052569303521,0.4757548122542482,0.9705686921254698,0,True,6.686147657825361e-05
floquet_buffered_three_qubit,1,2.0,0,64.05,-98.5,1.000052569303521,0.4757548241330774,0.9705682158524345,0,True,4.256226709703624e-05
floquet_buffered_three_qubit,1,2.0,0,64.2,-98.5,1.000052569303521,0.4757548417960573,0.9705675076680754,0,True,1.3081610324688077e-05
floquet_buffered_three_qubit,1,2.0,0,64.35,-98.5,1.000052569303521,0.4757548658839754,0.9705665418804863,0,True,-1.8966445901299514e-05
floquet_buffered_three_qubit,1,2.0,0,64.5,-98.5,1.000052569303521,0.4757548964296101,0.9705653171754459,0,True,-5.074146136951536e-05
floquet_buffered_three_qubit,1,2.0,0,64.64999999999999,-98.5,1.000052569303521,0.47575493282711856,0.9705638578437865,0,True,-7.942438693883621e-05
floquet_buffered_three_qubit,1,2.0,0,64.8,-98.5,1.000052569303521,0.4757549739974658,0.9705622071486338,0,True,-0.00010245955799848993
floquet_buffered_three_qubit,1,2.0,0,64.95,-98.5,1.000052569303521,0.4757550184560574,0.9705604246137302,0,True,-0.00011778040773967426
floquet_buffered_three_qubit,1,2.0,0,65.1,-98.5,1.000052569303521,0.47575506437316695,0.9705585836006256,0,True,-0.00012399551519984582
floquet_buffered_three_qubit,1,2.0,0,65.25,-98.5,1.000052569303521,0.47575510965305734,0.9705567681363754,0,True,-0.0001205137262516497
floquet_buffered_three_qubit,1,2.0,0,65.39999999999999,-98.5,1.000052569303521,0.4757551522915113,0.970555058578611,0,True,-0.00010760515996512642
floquet_buffered_three_qubit,1,2.0,0,65.55,-98.5,1.000052569303521,0.4757551905172818,0.9705535259441889,0,True,-8.638464924203325e-05
floquet_buffered_three_qubit,1,2.0,0,65.7,-98.5,1.000052569303521,0.4757552229030582,0.9705522274600862,0,True,-5.871874049967081e-05
floquet_buffered_three_qubit,1,2.0,0,65.85,-98.5,1.000052569303521,0.4757552485298177,0.9705511999738426,0,True,-2.7061597489171915e-05
floquet_buffered_three_qubit,1,2.0,0,66.0,-98.5,1.000052569303521,0.47575526705089355,0.9705504573848134,0,True,5.766614633272865e-06
floquet_buffered_three_qubit,1,2.0,0,66.14999999999999,-98.5,1.000052569303521,0.47575527872733736,0.9705499892263131,0,True,3.683673741794598e-05
floquet_buffered_three_qubit,1,2.0,0,66.3,-98.5,1.000052569303521,0.47575528441355525,0.9705497612415533,0,True,6.33792140545678e-05
floquet_buffered_three_qubit,1,2.0,0,66.45,-98.5,1.000052569303521,0.47575528546958795,0.9705497189006951,0,True,8.303725375525761e-05
floquet_buffered_three_qubit,1,2.0,0,66.6,-98.5,1.000052569303521,0.475755283636508,0.9705497923966986,0,True,9.407949689913617e-05
floquet_buffered_three_qubit,1,2.0,0,66.75,-98.5,1.000052569303521,0.4757552808886739,0.9705499025691017,0,True,9.555312557776748e-05
floquet_buffered_three_qubit,1,2.0,0,66.89999999999999,-98.5,1.000052569303521,0.4757552792544999,0.9705499680901164,0,True,8.736353409046139e-05
floquet_buffered_three_qubit,1,2.0,0,67.05,-98.5,1.000052569303521,0.4757552806184298,0.9705499134043417,0,True,7.027415602433554e-05
floquet_buffered_three_qubit,1,2.0,0,67.2,-98.5,1.000052569303521,0.4757552865686328,0.9705496748352926,0,True,4.583215140517162e-05
floquet_buffered_three_qubit,1,2.0,0,67.35,-98.5,1.000052569303521,0.4757552982596612,0.9705492060920373,0,True,1.62267951669857e-05
floquet_buffered_three_qubit,1,2.0,0,67.5,-98.5,1.000052569303521,0.47575531630149187,0.970548482717998,0,True,-1.590600390492549e-05
floquet_buffered_three_qubit,1,2.0,0,67.64999999999999,-98.5,1.000052569303521,0.4757553407014165,0.9705475044208218,0,True,-4.771539680542675e-05
floquet_buffered_three_qubit,1,2.0,0,67.8,-98.5,1.000052569303521,0.4757553708396298,0.9705462960511583,0,True,-7.638250962871538e-05
floquet_buffered_three_qubit,1,2.0,0,67.95,-98.5,1.000052569303521,0.4757554055840742,0.9705449029980304,0,True,-9.936382423448667e-05
floquet_buffered_three_qubit,1,2.0,0,68.1,-98.5,1.000052569303521,0.4757554434359905,0.9705433853530939,0,True,-0.00011461349685010893
floquet_buffered_three_qubit,1,2.0,0,68.25,-98.5,1.000052569303521,0.4757554825698458,0.9705418163097634,0,True,-0.00012076932425297675
floquet_buffered_three_qubit,1,2.0,0,68.39999999999999,-98.5,1.000052569303521,0.47575552092688184,0.9705402784124448,0,True,-0.00011727293957492426
floquet_buffered_three_qubit,1,2.0,0,68.55,-98.5,1.000052569303521,0.47575555647561835,0.9705388531118506,0,True,-0.00010442696973751606
floquet_buffered_three_qubit,1,2.0,0,68.7,-98.5,1.000052569303521,0.4757555874737987,0.9705376102624902,0,True,-8.33760122027143e-05
floquet_buffered_three_qubit,1,2.0,0,68.85,-98.5,1.000052569303521,0.47575561253530024,0.970536605439925,0,True,-5.600937035556066e-05
floquet_buffered_three_qubit,1,2.0,0,69.0,-98.5,1.000052569303521,0.47575563077211014,0.9705358742483802,0,True,-2.4792961323598188e-05
floquet_buffered_three_qubit,1,2.0,0,69.14999999999999,-98.5,1.000052569303521,0.4757556418732084,0.9705354291579729,0,True,7.453749122864175e-06
floquet_buffered_three_qubit,1,2.0,0,69.3,-98.5,1.000052569303521,0.47575564614328186,0.9705352579525023,0,True,3.781588534456699e-05
floquet_buffered_three_qubit,1,2.0,0,69.45,-98.5,1.000052569303521,0.47575564447132307,0.970535324988467,0,True,6.355147446603874e-05
floquet_buffered_three_qubit,1,2.0,0,69.6,-98.5,1.000052569303521,0.47575563824296435,0.9705355747099496,0,True,8.234253399090114e-05
floquet_buffered_three_qubit,1,2.0,0,69.75,-98.5,1.000052569303521,0.47575562922365083,0.9705359363327226,0,True,9.250506152779899e-05
floquet_buffered_three_qubit,1,2.0,0,69.89999999999999,-98.5,1.000052569303521,0.47575561940408084,0.9705363300411952,0,True,9.313836173429501e-05
floquet_buffered_three_qubit,1,2.0,0,70.05,-98.5,1.000052569303521,0.4757556108019524,0.9705366749372375,0,True,8.419916604795018e-05
floquet_buffered_three_qubit,1,2.0,0,70.2,-98.5,1.000052569303521,0.4757556052939167,0.9705368957778977,0,True,6.649863137175035e-05
floquet_buffered_three_qubit,1,2.0,0,70.35,-98.5,1.000052569303521,0.4757556044547128,0.9705369294251616,0,True,4.16238559814958e-05
floquet_buffered_three_qubit,1,2.0,0,70.5,-98.5,1.000052569303521,0.475755609412582,0.9705367306430268,0,True,1.1792478534617807e-05
floquet_buffered_three_qubit,1,2.0,0,70.64999999999999,-98.5,1.000052569303521,0.4757556207398356,0.9705362764850834,0,True,-2.0345979903755502e-05
floquet_buffered_three_qubit,1,2.0,0,70.8,-98.5,1.000052569303521,0.4757556384190781,0.9705355676487994,0,True,-5.1941076977289224e-05
floquet_buffered_three_qubit,1,2.0,0,70.95,-98.5,1.000052569303521,0.4757556618155677,0.9705346295836788,0,True,-8.018928270952003e-05
floquet_buffered_three_qubit,1,2.0,0,71.1,-98.5,1.000052569303521,0.4757556897369673,0.9705335100956134,0,True,-0.00010257734743399992
floquet_buffered_three_qubit,1,2.0,0,71.25,-98.5,1.000052569303521,0.47575572066975064,0.9705322698683259,0,True,-0.00011710244534884773
floquet_buffered_three_qubit,1,2.0,0,71.39999999999999,-98.5,1.000052569303521,0.47575575278315463,0.9705309823049296,0,True,-0.0001224532443271705
floquet_buffered_three_qubit,1,2.0,0,71.55,-98.5,1.000052569303521,0.4757557840453719,0.9705297288692463,0,True,-0.00011812838540986839
floquet_buffered_three_qubit,1,2.0,0,71.7,-98.5,1.000052569303521,0.47575581240902154,0.9705285916495145,0,True,-0.00010448751774490267
floquet_buffered_three_qubit,1,2.0,0,71.85,-98.5,1.000052569303521,0.47575583615923783,0.9705276394020157,0,True,-8.272964205029051e-05
floquet_buffered_three_qubit,1,2.0,0,72.0,-98.5,1.000052569303521,0.47575585394211606,0.9705269264105588,0,True,-5.4789415457538686e-05
floquet_buffered_three_qubit,1,2.0,0,72.14999999999999,-98.5,1.000052569303521,0.4757558648993394,0.97052648708873,0,True,-2.316613706770795e-05
floquet_buffered_three_qubit,1,2.0,0,72.3,-98.5,1.000052569303521,0.4757558687613902,0.9705263322426384,0,True,9.301945496583385e-06
floquet_buffered_three_qubit,1,2.0,0,72.45,-98.5,1.000052569303521,0.4757558658763471,0.9705264479163243,0,True,3.969749167631692e-05
floquet_buffered_three_qubit,1,2.0,0,72.6,-98.5,1.000052569303521,0.4757558571656357,0.970526797165906,0,True,6.529204227920626e-05
floquet_buffered_three_qubit,1,2.0,0,72.75,-98.5,1.000052569303521,0.47575584404746923,0.9705273231291656,0,True,8.379546515119173e-05
floquet_buffered_three_qubit,1,2.0,0,72.89999999999999,-98.5,1.000052569303521,0.475755828318262,0.9705279537801875,0,True,9.356334731369957e-05
floquet_buffered_three_qubit,1,2.0,0,73.05,-98.5,1.000052569303521,0.47575581197291883,0.9705286091347329,0,True,9.374128448777296e-05
floquet_buffered_three_qubit,1,2.0,0,73.2,-98.5,1.000052569303521,0.47575579703272497,0.9705292081508491,0,True,8.433552479569376e-05
floquet_buffered_three_qubit,1,2.0,0,73.35,-98.5,1.000052569303521,0.4757557853728982,0.9705296756430533,0,True,6.620560143702038e-05
floquet_buffered_three_qubit,1,2.0,0,73.5,-98.5,1.000052569303521,0.4757557785560499,0.9705299489595866,0,True,4.0981452187358907e-05
floquet_buffered_three_qubit,1,2.0,0,73.64999999999999,-98.5,1.000052569303521,0.4757557776771286,0.9705299841992906,0,True,1.0913095346416159e-05
floquet_buffered_three_qubit,1,2.0,0,73.8,-98.5,1.000052569303521,0.4757557832853011,0.9705297593437282,0,True,-2.1328228963742314e-05
floquet_buffered_three_qubit,1,2.0,0,73.95,-98.5,1.000052569303521,0.4757557953365182,0.970529276159016,0,True,-5.288350683356434e-05
floquet_buffered_three_qubit,1,2.0,0,74.1,-98.5,1.000052569303521,0.4757558131763269,0.9705285608849695,0,True,-8.095408837240668e-05
floquet_buffered_three_qubit,1,2.0,0,74.25,-98.5,1.000052569303521,0.4757558355760566,0.9705276627842375,0,True,-0.00010304573764183318
floquet_buffered_three_qubit,1,2.0,0,74.39999999999999,-98.5,1.000052569303521,0.4757558609855216,0.9705266440103847,0,True,-0.0001171855455182939
floquet_buffered_three_qubit,1,2.0,0,74.55,-98.5,1.000052569303521,0.4757558875742017,0.9705255779567709,0,True,-0.00012209949849284046
floquet_buffered_three_qubit,1,2.0,0,74.7,-98.5,1.000052569303521,0.4757559133162567,0.9705245458479713,0,True,-0.00011732966746961803
floquet_buffered_three_qubit,1,2.0,0,74.85,-98.5,1.000052569303521,0.47575593618605944,0.9705236289000241,0,True,-0.00010328049271086119
floquet_buffered_three_qubit,1,2.0,0,75.0,-98.5,1.000052569303521,0.4757559544614646,0.9705228961610782,0,True,-8.119186588399286e-05
floquet_buffered_three_qubit,1,2.0,0,75.14999999999999,-98.5,1.000052569303521,0.4757559668171204,0.9705224007701375,0,True,-5.303240096163293e-05
floquet_buffered_three_qubit,1,2.0,0,75.3,-98.5,1.000052569303521,0.47575597241990514,0.9705221761305979,0,True,-2.1324927157736617e-05
floquet_buffered_three_qubit,1,2.0,0,75.45,-98.5,1.000052569303521,0.4757559710385182,0.9705222315162949,0,True,1.1081704075593537e-05
floquet_buffered_three_qubit,1,2.0,0,75.6,-98.5,1.000052569303521,0.4757559630461201,0.9705225519656231,0,True,4.1273863594495255e-05
floquet_buffered_three_qubit,1,2.0,0,75.75,-98.5,1.000052569303521,0.47575594938955523,0.9705230995155593,0,True,6.654048093766397e-05
floquet_buffered_three_qubit,1,2.0,0,75.89999999999999,-98.5,1.000052569303521,0.4757559315148267,0.9705238161896707,0,True,8.462120655685059e-05
floquet_buffered_three_qubit,1,2.0,0,76.05,-98.5,1.000052569303521,0.4757559112239846,0.970524629736085,0,True,9.391024369625981e-05
floquet_buffered_three_qubit,1,2.0,0,76.2,-98.5,1.000052569303521,0.4757558905123559,0.9705254601536342,0,True,9.359717457671675e-05
floquet_buffered_three_qubit,1,2.0,0,76.35,-98.5,1.000052569303521,0.4757558713978952,0.9705262265339046,0,True,8.373378481710245e-05
floquet_buffered_three_qubit,1,2.0,0,76.5,-98.5,1.000052569303521,0.4757558557459996,0.9705268540851748,0,True,6.522256665108267e-05
floquet_buffered_three_qubit,1,2.0,0,76.64999999999999,-98.5,1.000052569303521,0.47575584508234026,0.9705272816367695,0,True,3.9728136125768965e-05
floquet_buffered_three_qubit,1,2.0,0,76.8,-98.5,1.000052569303521,0.47575584047404906,0.9705274664028235,0,True,9.526121872260825e-06
floquet_buffered_three_qubit,1,2.0,0,76.95,-98.5,1.000052569303521,0.4757558424401167,0.9705273875747851,0,True,-2.269866438188288e-05
floquet_buffered_three_qubit,1,2.0,0,77.1,-98.5,1.000052569303521,0.47575585088625305,0.9705270489331443,0,True,-5.408713134072114e-05
floquet_buffered_three_qubit,1,2.0,0,77.25,-98.5,1.000052569303521,0.47575586508673656,0.9705264795751775,0,True,-8.185559765645923e-05
floquet_buffered_three_qubit,1,2.0,0,77.39999999999999,-98.5,1.000052569303521,0.4757558838790151,0.9705257261125652,0,True,-0.00010353465711387938
floquet_buffered_three_qubit,1,2.0,0,77.55,-98.5,1.000052569303521,0.47575590570801773,0.9705248508947278,0,True,-0.00011718874147478065
floquet_buffered_three_qubit,1,2.0,0,77.7,-98.5,1.000052569303521,0.4757559286895352,0.9705239294676608,0,True,-0.00012158886040392771
floquet_buffered_three_qubit,1,2.0,0,77.85,-98.5,1.000052569303521,0.47575595071983784,0.9705230461788545,0,True,-0.00011632488341903636
floquet_buffered_three_qubit,1,2.0,0,78.0,-98.5,1.000052569303521,0.4757559698571852,0.9705222788809718,0,True,-0.00010185052913363717
floquet_buffered_three_qubit,1,2.0,0,78.14999999999999,-98.5,1.000052569303521,0.4757559844093853,0.9705216954212009,0,True,-7.944914342743591e-05
floquet_buffered_three_qubit,1,2.0,0,78.3,-98.5,1.000052569303521,0.4757559930593421,0.9705213486075428,0,True,-5.112400066341848e-05
floquet_buffered_three_qubit,1,2.0,0,78.45,-98.5,1.000052569303521,0.475755995023732,0.9705212698467698,0,True,-1.9420791392699264e-05
floquet_buffered_three_qubit,1,2.0,0,78.6,-98.5,1.000052569303521,0.4757559901065418,0.9705214669978984,0,True,1.2803922768642265e-05
floquet_buffered_three_qubit,1,2.0,0,78.75,-98.5,1.000052569303521,0.4757559787162562,0.9705219236830304,0,True,4.264432519864954e-05
floquet_buffered_three_qubit,1,2.0,0,78.89999999999999,-98.5,1.000052569303521,0.47575596183998875,0.9705226003245743,0,True,6.741241689093848e-05
floquet_buffered_three_qubit,1,2.0,0,79.05,-98.5,1.000052569303521,0.4757559409500189,0.9705234378925692,0,True,8.488406738671765e-05
floquet_buffered_three_qubit,1,2.0,0,79.2,-98.5,1.000052569303521,0.47575591786404187,0.9705243635078666,0,True,9.349942400699516e-05
floquet_buffered_three_qubit,1,2.0,0,79.35,-98.5,1.000052569303521,0.47575589458912027,0.9705252966987588,0,True,9.250005473072765e-05
floquet_buffered_three_qubit,1,2.0,0,79.5,-98.5,1.000052569303521,0.4757558731510465,0.9705261562425908,0,True,8.19916240735884e-05
floquet_buffered_three_qubit,1,2.0,0,79.64999999999999,-98.5,1.000052569303521,0.4757558553917438,0.9705268682887996,0,True,6.292596296983931e-05
floquet_buffered_three_qubit,1,2.0,0,79.8,-98.5,1.000052569303521,0.4757558428165666,0.9705273724813029,0,True,3.701030874347327e-05
floquet_buffered_three_qubit,1,2.0,0,79.95,-98.5,1.000052569303521,0.4757558364690416,0.9705276269806593,0,True,6.55257285132946e-06
floquet_buffered_three_qubit,1,2.0,0,80.1,-98.5,1.000052569303521,0.4757558368366777,0.9705276122405609,0,True,-2.5742989163962733e-05
floquet_buffered_three_qubit,1,2.0,0,80.25,-98.5,1.000052569303521,0.4757558437926025,0.9705273333478581,0,True,-5.701339835343901e-05
floquet_buffered_three_qubit,1,2.0,0,80.39999999999999,-98.5,1.000052569303521,0.47575585658384345,0.9705268204924391,0,True,-8.448498107309456e-05
floquet_buffered_three_qubit,1,2.0,0,80.55,-98.5,1.000052569303521,0.4757558739919103,0.9705261225287732,0,True,-0.00010571281981681337
floquet_buffered_three_qubit,1,2.0,0,80.7,-98.5,1.000052569303521,0.4757558944381079,0.9705253027534877,0,True,-0.0001187958747186111
floquet_buffered_three_qubit,1,2.0,0,80.85,-98.5,1.000052569303521,0.47575591603793804,0.9705244367241569,0,True,-0.0001225506166385274
floquet_buffered_three_qubit,1,2.0,0,81.0,-98.5,1.000052569303521,0.475755936709872,0.970523607898145,0,True,-0.00011661674834496401
floquet_buffered_three_qubit,1,2.0,0,81.14999999999999,-98.5,1.000052569303521,0.47575595447886937,0.9705228954632461,0,True,-0.00010149816176975219
floquet_buffered_three_qubit,1,2.0,0,81.3,-98.5,1.000052569303521,0.4757559676679543,0.970522366656575,0,True,-7.852519958176294e-05
floquet_buffered_three_qubit,1,2.0,0,81.45,-98.5,1.000052569303521,0.4757559749895842,0.9705220731012035,0,True,-4.974110319895491e-05
floquet_buffered_three_qubit,1,2.0,0,81.6,-98.5,1.000052569303521,0.4757559756833954,0.9705220452833557,0,True,-1.7719815438731605e-05
floquet_buffered_three_qubit,1,2.0,0,81.75,-98.5,1.000052569303521,0.4757559695758665,0.9705222901602371,0,True,1.4667382090625771e-05
floquet_buffered_three_qubit,1,2.0,0,81.89999999999999,-98.5,1.000052569303521,0.47575595710426116,0.9705227902000936,0,True,4.45145650871178e-05
floquet_buffered_three_qubit,1,2.0,0,82.05,-98.5,1.000052569303521,0.4757559392806589,0.9705235048243329,0,True,6.914810935722146e-05
floquet_buffered_three_qubit,1,2.0,0,82.2,-98.5,1.000052569303521,0.47575591758906827,0.9705243745327305,0,True,8.637064581747398e-05
floquet_buffered_three_qubit,1,2.0,0,82.35,-98.5,1.000052569303521,0.4757558938560019,0.9705253260926006,0,True,9.465872034780045e-05
floquet_buffered_three_qubit,1,2.0,0,82.5,-98.5,1.000052569303521,0.47575587009743314,0.9705262786749771,0,True,9.329669320501307e-05
floquet_buffered_three_qubit,1,2.0,0,82.64999999999999,-98.5,1.000052569303521,0.4757558483195705,0.9705271518423971,0,True,8.243362581983348e-05
floquet_buffered_three_qubit,1,2.0,0,82.8,-98.5,1.000052569303521,0.47575583034269264,0.9705278726121276,0,True,6.306227223665864e-05
floquet_buffered_three_qubit,1,2.0,0,82.95,-98.5,1.000052569303521,0.4757558176495162,0.970528381535725,0,True,3.692480378146353e-05
floquet_buffered_three_qubit,1,2.0,0,83.1,-98.5,1.000052569303521,0.47575581125565997,0.9705286378927028,0,True,6.354912237291154e-06
floquet_buffered_three_qubit,1,2.0,0,83.25,-98.5,1.000052569303521,0.4757558116046915,0.9705286238985374,0,True,-2.593042123795722e-05
floquet_buffered_three_qubit,1,2.0,0,83.39999999999999,-98.5,1.000052569303521,0.4757558185413854,0.9705283457768841,0,True,-5.706769074320512e-05
floquet_buffered_three_qubit,1,2.0,0,83.55,-98.5,1.000052569303521,0.4757558312959762,0.9705278343909222,0,True,-8.42952607482408e-05
floquet_buffered_three_qubit,1,2.0,0,83.7,-98.5,1.000052569303521,0.47575584858419906,0.9705271412323108,0,True,-0.00010519267435144352
floquet_buffered_three_qubit,1,2.0,0,83.85,-98.5,1.000052569303521,0.4757558688175433,0.9705263299912215,0,True,-0.00011789366053257652
floquet_buffered_three_qubit,1,2.0,0,84.0,-98.5,1.000052569303521,0.4757558901096909,0.9705254762981915,0,True,-0.0001212560783976525
floquet_buffered_three_qubit,1,2.0,0,84.14999999999999,-98.5,1.000052569303521,0.4757559104098427,0.9705246623785053,0,True,-0.00011496474080462758
floquet_buffered_three_qubit,1,2.0,0,84.3,-98.5,1.000052569303521,0.4757559277172508,0.9705239684506917,0,True,-9.956678249939957e-05
floquet_buffered_three_qubit,1,2.0,0,84.45,-98.5,1.000052569303521,0.4757559403886817,0.9705234603989733,0,True,-7.643213497015131e-05
floquet_buffered_three_qubit,1,2.0,0,84.6,-98.5,1.000052569303521,0.4757559471709109,0.9705231884704731,0,True,-4.7633988222219614e-05
floquet_buffered_three_qubit,1,2.0,0,84.75,-98.5,1.000052569303521,0.47575594733273774,0.9705231819821473,0,True,-1.5763797449099577e-05
floquet_buffered_three_qubit,1,2.0,0,84.89999999999999,-98.5,1.000052569303521,0.4757559407368024,0.9705234464413298,0,True,1.6303889840850645e-05
floquet_buffered_three_qubit,1,2.0,0,85.05,-98.5,1.000052569303521,0.47575592786263926,0.9705239626214446,0,True,4.56751735485223e-05
floquet_buffered_three_qubit,1,2.0,0,85.2,-98.5,1.000052569303521,0.47575590975065307,0.9705246888082325,0,True,6.97029367256026e-05
floquet_buffered_three_qubit,1,2.0,0,85.35,-98.5,1.000052569303521,0.47575588790904083,0.9705255645316397,0,True,8.622854720993103e-05
floquet_buffered_three_qubit,1,2.0,0,85.5,-98.5,1.000052569303521,0.475755864189649,0.970526515543246,0,True,9.377673645264998e-05
floquet_buffered_three_qubit,1,2.0,0,85.64999999999999,-98.5,1.000052569303521,0.47575584061000753,0.9705274609516685,0,True,9.168440832577526e-05
floquet_buffered_three_qubit,1,2.0,0,85.8,-98.5,1.000052569303521,0.47575581916715115,0.9705283206872645,0,True,8.015324288719006e-05
floquet_buffered_three_qubit,1,2.0,0,85.95,-98.5,1.000052569303521,0.47575580167060866,0.9705290221983022,0,True,6.0224954381840055e-05
floquet_buffered_three_qubit,1,2.0,0,86.1,-98.5,1.000052569303521,0.4757557895868002,0.9705295066897427,0,True,3.36830591336678e-05
floquet_buffered_three_qubit,1,2.0,0,86.25,-98.5,1.000052569303521,0.4757557838927647,0.9705297349879211,0,True,2.8900412341627423e-06
floquet_buffered_three_qubit,1,2.0,0,86.39999999999999,-98.5,1.000052569303521,0.47575578499821264,0.9705296906657969,0,True,-2.9421541771590004e-05
floquet_buffered_three_qubit,1,2.0,0,86.55,-98.5,1.000052569303521,0.4757557927178294,0.9705293811534207,0,True,-6.0386919960199823e-05
floquet_buffered_three_qubit,1,2.0,0,86.7,-98.5,1.000052569303521,0.47575580626080183,0.9705288381578743,0,True,-8.725757228808776e-05
floquet_buffered_three_qubit,1,2.0,0,86.85,-98.5,1.000052569303521,0.4757558242892766,0.9705281153194029,0,True,-0.0001076409898836107
floquet_buffered_three_qubit,1,2.0,0,87.0,-98.5,1.000052569303521,0.47575584518711095,0.9705272774360658,0,True,-0.00011971043856531108
floquet_buffered_three_qubit,1,2.0,0,87.14999999999999,-98.5,1.000052569303521,0.4757558670657672,0.9705264002273976,0,True,-0.00012237056425586383
floquet_buffered_three_qubit,1,2.0,0,87.3,-98.5,1.000052569303521,0.47575588788190565,0.9705255656196039,0,True,-0.00011535840760218595
floquet_buffered_three_qubit,1,2.0,0,87.45,-98.5,1.000052569303521,0.47575590563828285,0.9705248536906965,0,True,-9.927353497580645e-05
floquet_buffered_three_qubit,1,2.0,0,87.6,-98.5,1.000052569303521,0.4757559186973163,0.9705243300983372,0,True,-7.553416524753146e-05
floquet_buffered_three_qubit,1,2.0,0,87.75,-98.5,1.000052569303521,0.475755925831782,0.9705240440471754,0,True,-4.62531707366545e-05
floquet_buffered_three_qubit,1,2.0,0,87.89999999999999,-98.5,1.000052569303521,0.4757559263316968,0.9705240240034585,0,True,-1.4050001541174236e-05
floquet_buffered_three_qubit,1,2.0,0,88.05,-98.5,1.000052569303521,0.4757559200956625,0.9705242740326754,0,True,1.818680103706287e-05
floquet_buffered_three_qubit,1,2.0,0,88.2,-98.5,1.000052569303521,0.4757559076294019,0.9705247738582403,0,True,4.756464453904617e-05
floquet_buffered_three_qubit,1,2.0,0,88.35,-98.5,1.000052569303521,0.47575588999471813,0.9705254809079417,0,True,7.145217053494082e-05
floquet_buffered_three_qubit,1,2.0,0,88.5,-98.5,1.000052569303521,0.47575586872390835,0.9705263337454456,0,True,8.771937496001485e-05
floquet_buffered_three_qubit,1,2.0,0,88.64999999999999,-98.5,1.000052569303521,0.4757558456786086,0.9705272577298277,0,True,9.492909205480491e-05
floquet_buffered_three_qubit,1,2.0,0,88.8,-98.5,1.000052569303521,0.4757558228699582,0.9705281722259309,0,True,9.246145248363374e-05
floquet_buffered_three_qubit,1,2.0,0,88.95,-98.5,1.000052569303521,0.4757558022883328,0.970528997431106,0,True,8.056303290776272e-05
floquet_buffered_three_qubit,1,2.0,0,89.1,-98.5,1.000052569303521,0.47575578573294647,0.9705296612071832,0,True,6.031804243780369e-05
floquet_buffered_three_qubit,1,2.0,0,89.25,-98.5,1.000052569303521,0.47575577463829044,0.9705301060392794,0,True,3.3544845507454106e-05
floquet_buffered_three_qubit,1,2.0,0,89.39999999999999,-98.5,1.000052569303521,0.4757557699468767,0.9705302941380758,0,True,2.6308708464688742e-06
floquet_buffered_three_qubit,1,2.0,0,89.55,-98.5,1.000052569303521,0.47575577203937136,0.9705302102410346,0,True,-2.967763601948102e-05
floquet_buffered_three_qubit,1,2.0,0,89.7,-98.5,1.000052569303521,0.4757557806765393,0.9705298639401186,0,True,-6.0515318893100564e-05
floquet_buffered_three_qubit,1,2.0,0,89.85,-98.5,1.000052569303521,0.4757557950067096,0.9705292893824476,0,True,-8.714684985944198e-05
floquet_buffered_three_qubit,1,2.0,0,90.0,-98.5,1.000052569303521,0.4757558137707269,0.9705285370529351,0,True,-0.00010720307031751654
floquet_buffered_three_qubit,1,2.0,0,90.14999999999999,-98.5,1.000052569303521,0.475755835330066,0.9705276726470516,0,True,-0.00011889258710963749
floquet_buffered_three_qubit,1,2.0,0,90.3,-98.5,1.000052569303521,0.4757558577384862,0.9705267741978842,0,True,-0.00012116104992325685
floquet_buffered_three_qubit,1,2.0,0,90.45,-98.5,1.000052569303521,0.4757558788817973,0.970525926472344,0,True,-0.00011378894941439094
floquet_buffered_three_qubit,1,2.0,0,90.6,-98.5,1.000052569303521,0.4757558968674572,0.9705252053505146,0,True,-9.74206936503796e-05
floquet_buffered_three_qubit,1,2.0,0,90.75,-98.5,1.000052569303521,0.4757559100703954,0.9705246759883979,0,True,-7.351231714628792e-05
floquet_buffered_three_qubit,1,2.0,0,90.89999999999999,-98.5,1.000052569303521,0.4757559172772322,0.9705243870355684,0,True,-4.4205536231438594e-05
floquet_buffered_three_qubit,1,2.0,0,91.05,-98.5,1.000052569303521,0.47575591782109217,0.970524365229902,0,True,-1.213674483180116e-05
floquet_buffered_three_qubit,1,2.0,0,91.2,-98.5,1.000052569303521,0.475755911639164,0.970524613089773,0,True,1.9803163680614405e-05
floquet_buffered_three_qubit,1,2.0,0,91.35,-98.5,1.000052569303521,0.47575589926785,0.9705251091085251,0,True,4.87341797088819e-05
floquet_buffered_three_qubit,1,2.0,0,91.5,-98.5,1.000052569303521,0.4757558818026644,0.97052580936232,0,True,7.205162988005501e-05
floquet_buffered_three_qubit,1,2.0,0,91.64999999999999,-98.5,1.000052569303521,0.4757558608036789,0.9705266513012332,0,True,8.766422486194573e-05
floquet_buffered_three_qubit,1,2.0,0,91.8,-98.5,1.000052569303521,0.4757558381401512,0.9705275599787462,0,True,9.418151792355054e-05
floquet_buffered_three_qubit,1,2.0,0,91.95,-98.5,1.000052569303521,0.4757558158287787,0.9705284545368607,0,True,9.103482892962527e-05
floquet_buffered_three_qubit,1,2.0,0,92.1,-98.5,1.000052569303521,0.47575579586164596,0.9705292551044021,0,True,7.852225732364349e-05
floquet_buffered_three_qubit,1,2.0,0,92.25,-98.5,1.000052569303521,0.4757557800201234,0.9705298902586323,0,True,5.777452843872405e-05
floquet_buffered_three_qubit,1,2.0,0,92.39999999999999,-98.5,1.000052569303521,0.4757557697074183,0.9705303037389845,0,True,3.0647515643199424e-05
floquet_buffered_three_qubit,1,2.0,0,92.55,-98.5,1.000052569303521,0.47575576584086166,0.9705304587657384,0,True,-4.444437547328874e-07
floquet_buffered_three_qubit,1,2.0,0,92.7,-98.5,1.000052569303521,0.4757557687702207,0.9705303413152342,0,True,-3.274158366044271e-05
floquet_buffered_three_qubit,1,2.0,0,92.85,-98.5,1.000052569303521,0.47575577822817217,0.9705299621056042,0,True,-6.337993039277052e-05
floquet_buffered_three_qubit,1,2.0,0,93.0,-98.5,1.000052569303521,0.4757557933272355,0.9705293567197318,0,True,-8.964055174863329e-05
floquet_buffered_three_qubit,1,2.0,0,93.14999999999999,-98.5,1.000052569303521,0.47575581276125634,0.9705285775269182,0,True,-0.00010918391854088295
floquet_buffered_three_qubit,1,2.0,0,93.3,-98.5,1.000052569303521,0.47575583487403994,0.9705276909310808,0,True,-0.00012025769634869358
floquet_buffered_three_qubit,1,2.0,0,93.45,-98.5,1.000052569303521,0.4757558577239953,0.9705267747788862,0,True,-0.00012185591015853574
floquet_buffered_three_qubit,1,2.0,0,93.6,-98.5,1.000052569303521,0.47575587921754187,0.9705259130109118,0,True,-0.00011381123594463925
floquet_buffered_three_qubit,1,2.0,0,93.75,-98.5,1.000052569303521,0.47575589744036445,0.9705251823802183,0,True,-9.681898839833276e-05
floquet_buffered_three_qubit,1,2.0,0,93.89999999999999,-98.5,1.000052569303521,0.47575591079085666,0.9705246471020321,0,True,-7.238138672682457e-05
floquet_buffered_three_qubit,1,2.0,0,94.05,-98.5,1.000052569303521,0.4757559180822464,0.9705243547591169,0,True,-4.267762739201466e-05
floquet_buffered_three_qubit,1,2.0,0,94.2,-98.5,1.000052569303521,0.4757559186838407,0.9705243306386327,0,True,-1.0369162014737518e-05
floquet_buffered_three_qubit,1,2.0,0,94.35,-98.5,1.000052569303521,0.4757559125597986,0.9705245761776055,0,True,2.1642794547444992e-05
floquet_buffered_three_qubit,1,2.0,0,94.5,-98.5,1.000052569303521,0.47575590027759757,0.9705250686234388,0,True,5.0483032648072096e-05
floquet_buffered_three_qubit,1,2.0,0,94.64999999999999,-98.5,1.000052569303521,0.47575588296537374,0.9705257627443432,0,True,7.356639358164379e-05
floquet_buffered_three_qubit,1,2.0,0,94.8,-98.5,1.000052569303521,0.47575586219786775,0.9705265954022552,0,True,8.883326039868903e-05
floquet_buffered_three_qubit,1,2.0,0,94.95,-98.5,1.000052569303521,0.4757558398549322,0.9705274912258612,0,True,9.493390405883419e-05
floquet_buffered_three_qubit,1,2.0,0,95.1,-98.5,1.000052569303521,0.47575581796143906,0.9705283690294061,0,True,9.134580568033789e-05
floquet_buffered_three_qubit,1,2.0,0,95.25,-98.5,1.000052569303521,0.475755798503747,0.9705291491712988,0,True,7.841384556877964e-05
floquet_buffered_three_qubit,1,2.0,0,95.39999999999999,-98.5,1.000052569303521,0.4757557832359881,0.9705297613208952,0,True,5.7310955803552114e-05
floquet_buffered_three_qubit,1,2.0,0,95.55,-98.5,1.000052569303521,0.4757557735410102,0.9705301500339282,0,True,2.9928726471429558e-05
floquet_buffered_three_qubit,1,2.0,0,95.7,-98.5,1.000052569303521,0.47575577031050176,0.9705302795587941,0,True,-1.2929322482280476e-06
floquet_buffered_three_qubit,1,2.0,0,95.85,-98.5,1.000052569303521,0.4757557738576649,0.9705301373378905,0,True,-3.3581444951681093e-05
floquet_buffered_three_qubit,1,2.0,0,96.0,-98.5,1.000052569303521,0.4757557838866485,0.9705297352331432,0,True,-6.407403152934024e-05
floquet_buffered_three_qubit,1,2.0,0,96.14999999999999,-98.5,1.000052569303521,0.4757557994923899,0.9705291095323881,0,True,-9.006531807556957e-05
floquet_buffered_three_qubit,1,2.0,0,96.3,-98.5,1.000052569303521,0.4757558193085668,0.9705283150173074,0,True,-0.00010924210231933217
floquet_buffered_three_qubit,1,2.0,0,96.45,-98.5,1.000052569303521,0.4757558416696245,0.9705274184671056,0,True,-0.00011988741734038404
floquet_buffered_three_qubit,1,2.0,0,96.6,-98.5,1.000052569303521,0.47575586463869163,0.9705264975392112,0,True,-0.0001210386720318679
floquet_buffered_three_qubit,1,2.0,0,96.75,-98.5,1.000052569303521,0.4757558861522123,0.9705256349703906,0,True,-0.00011257440724332681
floquet_buffered_three_qubit,1,2.0,0,96.89999999999999,-98.5,1.000052569303521,0.4757559042723695,0.970524908455988,0,True,-9.523379004275027e-05
floquet_buffered_three_qubit,1,2.0,0,97.05,-98.5,1.000052569303521,0.47575591742551143,0.9705243810904205,0,True,-7.055824011283565e-05
floquet_buffered_three_qubit,1,2.0,0,97.2,-98.5,1.000052569303521,0.4757559244641485,0.9705240988814373,0,True,-4.075695557996574e-05
floquet_buffered_three_qubit,1,2.0,0,97.35,-98.5,1.000052569303521,0.4757559247858925,0.9705240859813475,0,True,-8.508455094904745e-06
floquet_buffered_three_qubit,1,2.0,0,97.5,-98.5,1.000052569303521,0.4757559183874762,0.9705243425211504,0,True,2.3283133666424006e-05
floquet_buffered_three_qubit,1,2.0,0,97.64999999999999,-98.5,1.000052569303521,0.47575590587542754,0.9705248441825546,0,True,5.175460005301126e-05
floquet_buffered_three_qubit,1,2.0,0,97.8,-98.5,1.000052569303521,0.4757558884047463,0.9705255446566922,0,True,7.434672364046353e-05
floquet_buffered_three_qubit,1,2.0,0,97.95,-98.5,1.000052569303521,0.4757558675690949,0.9705263800468437,0,True,8.903723774973842e-05
floquet_buffered_three_qubit,1,2.0,0,98.1,-98.5,1.000052569303521,0.4757558452653319,0.9705272742998547,0,True,9.452213835055908e-05
floquet_buffered_three_qubit,1,2.0,0,98.25,-98.5,1.000052569303521,0.47575582352687706,0.9705281458872519,0,True,9.032888860204487e-05
floquet_buffered_three_qubit,1,2.0,0,98.39999999999999,-98.5,1.000052569303521,0.47575580432116515,0.9705289159261846,0,True,7.685082162268476e-05
floquet_buffered_three_qubit,1,2.0,0,98.55,-98.5,1.000052569303521,0.47575578938811647,0.9705295146558197,0,True,5.53052935225961e-05
floquet_buffered_three_qubit,1,2.0,0,98.7,-98.5,1.000052569303521,0.47575578009092134,0.9705298874200422,0,True,2.762015736403597e-05
floquet_buffered_three_qubit,1,2.0,0,98.85,-98.5,1.000052569303521,0.47575577729003327,0.9705299997195955,0,True,-3.7399597878980494e-06
floquet_buffered_three_qubit,1,2.0,0,99.0,-98.5,1.000052569303521,0.4757557812559052,0.9705298407108681,0,True,-3.599220330638933e-05
floquet_buffered_three_qubit,1,2.0,0,99.14999999999999,-98.5,1.000052569303521,0.4757557916252314,0.9705294249603383,0,True,-6.627739580096351e-05
floquet_buffered_three_qubit,1,2.0,0,99.3,-98.5,1.000052569303521,0.4757558074963266,0.970528788620414,0,True,-9.190644572011167e-05
floquet_buffered_three_qubit,1,2.0,0,99.45,-98.5,1.000052569303521,0.4757558275341136,0.9705279852200418,0,True,-0.00011059446611980358
floquet_buffered_three_qubit,1,2.0,0,99.6,-98.5,1.000052569303521,0.4757558500119931,0.9705270839859548,0,True,-0.0001206670151424458
floquet_buffered_three_qubit,1,2.0,0,99.75,-98.5,1.000052569303521,0.47575587296775096,0.9705261635916914,0,True,-0.00012120823775600394
floquet_buffered_three_qubit,1,2.0,0,99.89999999999999,-98.5,1.000052569303521,0.47575589435617244,0.9705253060386315,0,True,-0.00011214717381346917
floquet_buffered_three_qubit,1,2.0,0,100.05,-98.5,1.000052569303521,0.47575591224546054,0.9705245887807573,0,True,-9.427181914276498e-05
floquet_buffered_three_qubit,1,2.0,0,100.2,-98.5,1.000052569303521,0.4757559250853261,0.9705240739757772,0,True,-6.916773615190455e-05
floquet_buffered_three_qubit,1,2.0,0,100.35,-98.5,1.000052569303521,0.4757559317580028,0.9705238064397049,0,True,-3.907796767824042e-05
floquet_buffered_three_qubit,1,2.0,0,100.5,-98.5,1.000052569303521,0.47575593168845987,0.9705238092279783,0,True,-6.702230313657078e-06
floquet_buffered_three_qubit,1,2.0,0,100.64999999999999,-98.5,1.000052569303521,0.4757559249104436,0.9705240809875622,0,True,2.504872424412665e-05
floquet_buffered_three_qubit,1,2.0,0,100.8,-98.5,1.000052569303521,0.47575591206516826,0.9705245960094463,0,True,5.332045770006874e-05
floquet_buffered_three_qubit,1,2.0,0,100.95,-98.5,1.000052569303521,0.47575589433136983,0.9705253070330742,0,True,7.557670189006888e-05
floquet_buffered_three_qubit,1,2.0,0,101.1,-98.5,1.000052569303521,0.47575587332541375,0.970526149251464,0,True,8.983014489560216e-05
floquet_buffered_three_qubit,1,2.0,0,101.25,-98.5,1.000052569303521,0.4757558509641835,0.9705270458085804,0,True,9.482066214880239e-05
floquet_buffered_three_qubit,1,2.0,0,101.39999999999999,-98.5,1.000052569303521,0.4757558292726577,0.9705279155143931,0,True,9.01230444635237e-05
floquet_buffered_three_qubit,1,2.0,0,101.55,-98.5,1.000052569303521,0.47575581021097685,0.9705286797785041,0,True,7.617825140992962e-05
floquet_buffered_three_qubit,1,2.0,0,101.7,-98.5,1.000052569303521,0.4757557955070031,0.9705292693235475,0,True,5.4247308556617896e-05
floquet_buffered_three_qubit,1,2.0,0,101.85,-98.5,1.000052569303521,0.4757557865020974,0.9705296303686398,0,True,2.6293829178402183e-05
floquet_buffered_three_qubit,1,2.0,0,102.0,-98.5,1.000052569303521,0.4757557840168427,0.9705297300131042,0,True,-5.194079260171292e-06
floquet_buffered_three_qubit,1,2.0,0,102.14999999999999,-98.5,1.000052569303521,0.47575578829599735,0.9705295584435373,0,True,-3.742190370199474e-05
floquet_buffered_three_qubit,1,2.0,0,102.3,-98.5,1.000052569303521,0.47575579895909126,0.9705291309146048,0,True,-6.753224789242885e-05
floquet_buffered_three_qubit,1,2.0,0,102.45,-98.5,1.000052569303521,0.47575581504267694,0.9705284860550332,0,True,-9.2852123052433e-05
floquet_buffered_three_qubit,1,2.0,0,102.6,-98.5,1.000052569303521,0.47575583519768627,0.9705276779547192,0,True,-0.00011112543444414206
floquet_buffered_three_qubit,1,2.0,0,102.75,-98.5,1.000052569303521,0.47575585771118284,0.9705267752925928,0,True,-0.00012071555380634605
floquet_buffered_three_qubit,1,2.0,0,102.89999999999999,-98.5,1.000052569303521,0.47575588058757823,0.9705258580803091,0,True,-0.00012075056340201274
floquet_buffered_three_qubit,1,2.0,0,103.05,-98.5,1.000052569303521,0.4757559017254887,0.9705250105713057,0,True,-0.00011120600934223183
floquet_buffered_three_qubit,1,2.0,0,103.2,-98.5,1.000052569303521,0.47575591928753125,0.970524306434104,0,True,-9.291717948287192e-05
floquet_buffered_three_qubit,1,2.0,0,103.35,-98.5,1.000052569303521,0.475755931728714,0.9705238076140172,0,True,-6.750928902901819e-05
floquet_buffered_three_qubit,1,2.0,0,103.5,-98.5,1.000052569303521,0.47575593795148885,0.9705235581164297,0,True,-3.725557904173304e-05
floquet_buffered_three_qubit,1,2.0,0,103.64999999999999,-98.5,1.000052569303521,0.47575593741479505,0.9705235796347744,0,True,-4.873534719115836e-06
floquet_buffered_three_qubit,1,2.0,0,103.8,-98.5,1.000052569303521,0.47575593019324025,0.9705238691777092,0,True,2.6722871772785036e-05
floquet_buffered_three_qubit,1,2.0,0,103.95,-98.5,1.000052569303521,0.4757559169552333,0.9705243999458802,0,True,5.4690961527428946e-05
floquet_buffered_three_qubit,1,2.0,0,104.1,-98.5,1.000052569303521,0.47575589890623393,0.9705251236072557,0,True,7.651994112041842e-05
floquet_buffered_three_qubit,1,2.0,0,104.25,-98.5,1.000052569303521,0.47575587769092825,0.9705259742193617,0,True,9.025972450004492e-05
floquet_buffered_three_qubit,1,2.0,0,104.39999999999999,-98.5,1.000052569303521,0.47575585522940844,0.9705268747975155,0,True,9.469475196925643e-05
floquet_buffered_three_qubit,1,2.0,0,104.55,-98.5,1.000052569303521,0.47575583354582074,0.9705277441850563,0,True,8.94481008849168e-05
floquet_buffered_three_qubit,1,2.0,0,104.7,-98.5,1.000052569303521,0.4757558145953493,0.9705285039903062,0,True,7.500866358364818e-05
floquet_buffered_three_qubit,1,2.0,0,104.85,-98.5,1.000052569303521,0.4757558000939447,0.9705290854134894,0,True,5.268088255139627e-05
floquet_buffered_three_qubit,1,2.0,0,105.0,-98.5,1.000052569303521,0.4757557913453839,0.9705294361806166,0,True,2.446173916260382e-05
floquet_buffered_three_qubit,1,2.0,0,105.14999999999999,-98.5,1.000052569303521,0.47575578914226485,0.9705295245130625,0,True,-7.1377599621749275e-06
floquet_buffered_three_qubit,1,2.0,0,105.3,-98.5,1.000052569303521,0.4757557936997354,0.9705293417846212,0,True,-3.9313285373697405e-05
floquet_buffered_three_qubit,1,2.0,0,105.45,-98.5,1.000052569303521,0.4757558046148115,0.9705289041526497,0,True,-6.921124119946075e-05
floquet_buffered_three_qubit,1,2.0,0,105.6,-98.5,1.000052569303521,0.4757558208786812,0.9705282520647236,0,True,-9.417759747614856e-05
floquet_buffered_three_qubit,1,2.0,0,105.75,-98.5,1.000052569303521,0.47575584110626973,0.9705274410544019,0,True,-0.00011198707391328594
floquet_buffered_three_qubit,1,2.0,0,105.89999999999999,-98.5,1.000052569303521,0.4757558635726835,0.9705265402800248,0,True,-0.00012104234818501071
floquet_buffered_three_qubit,1,2.0,0,106.05,-98.5,1.000052569303521,0.4757558862927749,0.9705256293346377,0,True,-0.00012051827284815345
floquet_buffered_three_qubit,1,2.0,0,106.2,-98.5,1.000052569303521,0.47575590717747107,0.9705247919780746,0,True,-0.00011043994909093372
floquet_buffered_three_qubit,1,2.0,0,106.35,-98.5,1.000052569303521,0.4757559243826737,0.9705241021481092,0,True,-9.168985128497344e-05
floquet_buffered_three_qubit,1,2.0,0,106.5,-98.5,1.000052569303521,0.4757559363921232,0.970523620638051,0,True,-6.593420268901357e-05
floquet_buffered_three_qubit,1,2.0,0,106.64999999999999,-98.5,1.000052569303521,0.4757559421317864,0.9705233905104693,0,True,-3.547732949378054e-05
floquet_buffered_three_qubit,1,2.0,0,106.8,-98.5,1.000052569303521,0.47575594110353664,0.9705234317373896,0,True,-3.055018360137568e-06
floquet_buffered_three_qubit,1,2.0,0,106.95,-98.5,1.000052569303521,0.47575593341269795,0.9705237400959174,0,True,2.841560189728662e-05
floquet_buffered_three_qubit,1,2.0,0,107.1,-98.5,1.000052569303521,0.4757559197579703,0.9705242875721939,0,True,5.6103683571782025e-05
floquet_buffered_three_qubit,1,2.0,0,107.25,-98.5,1.000052569303521,0.4757559013793378,0.9705250244499722,0,True,7.752444276873377e-05
floquet_buffered_three_qubit,1,2.0,0,107.39999999999999,-98.5,1.000052569303521,0.475755879938427,0.9705258841075526,0,True,9.076512842959304e-05
floquet_buffered_three_qubit,1,2.0,0,107.55,-98.5,1.000052569303521,0.4757558573628611,0.970526789258298,0,True,9.465520601129845e-05
floquet_buffered_three_qubit,1,2.0,0,107.7,-98.5,1.000052569303521,0.47575583568073787,0.9705276585871189,0,True,8.886670468185642e-05
floquet_buffered_three_qubit,1,2.0,0,107.85,-98.5,1.000052569303521,0.47575581684727186,0.970528413701123,0,True,7.393729000900462e-05
floquet_buffered_three_qubit,1,2.0,0,108.0,-98.5,1.000052569303521,0.47575580254868544,0.9705289869924579,0,True,5.121379095539935e-05
floquet_buffered_three_qubit,1,2.0,0,108.14999999999999,-98.5,1.000052569303521,0.47575579406397706,0.9705293271806192,0,True,2.272758858595471e-05
floquet_buffered_three_qubit,1,2.0,0,108.3,-98.5,1.000052569303521,0.4757557921592873,0.9705294035477572,0,True,-8.987039434411313e-06
floquet_buffered_three_qubit,1,2.0,0,108.45,-98.5,1.000052569303521,0.47575579701657833,0.9705292087982356,0,True,-4.111550943599183e-05
floquet_buffered_three_qubit,1,2.0,0,108.6,-98.5,1.000052569303521,0.47575580820388674,0.9705287602513092,0,True,-7.080906704413731e-05
floquet_buffered_three_qubit,1,2.0,0,108.75,-98.5,1.000052569303521,0.47575582468863953,0.9705280993072379,0,True,-9.543144689741036e-05
floquet_buffered_three_qubit,1,2.0,0,108.89999999999999,-98.5,1.000052569303521,0.4757558450314644,0.9705272836765996,0,True,-0.00011278783159731913
floquet_buffered_three_qubit,1,2.0,0,109.05,-98.5,1.000052569303521,0.4757558674986798,0.9705263828700841,0,True,-0.00012131957561652194
floquet_buffered_three_qubit,1,2.0,0,109.2,-98.5,1.000052569303521,0.4757558901117712,0.9705254762147816,0,True,-0.00012024851348871663
floquet_buffered_three_qubit,1,2.0,0,109.35,-98.5,1.000052569303521,0.47575591080920837,0.9705246463662343,0,True,-0.00010964841592193915
floquet_buffered_three_qubit,1,2.0,0,109.5,-98.5,1.000052569303521,0.47575592772697356,0.9705239680608615,0,True,-9.044777104037155e-05
floquet_buffered_three_qubit,1,2.0,0,109.64999999999999,-98.5,1.000052569303521,0.4757559393738097,0.9705235010895189,0,True,-6.435304328444711e-05
floquet_buffered_three_qubit,1,2.0,0,109.8,-98.5,1.000052569303521,0.475755944713703,0.9705232869904212,0,True,-3.3699207852251446e-05
floquet_buffered_three_qubit,1,2.0,0,109.95,-98.5,1.000052569303521,0.47575594327915594,0.9705233445075321,0,True,-1.2392408761481827e-06
floquet_buffered_three_qubit,1,2.0,0,110.1,-98.5,1.000052569303521,0.47575593520480197,0.9705236682428233,0,True,3.0107118559657478e-05
floquet_buffered_three_qubit,1,2.0,0,110.25,-98.5,1.000052569303521,0.4757559212244316,0.9705242287755067,0,True,5.7521322789037714e-05
floquet_buffered_three_qubit,1,2.0,0,110.39999999999999,-98.5,1.000052569303521,0.47575590260519635,0.9705249753000742,0,True,7.854469739560982e-05
floquet_buffered_three_qubit,1,2.0,0,110.55,-98.5,1.000052569303521,0.4757558810225193,0.9705258406416664,0,True,9.130150635179034e-05
floquet_buffered_three_qubit,1,2.0,0,110.7,-98.5,1.000052569303521,0.47575585841450274,0.9705267470934981,0,True,9.466589176849445e-05
floquet_buffered_three_qubit,1,2.0,0,110.85,-98.5,1.000052569303521,0.4757558368185337,0.9705276129680304,0,True,8.835854094698815e-05
floquet_buffered_three_qubit,1,2.0,0,111.0,-98.5,1.000052569303521,0.47575581817002066,0.9705283606664797,0,True,7.296365602933621e-05
floquet_buffered_three_qubit,1,2.0,0,111.14999999999999,-98.5,1.000052569303521,0.4757558041336789,0.9705289234433081,0,True,4.986961068023345e-05
floquet_buffered_three_qubit,1,2.0,0,111.3,-98.5,1.000052569303521,0.4757557959663178,0.9705292509076631,0,True,2.1141019713958272e-05
floquet_buffered_three_qubit,1,2.0,0,111.45,-98.5,1.000052569303521,0.4757557944059214,0.9705293134706101,0,True,-1.0665776995415567e-05
floquet_buffered_three_qubit,1,2.0,0,111.6,-98.5,1.000052569303521,0.4757557995872359,0.9705291057296057,0,True,-4.2728701159411295e-05
floquet_buffered_three_qubit,1,2.0,0,111.75,-98.5,1.000052569303521,0.4757558110070771,0.9705286478594496,0,True,-7.22054006823469e-05
floquet_buffered_three_qubit,1,2.0,0,111.89999999999999,-98.5,1.000052569303521,0.47575582766328633,0.9705279800409583,0,True,-9.647749474522523e-05
floquet_buffered_three_qubit,1,2.0,0,112.05,-98.5,1.000052569303521,0.4757558481267792,0.9705271595722249,0,True,-0.0001133799469186034
floquet_buffered_three_qubit,1,2.0,0,112.2,-98.5,1.000052569303521,0.4757558706003736,0.9705262585099472,0,True,-0.00012139641007483619
floquet_buffered_three_qubit,1,2.0,0,112.35,-98.5,1.000052569303521,0.4757558930931723,0.9705253566776952,0,True,-0.00011979474768122332
floquet_buffered_three_qubit,1,2.0,0,112.5,-98.5,1.000052569303521,0.4757559135729204,0.970524535557231,0,True,-0.00010869727011111102
floquet_buffered_three_qubit,1,2.0,0,112.64999999999999,-98.5,1.000052569303521,0.47575593017047973,0.9705238700902776,0,True,-8.907782019822957e-05
floquet_buffered_three_qubit,1,2.0,0,112.8,-98.5,1.000052569303521,0.47575594142451516,0.9705234188679907,0,True,-6.268274679773409e-05
floquet_buffered_three_qubit,1,2.0,0,112.95,-98.5,1.000052569303521,0.4757559463337618,0.9705232220353546,0,True,-3.1875983196640465e-05
floquet_buffered_three_qubit,1,2.0,0,113.1,-98.5,1.000052569303521,0.47575594445908964,0.9705232971989559,0,True,5.738993333600023e-07
floquet_buffered_three_qubit,1,2.0,0,113.25,-98.5,1.000052569303521,0.47575593596992993,0.9705236375655802,0,True,3.1746257031393454e-05
floquet_buffered_three_qubit,1,2.0,0,113.39999999999999,-98.5,1.000052569303521,0.4757559216371589,0.9705242122275074,0,True,5.8836776093167193e-05
floquet_buffered_three_qubit,1,2.0,0,113.55,-98.5,1.000052569303521,0.4757559027504426,0.9705249694765324,0,True,7.941458934608393e-05
floquet_buffered_three_qubit,1,2.0,0,113.7,-98.5,1.000052569303521,0.4757558810037444,0.9705258413944332,0,True,9.164272684466243e-05
floquet_buffered_three_qubit,1,2.0,0,113.85,-98.5,1.000052569303521,0.47575585835414536,0.9705267495134818,0,True,9.444196286756656e-05
floquet_buffered_three_qubit,1,2.0,0,114.0,-98.5,1.000052569303521,0.47575583683370914,0.9705276123595811,0,True,8.758209747856976e-05
floquet_buffered_three_qubit,1,2.0,0,114.14999999999999,-98.5,1.000052569303521,0.47575581836264724,0.9705283529432582,0,True,7.169484992254423e-05
floquet_buffered_three_qubit,1,2.0,0,114.3,-98.5,1.000052569303521,0.47575580459050654,0.9705289051271389,0,True,4.8211119036323234e-05
floquet_buffered_three_qubit,1,2.0,0,114.45,-98.5,1.000052569303521,0.47575579675346946,0.9705292193473941,0,True,1.9229378999084735e-05
floquet_buffered_three_qubit,1,2.0,0,114.6,-98.5,1.000052569303521,0.47575579555019976,0.970529267591609,0,True,-1.2673101239908157e-05
floquet_buffered_three_qubit,1,2.0,0,114.75,-98.5,1.000052569303521,0.47575580108693105,0.9705290456004297,0,True,-4.466644565376562e-05
floquet_buffered_three_qubit,1,2.0,0,114.89999999999999,-98.5,1.000052569303521,0.47575581284210255,0.9705285742854483,0,True,-7.391396328348912e-05
floquet_buffered_three_qubit,1,2.0,0,115.05,-98.5,1.000052569303521,0.47575582975117814,0.970527896328466,0,True,-9.781725618581466e-05
floquet_buffered_three_qubit,1,2.0,0,115.19999999999999,-98.5,1.000052569303521,0.47575585037609336,0.9705270693876239,0,True,-0.0001142431481861865
floquet_buffered_three_qubit,1,2.0,0,115.35,-98.5,1.000052569303521,0.4757558729353903,0.9705261648891669,0,True,-0.00012171683515093017
floquet_buffered_three_qubit,1,2.0,0,115.5,-98.5,1.000052569303521,0.47575589539159574,0.9705252645240954,0,True,-0.00011955238385391107
floquet_buffered_three_qubit,1,2.0,0,115.64999999999999,-98.5,1.000052569303521,0.4757559156788916,0.9705244511198619,0,True,-0.00010792056703440013
floquet_buffered_three_qubit,1,2.0,0,115.8,-98.5,1.000052569303521,0.4757559320134907,0.9705237961961044,0,True,-8.784288880369087e-05
floquet_buffered_three_qubit,1,2.0,0,115.94999999999999,-98.5,1.000052569303521,0.4757559429402805,0.970523358094495,0,True,-6.110548380450453e-05
floquet_buffered_three_qubit,1,2.0,0,116.1,-98.5,1.000052569303521,0.47575594748253697,0.9705231759760549,0,True,-3.010152695232852e-05
floquet_buffered_three_qubit,1,2.0,0,116.25,-98.5,1.000052569303521,0.47575594523208226,0.9705232662063847,0,True,2.3842466554243698e-06
floquet_buffered_three_qubit,1,2.0,0,116.39999999999999,-98.5,1.000052569303521,0.4757559363984331,0.9705236203850583,0,True,3.3429840024615034e-05
floquet_buffered_three_qubit,1,2.0,0,116.55,-98.5,1.000052569303521,0.4757559217803789,0.9705242064852089,0,True,6.0244617730467243e-05
floquet_buffered_three_qubit,1,2.0,0,116.69999999999999,-98.5,1.000052569303521,0.475755902690465,0.9705249718812887,0,True,8.042480389176201e-05
floquet_buffered_three_qubit,1,2.0,0,116.85,-98.5,1.000052569303521,0.47575588084700726,0.9705258476786929,0,True,9.217169243361245e-05
floquet_buffered_three_qubit,1,2.0,0,117.0,-98.5,1.000052569303521,0.4757558582151778,0.9705267550852856,0,True,9.445138998089683e-05
floquet_buffered_three_qubit,1,2.0,0,117.14999999999999,-98.5,1.000052569303521,0.4757558368180764,0.9705276129863635,0,True,8.708142057641154e-05
floquet_buffered_three_qubit,1,2.0,0,117.3,-98.5,1.000052569303521,0.4757558185675329,0.9705283447285182,0,True,7.074023934946488e-05
floquet_buffered_three_qubit,1,2.0,0,117.44999999999999,-98.5,1.000052569303521,0.4757558050999191,0.9705288847026151,0,True,4.690037357099671e-05
floquet_buffered_three_qubit,1,2.0,0,117.6,-98.5,1.000052569303521,0.4757557976183222,0.9705291846717563,0,True,1.7691985678438627e-05
floquet_buffered_three_qubit,1,2.0,0,117.75,-98.5,1.000052569303521,0.47575579678642244,0.9705292180261673,0,True,-1.4287849183714107e-05
floquet_buffered_three_qubit,1,2.0,0,117.89999999999999,-98.5,1.000052569303521,0.4757558026829395,0.970528981609641,0,True,-4.620208520684644e-05
floquet_buffered_three_qubit,1,2.0,0,118.05,-98.5,1.000052569303521,0.47575581476781825,0.9705284970752903,0,True,-7.5220351032114e-05
floquet_buffered_three_qubit,1,2.0,0,118.19999999999999,-98.5,1.000052569303521,0.4757558319203991,0.970527809355142,0,True,-9.876499596897424e-05
floquet_buffered_three_qubit,1,2.0,0,118.35,-98.5,1.000052569303521,0.4757558526785861,0.9705269770708653,0,True,-0.00011473541553849656
floquet_buffered_three_qubit,1,2.0,0,118.5,-98.5,1.000052569303521,0.47575587525159346,0.9705260720227021,0,True,-0.00012169704522479843
floquet_buffered_three_qubit,1,2.0,0,118.64999999999999,-98.5,1.000052569303521,0.47575589762117976,0.9705251751305589,0,True,-0.00011901067479097128
floquet_buffered_three_qubit,1,2.0,0,118.8,-98.5,1.000052569303521,0.47575591771428566,0.9705243695122314,0,True,-0.0001068949431272698
floquet_buffered_three_qubit,1,2.0,0,118.94999999999999,-98.5,1.000052569303521,0.47575593375973746,0.9705237261816244,0,True,-8.641693942944334e-05
floquet_buffered_three_qubit,1,2.0,0,119.1,-98.5,1.000052569303521,0.475755944330677,0.9705233023475659,0,True,-5.940077125948986e-05
floquet_buffered_three_qubit,1,2.0,0,119.25,-98.5,1.000052569303521,0.47575594847428204,0.9705231362127662,0,True,-2.826695885243898e-05
floquet_buffered_three_qubit,1,2.0,0,119.39999999999999,-98.5,1.000052569303521,0.4757559458217493,0.9705232425641175,0,True,4.185637834495449e-06
floquet_buffered_three_qubit,1,2.0,0,119.55,-98.5,1.000052569303521,0.47575593661775517,0.9705236115915028,0,True,3.503601619563761e-05
floquet_buffered_three_qubit,1,2.0,0,119.69999999999999,-98.5,1.000052569303521,0.47575592168870073,0.970524210160977,0,True,6.150934252169862e-05
floquet_buffered_three_qubit,1,2.0,0,119.85,-98.5,1.000052569303521,0.4757559023768391,0.9705249844558866,0,True,8.123111635749441e-05
floquet_buffered_three_qubit,1,2.0,0,120.0,-98.5,1.000052569303521,0.47575588042239597,0.9705258647031696,0,True,9.244269275254495e-05
